0.000000000000000000e+00,0.000000000000000000e+00,0.000000000000000000e+00,0.000000000000000000e+00,0.000000000000000000e+00,0.000000000000000000e+00,0.000000000000000000e+00,0.000000000000000000e+00,0.000000000000000000e+00,0.000000000000000000e+00,0.000000000000000000e+00,0.000000000000000000e+00,0.000000000000000000e+00,0.000000000000000000e+00,0.000000000000000000e+00,0.000000000000000000e+00,0.000000000000000000e+00,0.000000000000000000e+00,0.000000000000000000e+00,0.000000000000000000e+00,0.000000000000000000e+00,0.000000000000000000e+00,0.000000000000000000e+00,0.000000000000000000e+00,0.000000000000000000e+00,0.000000000000000000e+00,0.000000000000000000e+00,0.000000000000000000e+00,0.000000000000000000e+00,0.000000000000000000e+00,0.000000000000000000e+00,0.000000000000000000e+00,0.000000000000000000e+00,0.000000000000000000e+00,0.000000000000000000e+00,1.582616186995539076e-03,7.071220693702576221e-02,3.627208595478322722e-02,1.543021042357526837e-02,3.960235501004628206e-02,2.916237526339238162e-03,6.810653701502586421e-02,2.814749767017782345e-02,5.731779147844498490e-02,1.866227446510222709e-03,3.046191708255923530e-02,4.569748546895505831e-02,5.897035955491079090e-02,6.946596333171746462e-02,9.755779109140341743e-02,9.412140706438608395e-03,3.693879837311959263e-02,7.735023866086870870e-02,1.966560452010070181e-02,5.845658856976481549e-02,5.280371564606659018e-02,3.997815711343002953e-02,4.400780446067535656e-02,4.257711125656979401e-02,1.039057765038777364e-01,2.523227289600441653e-02,5.108974886023131406e-02,3.176805711454107339e-02,8.845825095852126452e-03,2.168259419047405268e-02,4.734915294178818762e-02,9.574716031469984734e-02,7.194544997831738009e-02,3.272531478295521989e-02,4.233979937583630393e-02,1.926064023712232079e-02,1.048025830152044396e-01,3.063487093421246588e-02,4.747986431226984549e-02,2.099148069757608009e-02,0.000000000000000000e+00,0.000000000000000000e+00,0.000000000000000000e+00,0.000000000000000000e+00,0.000000000000000000e+00,0.000000000000000000e+00,0.000000000000000000e+00,0.000000000000000000e+00,0.000000000000000000e+00,0.000000000000000000e+00,0.000000000000000000e+00,0.000000000000000000e+00,0.000000000000000000e+00,0.000000000000000000e+00,0.000000000000000000e+00,0.000000000000000000e+00,0.000000000000000000e+00,0.000000000000000000e+00,0.000000000000000000e+00,0.000000000000000000e+00,0.000000000000000000e+00,0.000000000000000000e+00,0.000000000000000000e+00,0.000000000000000000e+00,0.000000000000000000e+00
0.000000000000000000e+00,0.000000000000000000e+00,0.000000000000000000e+00,0.000000000000000000e+00,0.000000000000000000e+00,0.000000000000000000e+00,0.000000000000000000e+00,0.000000000000000000e+00,0.000000000000000000e+00,0.000000000000000000e+00,0.000000000000000000e+00,0.000000000000000000e+00,0.000000000000000000e+00,0.000000000000000000e+00,0.000000000000000000e+00,0.000000000000000000e+00,0.000000000000000000e+00,0.000000000000000000e+00,0.000000000000000000e+00,0.000000000000000000e+00,0.000000000000000000e+00,0.000000000000000000e+00,0.000000000000000000e+00,0.000000000000000000e+00,0.000000000000000000e+00,0.000000000000000000e+00,0.000000000000000000e+00,0.000000000000000000e+00,0.000000000000000000e+00,0.000000000000000000e+00,0.000000000000000000e+00,0.000000000000000000e+00,0.000000000000000000e+00,0.000000000000000000e+00,0.000000000000000000e+00,1.120002105491729599e-01,2.146064810806569412e-02,6.366973120313873524e-02,5.428162685681044847e-02,4.328551387266967032e-02,6.852521724535048930e-02,5.171486801834202646e-02,7.729634537702533004e-02,2.776562247027968694e-02,4.054119823539035355e-02,3.924981388750971995e-02,4.647042923946916038e-03,5.024922530226584583e-02,7.340509331955319405e-02,1.112254797003507240e-01,2.386679260880005329e-02,1.315772195757056173e-02,1.033923358471877108e-01,7.101708403380121992e-02,6.106461103044155680e-02,5.471099683664872038e-02,2.863629437053195545e-02,1.529459069078791325e-02,8.051606553114984410e-02,2.040782752363694968e-02,3.176024754528716798e-03,4.957683959894654269e-02,4.719163440891591121e-02,4.990773813839328998e-02,2.510936985938140575e-02,5.948588766014543255e-02,4.017920870029575292e-02,7.682723300279255263e-02,9.080600406765476640e-02,4.098139561810287129e-02,7.458967889768826354e-02,5.057089119644475605e-03,2.751104869981529227e-02,1.952992037311152354e-02,4.127879151906199001e-02,0.000000000000000000e+00,0.000000000000000000e+00,0.000000000000000000e+00,0.000000000000000000e+00,0.000000000000000000e+00,0.000000000000000000e+00,0.000000000000000000e+00,0.000000000000000000e+00,0.000000000000000000e+00,0.000000000000000000e+00,0.000000000000000000e+00,0.000000000000000000e+00,0.000000000000000000e+00,0.000000000000000000e+00,0.000000000000000000e+00,0.000000000000000000e+00,0.000000000000000000e+00,0.000000000000000000e+00,0.000000000000000000e+00,0.000000000000000000e+00,0.000000000000000000e+00,0.000000000000000000e+00,0.000000000000000000e+00,0.000000000000000000e+00,0.000000000000000000e+00
0.000000000000000000e+00,0.000000000000000000e+00,0.000000000000000000e+00,0.000000000000000000e+00,0.000000000000000000e+00,0.000000000000000000e+00,0.000000000000000000e+00,0.000000000000000000e+00,0.000000000000000000e+00,0.000000000000000000e+00,0.000000000000000000e+00,0.000000000000000000e+00,0.000000000000000000e+00,0.000000000000000000e+00,0.000000000000000000e+00,0.000000000000000000e+00,0.000000000000000000e+00,0.000000000000000000e+00,0.000000000000000000e+00,0.000000000000000000e+00,0.000000000000000000e+00,0.000000000000000000e+00,0.000000000000000000e+00,0.000000000000000000e+00,0.000000000000000000e+00,0.000000000000000000e+00,0.000000000000000000e+00,0.000000000000000000e+00,0.000000000000000000e+00,0.000000000000000000e+00,0.000000000000000000e+00,0.000000000000000000e+00,0.000000000000000000e+00,0.000000000000000000e+00,0.000000000000000000e+00,3.299065277815487612e-02,3.423418929061521759e-02,6.985434998225870107e-02,2.854940413630087728e-02,4.341447835273998940e-02,1.968907055890869312e-02,3.199330431102945238e-03,1.611111390605379778e-03,3.042440260255370107e-02,5.419904166152576808e-02,7.000082341929936280e-02,5.653748108094806823e-02,5.261976965864771649e-03,1.063029888076689328e-01,3.453415234125669503e-02,3.346759546140522928e-02,1.438848352613966708e-02,4.115584440783422865e-02,6.863031883793713206e-02,9.327809791693358887e-02,1.174124421677260888e-01,5.087946126956276183e-02,5.378944794643832766e-02,7.438955902627936156e-02,5.663706753501103475e-02,1.264738840757531277e-02,2.227561150125191916e-02,5.026919015160558057e-02,2.874066508183707735e-02,6.902504989708085903e-02,8.180162437992172242e-02,5.077590642605636639e-02,4.339974388103268188e-05,4.884702593740811172e-03,2.711047511097432194e-02,5.485117988693487961e-02,4.663746001336626507e-02,3.027761249220797812e-02,3.861291724216777549e-02,2.207824122856708732e-02,0.000000000000000000e+00,0.000000000000000000e+00,0.000000000000000000e+00,0.000000000000000000e+00,0.000000000000000000e+00,0.000000000000000000e+00,0.000000000000000000e+00,0.000000000000000000e+00,0.000000000000000000e+00,0.000000000000000000e+00,0.000000000000000000e+00,0.000000000000000000e+00,0.000000000000000000e+00,0.000000000000000000e+00,0.000000000000000000e+00,0.000000000000000000e+00,0.000000000000000000e+00,0.000000000000000000e+00,0.000000000000000000e+00,0.000000000000000000e+00,0.000000000000000000e+00,0.000000000000000000e+00,0.000000000000000000e+00,0.000000000000000000e+00,0.000000000000000000e+00
0.000000000000000000e+00,0.000000000000000000e+00,0.000000000000000000e+00,0.000000000000000000e+00,0.000000000000000000e+00,0.000000000000000000e+00,0.000000000000000000e+00,0.000000000000000000e+00,0.000000000000000000e+00,0.000000000000000000e+00,0.000000000000000000e+00,0.000000000000000000e+00,0.000000000000000000e+00,0.000000000000000000e+00,0.000000000000000000e+00,0.000000000000000000e+00,0.000000000000000000e+00,0.000000000000000000e+00,0.000000000000000000e+00,0.000000000000000000e+00,0.000000000000000000e+00,0.000000000000000000e+00,0.000000000000000000e+00,0.000000000000000000e+00,0.000000000000000000e+00,0.000000000000000000e+00,0.000000000000000000e+00,0.000000000000000000e+00,0.000000000000000000e+00,0.000000000000000000e+00,0.000000000000000000e+00,0.000000000000000000e+00,0.000000000000000000e+00,0.000000000000000000e+00,0.000000000000000000e+00,1.018478667012663597e-02,4.027743526952620029e-02,4.431290635261340982e-03,5.850135647347454865e-02,4.390740275491074318e-02,3.637519113174939728e-02,5.828230639710642313e-02,2.975951295328742308e-02,3.854994753677351560e-02,2.431865325517676424e-02,7.752699523335584986e-02,4.973162674485714224e-02,3.291105760153018034e-02,3.772517655816095411e-02,2.283109007157251361e-02,2.082290315011755405e-02,1.329250841708840697e-02,5.841017342816313962e-02,2.336308623045645072e-02,4.557396112005271394e-02,4.602425292973451321e-03,6.863021373580713291e-02,5.479782304281933386e-02,5.930895426459206754e-02,3.793752828644292308e-02,5.095498013654518876e-02,4.290537895826244952e-02,1.260233219589349668e-02,4.870930254151523142e-02,5.195361942508878311e-02,7.997240397256769051e-02,1.277330657458451008e-02,3.240597245795952264e-02,2.807194422160884384e-02,2.865356962335877111e-02,1.230734187995304041e-03,4.194841241023021527e-02,7.199413727840449362e-02,5.732304242342606271e-02,3.140556574851405269e-02,0.000000000000000000e+00,0.000000000000000000e+00,0.000000000000000000e+00,0.000000000000000000e+00,0.000000000000000000e+00,0.000000000000000000e+00,0.000000000000000000e+00,0.000000000000000000e+00,0.000000000000000000e+00,0.000000000000000000e+00,0.000000000000000000e+00,0.000000000000000000e+00,0.000000000000000000e+00,0.000000000000000000e+00,0.000000000000000000e+00,0.000000000000000000e+00,0.000000000000000000e+00,0.000000000000000000e+00,0.000000000000000000e+00,0.000000000000000000e+00,0.000000000000000000e+00,0.000000000000000000e+00,0.000000000000000000e+00,0.000000000000000000e+00,0.000000000000000000e+00
0.000000000000000000e+00,0.000000000000000000e+00,0.000000000000000000e+00,0.000000000000000000e+00,0.000000000000000000e+00,0.000000000000000000e+00,0.000000000000000000e+00,0.000000000000000000e+00,0.000000000000000000e+00,0.000000000000000000e+00,0.000000000000000000e+00,0.000000000000000000e+00,0.000000000000000000e+00,0.000000000000000000e+00,0.000000000000000000e+00,0.000000000000000000e+00,0.000000000000000000e+00,0.000000000000000000e+00,0.000000000000000000e+00,0.000000000000000000e+00,0.000000000000000000e+00,0.000000000000000000e+00,0.000000000000000000e+00,0.000000000000000000e+00,0.000000000000000000e+00,0.000000000000000000e+00,0.000000000000000000e+00,0.000000000000000000e+00,0.000000000000000000e+00,0.000000000000000000e+00,0.000000000000000000e+00,0.000000000000000000e+00,0.000000000000000000e+00,0.000000000000000000e+00,0.000000000000000000e+00,1.916754024729279762e-02,3.832990772414270747e-02,8.456833995938670134e-02,6.445625476473057502e-02,4.854568409130125689e-02,2.023728802043320979e-02,5.576782766152511145e-02,6.473804006600004934e-02,6.908561065524741751e-02,3.802248562159253609e-02,1.054317338254290998e-02,2.551379783511675131e-02,9.509696683221632862e-02,7.397756467783768441e-02,3.110828721979872619e-02,4.390229945969380265e-02,2.457131607473120663e-02,7.563141208336104926e-02,2.870649313137496952e-02,7.944374557561006966e-02,7.200730044028573473e-02,3.758414156558011893e-02,3.116039629877264544e-02,4.045314304849229048e-02,6.674929383712611963e-02,8.469560238697321219e-02,3.594754519496726197e-02,3.583322104775570754e-02,5.647267014416098435e-02,5.764086338940868637e-02,7.415381246382587999e-02,6.956142683844009078e-02,3.241459309886114692e-02,3.113262925560529235e-02,2.367124948936160864e-02,7.717005221778810986e-02,7.270750318319343930e-02,1.715255363779179254e-02,3.841569096563506036e-02,4.905911733685653503e-02,0.000000000000000000e+00,0.000000000000000000e+00,0.000000000000000000e+00,0.000000000000000000e+00,0.000000000000000000e+00,0.000000000000000000e+00,0.000000000000000000e+00,0.000000000000000000e+00,0.000000000000000000e+00,0.000000000000000000e+00,0.000000000000000000e+00,0.000000000000000000e+00,0.000000000000000000e+00,0.000000000000000000e+00,0.000000000000000000e+00,0.000000000000000000e+00,0.000000000000000000e+00,0.000000000000000000e+00,0.000000000000000000e+00,0.000000000000000000e+00,0.000000000000000000e+00,0.000000000000000000e+00,0.000000000000000000e+00,0.000000000000000000e+00,0.000000000000000000e+00
0.000000000000000000e+00,0.000000000000000000e+00,0.000000000000000000e+00,0.000000000000000000e+00,0.000000000000000000e+00,0.000000000000000000e+00,0.000000000000000000e+00,0.000000000000000000e+00,0.000000000000000000e+00,0.000000000000000000e+00,0.000000000000000000e+00,0.000000000000000000e+00,0.000000000000000000e+00,0.000000000000000000e+00,0.000000000000000000e+00,0.000000000000000000e+00,0.000000000000000000e+00,0.000000000000000000e+00,0.000000000000000000e+00,0.000000000000000000e+00,0.000000000000000000e+00,0.000000000000000000e+00,0.000000000000000000e+00,0.000000000000000000e+00,0.000000000000000000e+00,0.000000000000000000e+00,0.000000000000000000e+00,0.000000000000000000e+00,0.000000000000000000e+00,0.000000000000000000e+00,0.000000000000000000e+00,0.000000000000000000e+00,0.000000000000000000e+00,0.000000000000000000e+00,0.000000000000000000e+00,3.981777583578159641e-02,5.175053300241732462e-02,6.185939741330576114e-02,6.894191088808905576e-02,4.765787161078443440e-02,7.271983026873747591e-02,3.823988484849062675e-02,1.044734487418281510e-01,2.338390352053692015e-02,7.187294179538561423e-03,8.105691406721804437e-02,1.883725224071697985e-02,7.747052934436809979e-02,3.249419404219277413e-02,1.328028176734940072e-02,4.248846358763052472e-02,2.275367721676545274e-02,5.154933529610911808e-02,1.793172317786220424e-02,3.656078050176433253e-02,5.746802895288978530e-02,6.981770570769832429e-04,8.316311324952156692e-02,1.739973326758172123e-02,3.225661975293183520e-02,1.617520967246119032e-02,3.679572931010709202e-02,3.190543751681775009e-02,7.211499432330653603e-03,4.142483893622718460e-02,5.051532731698225170e-02,9.192188221392172398e-02,4.989793984542639782e-02,3.924875201396036545e-02,9.242874609017062704e-02,4.067306278766802397e-02,1.952344377831306474e-02,1.158507179406869092e-01,1.792257696040036943e-02,5.012574772620311675e-02,0.000000000000000000e+00,0.000000000000000000e+00,0.000000000000000000e+00,0.000000000000000000e+00,0.000000000000000000e+00,0.000000000000000000e+00,0.000000000000000000e+00,0.000000000000000000e+00,0.000000000000000000e+00,0.000000000000000000e+00,0.000000000000000000e+00,0.000000000000000000e+00,0.000000000000000000e+00,0.000000000000000000e+00,0.000000000000000000e+00,0.000000000000000000e+00,0.000000000000000000e+00,0.000000000000000000e+00,0.000000000000000000e+00,0.000000000000000000e+00,0.000000000000000000e+00,0.000000000000000000e+00,0.000000000000000000e+00,0.000000000000000000e+00,0.000000000000000000e+00
0.000000000000000000e+00,0.000000000000000000e+00,0.000000000000000000e+00,0.000000000000000000e+00,0.000000000000000000e+00,0.000000000000000000e+00,0.000000000000000000e+00,0.000000000000000000e+00,0.000000000000000000e+00,0.000000000000000000e+00,0.000000000000000000e+00,0.000000000000000000e+00,0.000000000000000000e+00,0.000000000000000000e+00,0.000000000000000000e+00,0.000000000000000000e+00,0.000000000000000000e+00,0.000000000000000000e+00,0.000000000000000000e+00,0.000000000000000000e+00,0.000000000000000000e+00,0.000000000000000000e+00,0.000000000000000000e+00,0.000000000000000000e+00,0.000000000000000000e+00,0.000000000000000000e+00,0.000000000000000000e+00,0.000000000000000000e+00,0.000000000000000000e+00,0.000000000000000000e+00,0.000000000000000000e+00,0.000000000000000000e+00,0.000000000000000000e+00,0.000000000000000000e+00,0.000000000000000000e+00,4.468984906444388450e-02,1.292447105230476456e-01,2.871507541900721397e-02,7.102745124442824687e-02,5.170535152244448013e-02,1.235408856250787626e-02,3.466532321679394180e-02,3.931156590999684841e-02,9.187567652174093158e-03,3.421347095382052533e-02,1.375648378338006905e-02,9.005710773886499432e-02,6.720697775395866047e-02,5.446710805810835859e-02,1.793347420492289249e-02,7.610288336454454350e-02,4.517737653811837450e-02,4.513158882566548763e-02,3.554215404934384787e-02,1.621886766592943452e-02,7.710629631581075727e-02,5.070260198014098219e-02,4.700970333008225310e-02,2.066584672456227637e-02,5.584403775916131629e-03,4.561100043668819132e-02,5.676027761175782282e-02,4.236618745795088514e-02,2.030281974652073385e-02,7.873325536314854101e-02,4.917487113462153114e-02,3.777719558550958479e-02,4.481910835159994000e-02,4.222198097068659284e-02,6.912572253609805539e-03,8.805592845363090226e-02,7.075551473723429297e-02,3.933041330530822471e-02,1.247766648413455026e-02,4.455812538935839673e-02,0.000000000000000000e+00,0.000000000000000000e+00,0.000000000000000000e+00,0.000000000000000000e+00,0.000000000000000000e+00,0.000000000000000000e+00,0.000000000000000000e+00,0.000000000000000000e+00,0.000000000000000000e+00,0.000000000000000000e+00,0.000000000000000000e+00,0.000000000000000000e+00,0.000000000000000000e+00,0.000000000000000000e+00,0.000000000000000000e+00,0.000000000000000000e+00,0.000000000000000000e+00,0.000000000000000000e+00,0.000000000000000000e+00,0.000000000000000000e+00,0.000000000000000000e+00,0.000000000000000000e+00,0.000000000000000000e+00,0.000000000000000000e+00,0.000000000000000000e+00
0.000000000000000000e+00,0.000000000000000000e+00,0.000000000000000000e+00,0.000000000000000000e+00,0.000000000000000000e+00,0.000000000000000000e+00,0.000000000000000000e+00,0.000000000000000000e+00,0.000000000000000000e+00,0.000000000000000000e+00,0.000000000000000000e+00,0.000000000000000000e+00,0.000000000000000000e+00,0.000000000000000000e+00,0.000000000000000000e+00,0.000000000000000000e+00,0.000000000000000000e+00,0.000000000000000000e+00,0.000000000000000000e+00,0.000000000000000000e+00,0.000000000000000000e+00,0.000000000000000000e+00,0.000000000000000000e+00,0.000000000000000000e+00,0.000000000000000000e+00,0.000000000000000000e+00,0.000000000000000000e+00,0.000000000000000000e+00,0.000000000000000000e+00,0.000000000000000000e+00,0.000000000000000000e+00,0.000000000000000000e+00,0.000000000000000000e+00,0.000000000000000000e+00,0.000000000000000000e+00,2.683892616972705439e-02,2.287724473560640015e-04,4.923960197488646412e-02,2.731623859897246848e-02,4.915304323732871267e-02,2.752606777813366989e-03,4.709713799844306159e-02,3.652011926711794254e-02,5.673786461143416615e-02,7.529616970305283430e-02,3.582749249412774117e-02,6.148561167868661637e-02,5.717332206933531391e-02,2.038390563369257835e-02,2.138102906023279723e-02,9.175067891733842962e-02,1.303584922553519335e-02,1.288058101098866343e-02,1.364768455273038250e-02,4.243567573889423655e-02,1.318720290099023584e-03,1.180526843129670739e-02,1.908903179440105125e-02,7.260346918402939276e-02,9.971121941872659877e-02,6.083300013809993245e-02,1.579274842877350163e-02,2.084483916099103343e-02,2.893842057593938588e-02,4.753594206059127969e-02,1.779424582134692470e-02,5.534075576471896712e-02,1.116460115529295666e-01,3.719064963532933005e-02,4.961121919508051231e-02,7.597376535432494304e-02,2.869289309472625518e-02,2.265015056579497421e-02,1.621951682895145935e-02,6.496448009907315746e-02,0.000000000000000000e+00,0.000000000000000000e+00,0.000000000000000000e+00,0.000000000000000000e+00,0.000000000000000000e+00,0.000000000000000000e+00,0.000000000000000000e+00,0.000000000000000000e+00,0.000000000000000000e+00,0.000000000000000000e+00,0.000000000000000000e+00,0.000000000000000000e+00,0.000000000000000000e+00,0.000000000000000000e+00,0.000000000000000000e+00,0.000000000000000000e+00,0.000000000000000000e+00,0.000000000000000000e+00,0.000000000000000000e+00,0.000000000000000000e+00,0.000000000000000000e+00,0.000000000000000000e+00,0.000000000000000000e+00,0.000000000000000000e+00,0.000000000000000000e+00
0.000000000000000000e+00,0.000000000000000000e+00,0.000000000000000000e+00,0.000000000000000000e+00,0.000000000000000000e+00,0.000000000000000000e+00,0.000000000000000000e+00,0.000000000000000000e+00,0.000000000000000000e+00,0.000000000000000000e+00,0.000000000000000000e+00,0.000000000000000000e+00,0.000000000000000000e+00,0.000000000000000000e+00,0.000000000000000000e+00,0.000000000000000000e+00,0.000000000000000000e+00,0.000000000000000000e+00,0.000000000000000000e+00,0.000000000000000000e+00,0.000000000000000000e+00,0.000000000000000000e+00,0.000000000000000000e+00,0.000000000000000000e+00,0.000000000000000000e+00,0.000000000000000000e+00,0.000000000000000000e+00,0.000000000000000000e+00,0.000000000000000000e+00,0.000000000000000000e+00,0.000000000000000000e+00,0.000000000000000000e+00,0.000000000000000000e+00,0.000000000000000000e+00,0.000000000000000000e+00,1.030233309169690525e-01,4.220447771027534961e-02,2.136530998817419771e-02,5.394189605858733250e-02,4.982181070737104478e-02,2.646581917172025761e-02,4.849253665519714235e-02,5.049366117265910447e-02,8.428923518498029899e-02,5.919880816387630695e-02,2.327459040793213030e-02,2.382806241633464439e-04,4.792228560520238323e-02,1.346009630812864538e-02,1.780677072711408376e-02,2.218909393970858873e-02,1.789092472235070605e-02,7.649750606471564240e-03,3.007861319962627095e-02,1.067470890554797908e-01,1.204027974703504311e-01,2.033375766442410693e-02,1.261437170798230742e-02,4.375262898391286265e-02,8.903952790816664631e-02,3.627348192218162598e-02,6.229702248764081018e-02,1.064491319473779424e-01,5.686151487789774250e-03,9.515367129698049098e-02,6.036671267110388373e-02,2.391353649038976265e-02,4.153439800017511008e-02,2.348803071443038293e-02,7.521889470620382601e-02,6.708700122849289849e-02,5.314852734974939708e-02,5.552513707572273582e-02,4.660471730767176690e-02,8.129721251375815472e-02,0.000000000000000000e+00,0.000000000000000000e+00,0.000000000000000000e+00,0.000000000000000000e+00,0.000000000000000000e+00,0.000000000000000000e+00,0.000000000000000000e+00,0.000000000000000000e+00,0.000000000000000000e+00,0.000000000000000000e+00,0.000000000000000000e+00,0.000000000000000000e+00,0.000000000000000000e+00,0.000000000000000000e+00,0.000000000000000000e+00,0.000000000000000000e+00,0.000000000000000000e+00,0.000000000000000000e+00,0.000000000000000000e+00,0.000000000000000000e+00,0.000000000000000000e+00,0.000000000000000000e+00,0.000000000000000000e+00,0.000000000000000000e+00,0.000000000000000000e+00
0.000000000000000000e+00,0.000000000000000000e+00,0.000000000000000000e+00,0.000000000000000000e+00,0.000000000000000000e+00,0.000000000000000000e+00,0.000000000000000000e+00,0.000000000000000000e+00,0.000000000000000000e+00,0.000000000000000000e+00,0.000000000000000000e+00,0.000000000000000000e+00,0.000000000000000000e+00,0.000000000000000000e+00,0.000000000000000000e+00,0.000000000000000000e+00,0.000000000000000000e+00,0.000000000000000000e+00,0.000000000000000000e+00,0.000000000000000000e+00,0.000000000000000000e+00,0.000000000000000000e+00,0.000000000000000000e+00,0.000000000000000000e+00,0.000000000000000000e+00,0.000000000000000000e+00,0.000000000000000000e+00,0.000000000000000000e+00,0.000000000000000000e+00,0.000000000000000000e+00,0.000000000000000000e+00,0.000000000000000000e+00,0.000000000000000000e+00,0.000000000000000000e+00,0.000000000000000000e+00,5.203764240365259253e-02,5.391159519813683298e-02,2.854042579363069709e-02,2.512407370605856949e-02,9.049056983510586627e-02,4.997760824118176182e-02,1.557742716321607393e-02,5.870287196827567167e-02,5.969780915587521997e-02,6.315010037387019937e-02,1.209639215613131369e-02,7.539738058621441030e-02,2.696336977329193141e-02,3.350742986531898837e-02,4.184790255067950826e-02,4.789431615342611137e-02,1.073007727035098779e-01,2.916544164934169528e-02,5.421118399525080844e-02,1.587049295699218682e-02,5.441415183686443280e-02,5.102062684131947884e-02,2.530094126716501968e-03,4.983741489260931634e-02,9.028452824916689823e-02,1.932629064179063744e-02,7.166027548731250529e-02,2.924741791853825712e-02,3.364358894761876329e-02,5.438677803970565217e-02,8.301713696605431125e-02,6.026086905654916975e-02,1.225471203199698239e-02,1.349685060869258019e-02,3.491067645933046415e-02,6.281440228913642843e-02,6.909766181142498742e-02,2.599448292702908128e-02,5.132072980301845277e-02,1.535063175081418166e-02,0.000000000000000000e+00,0.000000000000000000e+00,0.000000000000000000e+00,0.000000000000000000e+00,0.000000000000000000e+00,0.000000000000000000e+00,0.000000000000000000e+00,0.000000000000000000e+00,0.000000000000000000e+00,0.000000000000000000e+00,0.000000000000000000e+00,0.000000000000000000e+00,0.000000000000000000e+00,0.000000000000000000e+00,0.000000000000000000e+00,0.000000000000000000e+00,0.000000000000000000e+00,0.000000000000000000e+00,0.000000000000000000e+00,0.000000000000000000e+00,0.000000000000000000e+00,0.000000000000000000e+00,0.000000000000000000e+00,0.000000000000000000e+00,0.000000000000000000e+00
0.000000000000000000e+00,0.000000000000000000e+00,0.000000000000000000e+00,0.000000000000000000e+00,0.000000000000000000e+00,0.000000000000000000e+00,0.000000000000000000e+00,0.000000000000000000e+00,0.000000000000000000e+00,0.000000000000000000e+00,0.000000000000000000e+00,0.000000000000000000e+00,0.000000000000000000e+00,0.000000000000000000e+00,0.000000000000000000e+00,0.000000000000000000e+00,0.000000000000000000e+00,0.000000000000000000e+00,0.000000000000000000e+00,0.000000000000000000e+00,0.000000000000000000e+00,0.000000000000000000e+00,0.000000000000000000e+00,0.000000000000000000e+00,0.000000000000000000e+00,0.000000000000000000e+00,0.000000000000000000e+00,0.000000000000000000e+00,0.000000000000000000e+00,0.000000000000000000e+00,0.000000000000000000e+00,0.000000000000000000e+00,0.000000000000000000e+00,0.000000000000000000e+00,0.000000000000000000e+00,1.197120417670704401e-02,6.876449509537162219e-03,6.313078362926033416e-02,1.832902945017306565e-02,1.239448582596020948e-01,7.296899756680957916e-02,1.937098059977349421e-02,3.991061604825790754e-02,1.506316262266388026e-02,1.815698677496509206e-02,4.299131526548461563e-02,3.842040727230729147e-02,6.936019367444845596e-02,5.834570978378578188e-02,6.506830016991765886e-02,2.104928495200640917e-02,5.211485828993053099e-02,4.649442056141992602e-02,5.109113870622638415e-02,7.273362235445540724e-02,5.796891172312516882e-03,4.039179641277554356e-02,7.195953468700835853e-02,6.358287408048728107e-02,4.637037404741139318e-02,2.863701568242450757e-02,6.785864905012893578e-03,5.232344782797215821e-02,2.300536250839990346e-02,5.296075894827703689e-02,7.167332594850744920e-02,2.840430743192745577e-02,2.138959591814812780e-02,7.608477146634626265e-02,6.592733470680220420e-03,2.260743509248998653e-02,2.519981781674692292e-02,5.796374708775477169e-02,2.992127714340760136e-02,6.743953465968390015e-02,0.000000000000000000e+00,0.000000000000000000e+00,0.000000000000000000e+00,0.000000000000000000e+00,0.000000000000000000e+00,0.000000000000000000e+00,0.000000000000000000e+00,0.000000000000000000e+00,0.000000000000000000e+00,0.000000000000000000e+00,0.000000000000000000e+00,0.000000000000000000e+00,0.000000000000000000e+00,0.000000000000000000e+00,0.000000000000000000e+00,0.000000000000000000e+00,0.000000000000000000e+00,0.000000000000000000e+00,0.000000000000000000e+00,0.000000000000000000e+00,0.000000000000000000e+00,0.000000000000000000e+00,0.000000000000000000e+00,0.000000000000000000e+00,0.000000000000000000e+00
0.000000000000000000e+00,0.000000000000000000e+00,0.000000000000000000e+00,0.000000000000000000e+00,0.000000000000000000e+00,0.000000000000000000e+00,0.000000000000000000e+00,0.000000000000000000e+00,0.000000000000000000e+00,0.000000000000000000e+00,0.000000000000000000e+00,0.000000000000000000e+00,0.000000000000000000e+00,0.000000000000000000e+00,0.000000000000000000e+00,0.000000000000000000e+00,0.000000000000000000e+00,0.000000000000000000e+00,0.000000000000000000e+00,0.000000000000000000e+00,0.000000000000000000e+00,0.000000000000000000e+00,0.000000000000000000e+00,0.000000000000000000e+00,0.000000000000000000e+00,0.000000000000000000e+00,0.000000000000000000e+00,0.000000000000000000e+00,0.000000000000000000e+00,0.000000000000000000e+00,0.000000000000000000e+00,0.000000000000000000e+00,0.000000000000000000e+00,0.000000000000000000e+00,0.000000000000000000e+00,1.976063380121576354e-02,4.917940782278135137e-02,4.044678802244500160e-02,3.683280780106627100e-02,1.619420621114876779e-02,4.698113392712297692e-02,1.036768756450713869e-01,6.298094353627665953e-03,9.216832815017644842e-03,1.542744647561294230e-02,2.553922960596599276e-02,4.102009557083653030e-02,3.474463347793909501e-02,4.653871208645875973e-02,1.182821574048874280e-02,3.101301978621682359e-02,5.025562265753255597e-02,7.761471477813446096e-02,1.706908715828389655e-03,8.438368312359903478e-03,2.566760173735478309e-02,6.620587270881035657e-02,7.312063082470904307e-02,8.711107948237775678e-02,3.295726214160195344e-02,2.191103921285433853e-02,7.427666953280562256e-02,8.595429836770665522e-02,4.056361144315582395e-02,6.997583433439805156e-02,5.583808778521504035e-02,4.045675767592398636e-02,1.481434633237181317e-02,3.623601355587559303e-02,1.462909601091903419e-02,2.452892146132191684e-02,2.258247107897622466e-02,9.106956618656254776e-02,2.183372390676680680e-02,4.547047092165980298e-02,0.000000000000000000e+00,0.000000000000000000e+00,0.000000000000000000e+00,0.000000000000000000e+00,0.000000000000000000e+00,0.000000000000000000e+00,0.000000000000000000e+00,0.000000000000000000e+00,0.000000000000000000e+00,0.000000000000000000e+00,0.000000000000000000e+00,0.000000000000000000e+00,0.000000000000000000e+00,0.000000000000000000e+00,0.000000000000000000e+00,0.000000000000000000e+00,0.000000000000000000e+00,0.000000000000000000e+00,0.000000000000000000e+00,0.000000000000000000e+00,0.000000000000000000e+00,0.000000000000000000e+00,0.000000000000000000e+00,0.000000000000000000e+00,0.000000000000000000e+00
0.000000000000000000e+00,0.000000000000000000e+00,0.000000000000000000e+00,0.000000000000000000e+00,0.000000000000000000e+00,0.000000000000000000e+00,0.000000000000000000e+00,0.000000000000000000e+00,0.000000000000000000e+00,0.000000000000000000e+00,0.000000000000000000e+00,0.000000000000000000e+00,0.000000000000000000e+00,0.000000000000000000e+00,0.000000000000000000e+00,0.000000000000000000e+00,0.000000000000000000e+00,0.000000000000000000e+00,0.000000000000000000e+00,0.000000000000000000e+00,0.000000000000000000e+00,0.000000000000000000e+00,0.000000000000000000e+00,0.000000000000000000e+00,0.000000000000000000e+00,0.000000000000000000e+00,0.000000000000000000e+00,0.000000000000000000e+00,0.000000000000000000e+00,0.000000000000000000e+00,0.000000000000000000e+00,0.000000000000000000e+00,0.000000000000000000e+00,0.000000000000000000e+00,0.000000000000000000e+00,4.686733726192646166e-02,7.608026655140656680e-02,7.949748201760342692e-02,4.150917771197097650e-02,5.068877903797537610e-02,2.273652579538752369e-02,7.781603276026199945e-02,5.270118139828770115e-02,5.305901007199181896e-02,2.214946847138170652e-02,4.340855503405305349e-02,7.423138302736562166e-02,6.092631856711328009e-03,2.907547499603839111e-02,6.748276141608033907e-02,2.123440210528973124e-02,1.480973271411786807e-02,5.199843212241220258e-02,2.716449164898732116e-02,3.985539392507286838e-02,2.157616728779648482e-02,8.473885282928261820e-02,4.814118550660222845e-02,1.235070338408337381e-02,3.381342442297385897e-02,1.580835026806623120e-02,4.831947694605095295e-02,4.973912405794943953e-02,2.383604289346695146e-02,4.554259413596365574e-02,4.508653634417195827e-02,5.821502171226351774e-02,5.395844143784596370e-02,1.694681312925004277e-02,1.130542794063176398e-01,2.194941131069991919e-02,3.658828046318326338e-02,5.381146726511620848e-02,1.993659944428837968e-02,4.055756570119626453e-02,0.000000000000000000e+00,0.000000000000000000e+00,0.000000000000000000e+00,0.000000000000000000e+00,0.000000000000000000e+00,0.000000000000000000e+00,0.000000000000000000e+00,0.000000000000000000e+00,0.000000000000000000e+00,0.000000000000000000e+00,0.000000000000000000e+00,0.000000000000000000e+00,0.000000000000000000e+00,0.000000000000000000e+00,0.000000000000000000e+00,0.000000000000000000e+00,0.000000000000000000e+00,0.000000000000000000e+00,0.000000000000000000e+00,0.000000000000000000e+00,0.000000000000000000e+00,0.000000000000000000e+00,0.000000000000000000e+00,0.000000000000000000e+00,0.000000000000000000e+00
0.000000000000000000e+00,0.000000000000000000e+00,0.000000000000000000e+00,0.000000000000000000e+00,0.000000000000000000e+00,0.000000000000000000e+00,0.000000000000000000e+00,0.000000000000000000e+00,0.000000000000000000e+00,0.000000000000000000e+00,0.000000000000000000e+00,0.000000000000000000e+00,0.000000000000000000e+00,0.000000000000000000e+00,0.000000000000000000e+00,0.000000000000000000e+00,0.000000000000000000e+00,0.000000000000000000e+00,0.000000000000000000e+00,0.000000000000000000e+00,0.000000000000000000e+00,0.000000000000000000e+00,0.000000000000000000e+00,0.000000000000000000e+00,0.000000000000000000e+00,0.000000000000000000e+00,0.000000000000000000e+00,0.000000000000000000e+00,0.000000000000000000e+00,0.000000000000000000e+00,0.000000000000000000e+00,0.000000000000000000e+00,0.000000000000000000e+00,0.000000000000000000e+00,0.000000000000000000e+00,1.512815343779580490e-02,6.735896416803055509e-02,4.999006285328719268e-02,7.377332474248511629e-02,3.110892177740592207e-02,3.002206662068270665e-02,7.697311130938150336e-02,3.685785936754715914e-02,1.021138312795248360e-01,9.209447221257362204e-03,1.841678235461288032e-02,9.235777794576273403e-02,6.101372433863429257e-02,4.483731729518709158e-02,2.367365033698161716e-02,3.739786522087015092e-02,8.688189753828284845e-02,9.842615502264814853e-02,3.768689758150374491e-02,3.630785769998953749e-02,1.396429308825383395e-02,3.740679916628344287e-02,1.091542182976549050e-02,6.776930763853519779e-02,1.447195947572022662e-02,7.145162357498721639e-02,4.585346399163594405e-02,6.790159954157709565e-02,4.330381251551999183e-02,2.090159145813943325e-02,7.151285991399783382e-02,4.055263157906701527e-02,5.295669680993481815e-02,4.942771153819873475e-02,6.585966354945980983e-02,5.871238708935106604e-02,3.100920094946502115e-02,1.165830726805296147e-03,4.999056257180232998e-02,1.749290688010802716e-02,0.000000000000000000e+00,0.000000000000000000e+00,0.000000000000000000e+00,0.000000000000000000e+00,0.000000000000000000e+00,0.000000000000000000e+00,0.000000000000000000e+00,0.000000000000000000e+00,0.000000000000000000e+00,0.000000000000000000e+00,0.000000000000000000e+00,0.000000000000000000e+00,0.000000000000000000e+00,0.000000000000000000e+00,0.000000000000000000e+00,0.000000000000000000e+00,0.000000000000000000e+00,0.000000000000000000e+00,0.000000000000000000e+00,0.000000000000000000e+00,0.000000000000000000e+00,0.000000000000000000e+00,0.000000000000000000e+00,0.000000000000000000e+00,0.000000000000000000e+00
0.000000000000000000e+00,0.000000000000000000e+00,0.000000000000000000e+00,0.000000000000000000e+00,0.000000000000000000e+00,0.000000000000000000e+00,0.000000000000000000e+00,0.000000000000000000e+00,0.000000000000000000e+00,0.000000000000000000e+00,0.000000000000000000e+00,0.000000000000000000e+00,0.000000000000000000e+00,0.000000000000000000e+00,0.000000000000000000e+00,0.000000000000000000e+00,0.000000000000000000e+00,0.000000000000000000e+00,0.000000000000000000e+00,0.000000000000000000e+00,0.000000000000000000e+00,0.000000000000000000e+00,0.000000000000000000e+00,0.000000000000000000e+00,0.000000000000000000e+00,0.000000000000000000e+00,0.000000000000000000e+00,0.000000000000000000e+00,0.000000000000000000e+00,0.000000000000000000e+00,0.000000000000000000e+00,0.000000000000000000e+00,0.000000000000000000e+00,0.000000000000000000e+00,0.000000000000000000e+00,2.957562026267625960e-02,4.424565118557487187e-02,5.533960082325643098e-02,6.650389135824867626e-02,2.539916143056110062e-02,2.499435746197343003e-02,6.221106101664224119e-02,4.855437029603200394e-02,5.494143685048056419e-02,7.717577905782463388e-02,5.519356994172712472e-03,7.863482105479201179e-02,6.209896317134028232e-02,9.020595531597930261e-02,4.618024671173959900e-02,4.848179355828246412e-02,6.482577413685340628e-02,6.892722568684001017e-02,3.717943750223776794e-02,7.633978005639500963e-02,7.642615133326483012e-02,2.905305881663592521e-02,3.499527486317544067e-02,2.366206139340926162e-02,5.650219589632583111e-02,4.879051535488592578e-02,5.679930924081210558e-02,5.935729224369441781e-02,1.222215633916660243e-01,4.914040142910974102e-02,3.991930033738482625e-02,2.744217772887761267e-02,1.028598785604385724e-03,4.964609444875656141e-02,5.489827652934137908e-02,6.246538732953935136e-02,6.286716517040996655e-02,4.900170924313974885e-02,4.444970475824114309e-02,1.526640917895093208e-02,0.000000000000000000e+00,0.000000000000000000e+00,0.000000000000000000e+00,0.000000000000000000e+00,0.000000000000000000e+00,0.000000000000000000e+00,0.000000000000000000e+00,0.000000000000000000e+00,0.000000000000000000e+00,0.000000000000000000e+00,0.000000000000000000e+00,0.000000000000000000e+00,0.000000000000000000e+00,0.000000000000000000e+00,0.000000000000000000e+00,0.000000000000000000e+00,0.000000000000000000e+00,0.000000000000000000e+00,0.000000000000000000e+00,0.000000000000000000e+00,0.000000000000000000e+00,0.000000000000000000e+00,0.000000000000000000e+00,0.000000000000000000e+00,0.000000000000000000e+00
0.000000000000000000e+00,0.000000000000000000e+00,0.000000000000000000e+00,0.000000000000000000e+00,0.000000000000000000e+00,0.000000000000000000e+00,0.000000000000000000e+00,0.000000000000000000e+00,0.000000000000000000e+00,0.000000000000000000e+00,0.000000000000000000e+00,0.000000000000000000e+00,0.000000000000000000e+00,0.000000000000000000e+00,0.000000000000000000e+00,0.000000000000000000e+00,0.000000000000000000e+00,0.000000000000000000e+00,0.000000000000000000e+00,0.000000000000000000e+00,0.000000000000000000e+00,0.000000000000000000e+00,0.000000000000000000e+00,0.000000000000000000e+00,0.000000000000000000e+00,0.000000000000000000e+00,0.000000000000000000e+00,0.000000000000000000e+00,0.000000000000000000e+00,0.000000000000000000e+00,0.000000000000000000e+00,0.000000000000000000e+00,0.000000000000000000e+00,0.000000000000000000e+00,0.000000000000000000e+00,2.551341131578683391e-02,5.004046869439056355e-02,6.585212484880725858e-04,8.588043645991277897e-02,3.185049688981072408e-02,8.033177797411319987e-03,4.911238338991880115e-02,6.735995820523664468e-02,7.100760611638487485e-02,9.763291546638873386e-03,8.384492005855975760e-03,6.492597096448138316e-02,6.518379133345056364e-02,4.179507262903764397e-02,3.427731999450359113e-02,6.010113882093612303e-02,5.676766398926640783e-02,6.977093334474845920e-02,6.755161940149224942e-03,7.091354179480220676e-02,7.042901050457733847e-02,4.038216438850187467e-02,3.648374038486015825e-03,1.464415315040766205e-02,3.234758984942784354e-02,4.974763128695083858e-02,5.536411966990189421e-02,7.032991880411515462e-02,8.947214664922090166e-02,5.015212560595874031e-02,5.560513081687777637e-02,6.768438002606040615e-02,3.221554711468276044e-02,2.935049177918636065e-02,6.618868216653449321e-02,1.922843407612190997e-02,1.476443735046503378e-02,3.910893039989065539e-02,2.092560335120342146e-02,9.239355259940189302e-02,0.000000000000000000e+00,0.000000000000000000e+00,0.000000000000000000e+00,0.000000000000000000e+00,0.000000000000000000e+00,0.000000000000000000e+00,0.000000000000000000e+00,0.000000000000000000e+00,0.000000000000000000e+00,0.000000000000000000e+00,0.000000000000000000e+00,0.000000000000000000e+00,0.000000000000000000e+00,0.000000000000000000e+00,0.000000000000000000e+00,0.000000000000000000e+00,0.000000000000000000e+00,0.000000000000000000e+00,0.000000000000000000e+00,0.000000000000000000e+00,0.000000000000000000e+00,0.000000000000000000e+00,0.000000000000000000e+00,0.000000000000000000e+00,0.000000000000000000e+00
0.000000000000000000e+00,0.000000000000000000e+00,0.000000000000000000e+00,0.000000000000000000e+00,0.000000000000000000e+00,0.000000000000000000e+00,0.000000000000000000e+00,0.000000000000000000e+00,0.000000000000000000e+00,0.000000000000000000e+00,0.000000000000000000e+00,0.000000000000000000e+00,0.000000000000000000e+00,0.000000000000000000e+00,0.000000000000000000e+00,0.000000000000000000e+00,0.000000000000000000e+00,0.000000000000000000e+00,0.000000000000000000e+00,0.000000000000000000e+00,0.000000000000000000e+00,0.000000000000000000e+00,0.000000000000000000e+00,0.000000000000000000e+00,0.000000000000000000e+00,0.000000000000000000e+00,0.000000000000000000e+00,0.000000000000000000e+00,0.000000000000000000e+00,0.000000000000000000e+00,0.000000000000000000e+00,0.000000000000000000e+00,0.000000000000000000e+00,0.000000000000000000e+00,0.000000000000000000e+00,4.964160537189278577e-02,2.821382063615052865e-02,4.282476460501693366e-02,3.803592094866421053e-02,5.427412828151478852e-02,8.924924476439076437e-03,2.157198602340500843e-02,1.683446255006840198e-02,5.675178409241773275e-02,4.579222683116981885e-02,3.317460410939648829e-02,7.260066863956139704e-02,7.869431650635545783e-02,1.640832097276713475e-02,3.590316263660116303e-02,5.928034302649855258e-03,7.926530279154483938e-02,6.076390761712256727e-02,8.059393979263265728e-02,1.270928918089971396e-02,3.540842217551216919e-02,7.439557461671408856e-02,2.376661472380462922e-02,3.522029319878641762e-02,3.262460015607757113e-02,2.186053503090010924e-02,9.400873330091645552e-03,5.080133987945362195e-02,3.172065957965207461e-02,5.830633725889380892e-02,8.038543334713921240e-02,4.475843922341321557e-02,7.422753903012016541e-04,5.972893875348270210e-02,1.879532519889006228e-02,2.833446410024905576e-02,3.435194125510700192e-02,3.750746397750059913e-02,6.706797548994242186e-02,5.611161900460040486e-02,0.000000000000000000e+00,0.000000000000000000e+00,0.000000000000000000e+00,0.000000000000000000e+00,0.000000000000000000e+00,0.000000000000000000e+00,0.000000000000000000e+00,0.000000000000000000e+00,0.000000000000000000e+00,0.000000000000000000e+00,0.000000000000000000e+00,0.000000000000000000e+00,0.000000000000000000e+00,0.000000000000000000e+00,0.000000000000000000e+00,0.000000000000000000e+00,0.000000000000000000e+00,0.000000000000000000e+00,0.000000000000000000e+00,0.000000000000000000e+00,0.000000000000000000e+00,0.000000000000000000e+00,0.000000000000000000e+00,0.000000000000000000e+00,0.000000000000000000e+00
0.000000000000000000e+00,0.000000000000000000e+00,0.000000000000000000e+00,0.000000000000000000e+00,0.000000000000000000e+00,0.000000000000000000e+00,0.000000000000000000e+00,0.000000000000000000e+00,0.000000000000000000e+00,0.000000000000000000e+00,0.000000000000000000e+00,0.000000000000000000e+00,0.000000000000000000e+00,0.000000000000000000e+00,0.000000000000000000e+00,0.000000000000000000e+00,0.000000000000000000e+00,0.000000000000000000e+00,0.000000000000000000e+00,0.000000000000000000e+00,0.000000000000000000e+00,0.000000000000000000e+00,0.000000000000000000e+00,0.000000000000000000e+00,0.000000000000000000e+00,0.000000000000000000e+00,0.000000000000000000e+00,0.000000000000000000e+00,0.000000000000000000e+00,0.000000000000000000e+00,0.000000000000000000e+00,0.000000000000000000e+00,0.000000000000000000e+00,0.000000000000000000e+00,0.000000000000000000e+00,4.527253646322509234e-02,6.514462650465836779e-02,3.791541447487294103e-02,2.650474461090979172e-02,2.897746321578479473e-02,4.002508699467643288e-02,5.095346700260211525e-02,4.810951388272462215e-02,6.894213168408809544e-02,5.335642966122146336e-02,7.078568244995378511e-02,6.505533607448113487e-02,3.929331605067139938e-02,3.200075891754457225e-02,6.987839003810344951e-02,4.139528759260362872e-02,5.711818869312108859e-02,2.638702445512309050e-02,2.594822034232601923e-02,7.364472450842413087e-02,3.171291710349252030e-02,4.212350602150374823e-02,3.723613891817847965e-02,2.436876753816864805e-02,3.602424560053454905e-02,1.195471040535239088e-02,2.384279270502917894e-02,3.981958608211434714e-02,6.122255687699659776e-02,2.325790827221554252e-02,3.678020155563182375e-02,4.666501147563065915e-02,8.134555451270697457e-02,4.329292900055004695e-02,3.195201442175292506e-02,9.670176648936643082e-02,7.811959884183153346e-02,8.813453953713135114e-02,1.438080324190903897e-02,1.477048135377846683e-02,0.000000000000000000e+00,0.000000000000000000e+00,0.000000000000000000e+00,0.000000000000000000e+00,0.000000000000000000e+00,0.000000000000000000e+00,0.000000000000000000e+00,0.000000000000000000e+00,0.000000000000000000e+00,0.000000000000000000e+00,0.000000000000000000e+00,0.000000000000000000e+00,0.000000000000000000e+00,0.000000000000000000e+00,0.000000000000000000e+00,0.000000000000000000e+00,0.000000000000000000e+00,0.000000000000000000e+00,0.000000000000000000e+00,0.000000000000000000e+00,0.000000000000000000e+00,0.000000000000000000e+00,0.000000000000000000e+00,0.000000000000000000e+00,0.000000000000000000e+00
0.000000000000000000e+00,0.000000000000000000e+00,0.000000000000000000e+00,0.000000000000000000e+00,0.000000000000000000e+00,0.000000000000000000e+00,0.000000000000000000e+00,0.000000000000000000e+00,0.000000000000000000e+00,0.000000000000000000e+00,0.000000000000000000e+00,0.000000000000000000e+00,0.000000000000000000e+00,0.000000000000000000e+00,0.000000000000000000e+00,0.000000000000000000e+00,0.000000000000000000e+00,0.000000000000000000e+00,0.000000000000000000e+00,0.000000000000000000e+00,0.000000000000000000e+00,0.000000000000000000e+00,0.000000000000000000e+00,0.000000000000000000e+00,0.000000000000000000e+00,0.000000000000000000e+00,0.000000000000000000e+00,0.000000000000000000e+00,0.000000000000000000e+00,0.000000000000000000e+00,0.000000000000000000e+00,0.000000000000000000e+00,0.000000000000000000e+00,0.000000000000000000e+00,0.000000000000000000e+00,1.962563869284977489e-02,4.199110123774627001e-02,3.068069511236625607e-02,2.644275622808231474e-02,3.036269197211396986e-02,4.333833790050444640e-02,9.267710683968394259e-03,8.691069480206287112e-04,2.957817578820600563e-02,4.301905777256855024e-02,5.951248698424180250e-02,4.082021085829124624e-02,6.325827244107504188e-02,7.641203539694925440e-02,3.964042711264616214e-02,5.560840814677742855e-02,5.223060441869474546e-02,3.638295614555986379e-02,6.808080112645498172e-05,4.724639844755933182e-02,2.757405383429133855e-02,7.025901478020322999e-02,4.414014231080325146e-02,1.388463857078546179e-02,6.056101976541601595e-02,2.263180809662436455e-02,3.250255418935435459e-03,9.028384092247150605e-02,5.347662072438837122e-02,1.443271497747350071e-02,7.395501972242139732e-03,5.141039825673450470e-02,3.055029133522023377e-02,6.040704737618717707e-02,7.472547664666320810e-02,2.938144117959947885e-02,1.061956175176938938e-02,3.408336000435492619e-02,4.286171062929992892e-02,5.682238159837475766e-02,0.000000000000000000e+00,0.000000000000000000e+00,0.000000000000000000e+00,0.000000000000000000e+00,0.000000000000000000e+00,0.000000000000000000e+00,0.000000000000000000e+00,0.000000000000000000e+00,0.000000000000000000e+00,0.000000000000000000e+00,0.000000000000000000e+00,0.000000000000000000e+00,0.000000000000000000e+00,0.000000000000000000e+00,0.000000000000000000e+00,0.000000000000000000e+00,0.000000000000000000e+00,0.000000000000000000e+00,0.000000000000000000e+00,0.000000000000000000e+00,0.000000000000000000e+00,0.000000000000000000e+00,0.000000000000000000e+00,0.000000000000000000e+00,0.000000000000000000e+00
0.000000000000000000e+00,0.000000000000000000e+00,0.000000000000000000e+00,0.000000000000000000e+00,0.000000000000000000e+00,0.000000000000000000e+00,0.000000000000000000e+00,0.000000000000000000e+00,0.000000000000000000e+00,0.000000000000000000e+00,0.000000000000000000e+00,0.000000000000000000e+00,0.000000000000000000e+00,0.000000000000000000e+00,0.000000000000000000e+00,0.000000000000000000e+00,0.000000000000000000e+00,0.000000000000000000e+00,0.000000000000000000e+00,0.000000000000000000e+00,0.000000000000000000e+00,0.000000000000000000e+00,0.000000000000000000e+00,0.000000000000000000e+00,0.000000000000000000e+00,0.000000000000000000e+00,0.000000000000000000e+00,0.000000000000000000e+00,0.000000000000000000e+00,0.000000000000000000e+00,0.000000000000000000e+00,0.000000000000000000e+00,0.000000000000000000e+00,0.000000000000000000e+00,0.000000000000000000e+00,6.950531551500246930e-02,5.391878876310181312e-02,5.359088691510818098e-02,3.998317609954079449e-02,5.178501513205602952e-02,1.628476274878762342e-03,8.595551433845634304e-02,9.510867378519616278e-02,6.321205816543294664e-02,2.792622937511418657e-02,2.970458008090630028e-02,6.529255456100541144e-02,4.329064837462039128e-02,2.148572664816422381e-02,1.668037541955989453e-02,4.728501601385833031e-02,1.885120064574167045e-02,5.490862692065531098e-02,7.434914210839348170e-02,5.275823730439522380e-02,3.259142723852415102e-03,4.177338870515866220e-02,5.062691425819887403e-02,4.302461722772984998e-02,5.442734702261815827e-02,1.476518326892132041e-02,1.187793712031229298e-02,5.365616308257097067e-02,3.363489071092333471e-02,2.767585236287693762e-02,1.369339424917125764e-02,2.904168225765758893e-02,7.033969410409576795e-02,6.453028802184110346e-03,7.570450547274973352e-02,2.751760865427900146e-02,8.993720043488254157e-02,1.762102891159264551e-02,3.710388959091316663e-02,5.912556128848585335e-02,0.000000000000000000e+00,0.000000000000000000e+00,0.000000000000000000e+00,0.000000000000000000e+00,0.000000000000000000e+00,0.000000000000000000e+00,0.000000000000000000e+00,0.000000000000000000e+00,0.000000000000000000e+00,0.000000000000000000e+00,0.000000000000000000e+00,0.000000000000000000e+00,0.000000000000000000e+00,0.000000000000000000e+00,0.000000000000000000e+00,0.000000000000000000e+00,0.000000000000000000e+00,0.000000000000000000e+00,0.000000000000000000e+00,0.000000000000000000e+00,0.000000000000000000e+00,0.000000000000000000e+00,0.000000000000000000e+00,0.000000000000000000e+00,0.000000000000000000e+00
0.000000000000000000e+00,0.000000000000000000e+00,0.000000000000000000e+00,0.000000000000000000e+00,0.000000000000000000e+00,0.000000000000000000e+00,0.000000000000000000e+00,0.000000000000000000e+00,0.000000000000000000e+00,0.000000000000000000e+00,0.000000000000000000e+00,0.000000000000000000e+00,0.000000000000000000e+00,0.000000000000000000e+00,0.000000000000000000e+00,0.000000000000000000e+00,0.000000000000000000e+00,0.000000000000000000e+00,0.000000000000000000e+00,0.000000000000000000e+00,0.000000000000000000e+00,0.000000000000000000e+00,0.000000000000000000e+00,0.000000000000000000e+00,0.000000000000000000e+00,0.000000000000000000e+00,0.000000000000000000e+00,0.000000000000000000e+00,0.000000000000000000e+00,0.000000000000000000e+00,0.000000000000000000e+00,0.000000000000000000e+00,0.000000000000000000e+00,0.000000000000000000e+00,0.000000000000000000e+00,4.662158693684290839e-02,3.974743466676011056e-02,3.538003496117616414e-02,5.835461717593101727e-02,5.805600303508078042e-02,3.407550494034078392e-02,2.219255438597453334e-03,6.488226173696269583e-02,8.381950761711345899e-02,5.593310069272736107e-02,1.914867798519962264e-02,9.654473092824709946e-03,3.354171383376015891e-02,7.051504306628376961e-02,3.050145789688157166e-02,8.999781647961571651e-02,7.503761062702443696e-02,1.737518899199638756e-04,2.824797268497442754e-02,1.553414646835938467e-02,1.727333366344536297e-02,8.738398070641303916e-02,1.755176086901646948e-02,2.284317133165304076e-02,4.311239386709012078e-02,4.464808526626465324e-03,6.205135797809407244e-02,6.223591611115251998e-02,3.357502121140863716e-02,4.069208683831682799e-02,4.784515179051883338e-02,5.160798120429525848e-02,2.112590653782222758e-02,8.585816300750070962e-02,2.655906057186214336e-02,2.653265014086875553e-02,2.610589751185142179e-02,5.521512791304465650e-02,2.808337411676192774e-02,3.577671721138931532e-02,0.000000000000000000e+00,0.000000000000000000e+00,0.000000000000000000e+00,0.000000000000000000e+00,0.000000000000000000e+00,0.000000000000000000e+00,0.000000000000000000e+00,0.000000000000000000e+00,0.000000000000000000e+00,0.000000000000000000e+00,0.000000000000000000e+00,0.000000000000000000e+00,0.000000000000000000e+00,0.000000000000000000e+00,0.000000000000000000e+00,0.000000000000000000e+00,0.000000000000000000e+00,0.000000000000000000e+00,0.000000000000000000e+00,0.000000000000000000e+00,0.000000000000000000e+00,0.000000000000000000e+00,0.000000000000000000e+00,0.000000000000000000e+00,0.000000000000000000e+00
0.000000000000000000e+00,0.000000000000000000e+00,0.000000000000000000e+00,0.000000000000000000e+00,0.000000000000000000e+00,0.000000000000000000e+00,0.000000000000000000e+00,0.000000000000000000e+00,0.000000000000000000e+00,0.000000000000000000e+00,0.000000000000000000e+00,0.000000000000000000e+00,0.000000000000000000e+00,0.000000000000000000e+00,0.000000000000000000e+00,0.000000000000000000e+00,0.000000000000000000e+00,0.000000000000000000e+00,0.000000000000000000e+00,0.000000000000000000e+00,0.000000000000000000e+00,0.000000000000000000e+00,0.000000000000000000e+00,0.000000000000000000e+00,0.000000000000000000e+00,0.000000000000000000e+00,0.000000000000000000e+00,0.000000000000000000e+00,0.000000000000000000e+00,0.000000000000000000e+00,0.000000000000000000e+00,0.000000000000000000e+00,0.000000000000000000e+00,0.000000000000000000e+00,0.000000000000000000e+00,5.550559646264011798e-02,6.993189071576984273e-03,8.453781848959472656e-02,6.293338548703000801e-02,9.963257493602253878e-02,7.877312684151344113e-02,2.953039522479955492e-02,1.820399218352173470e-02,8.209506485680218013e-02,6.091782808597728804e-02,3.282710309827633482e-02,4.523024957924028089e-02,5.549004579793181957e-02,3.838527620398286128e-02,4.367600972234989692e-02,3.460392493079306186e-02,4.210168063294988938e-02,1.806444394169499923e-02,1.997389829081818585e-02,4.983113338119783686e-02,5.156187203573556893e-02,4.295863733469355850e-02,9.758475540499457479e-02,2.119033012425979717e-02,2.748709442817027365e-02,8.699661053842906722e-03,4.434535938531179028e-02,3.035400719269329070e-02,3.651258906637649959e-02,3.468600406660848900e-02,4.688469504380916864e-02,7.155604123233676173e-03,2.333968616997020296e-02,2.018701637954763498e-02,7.026076188307718573e-02,5.211175551925088106e-02,5.573416451937578814e-02,1.323474880532901285e-02,2.538165792033489007e-02,6.767457055416520317e-02,0.000000000000000000e+00,0.000000000000000000e+00,0.000000000000000000e+00,0.000000000000000000e+00,0.000000000000000000e+00,0.000000000000000000e+00,0.000000000000000000e+00,0.000000000000000000e+00,0.000000000000000000e+00,0.000000000000000000e+00,0.000000000000000000e+00,0.000000000000000000e+00,0.000000000000000000e+00,0.000000000000000000e+00,0.000000000000000000e+00,0.000000000000000000e+00,0.000000000000000000e+00,0.000000000000000000e+00,0.000000000000000000e+00,0.000000000000000000e+00,0.000000000000000000e+00,0.000000000000000000e+00,0.000000000000000000e+00,0.000000000000000000e+00,0.000000000000000000e+00
0.000000000000000000e+00,0.000000000000000000e+00,0.000000000000000000e+00,0.000000000000000000e+00,0.000000000000000000e+00,0.000000000000000000e+00,0.000000000000000000e+00,0.000000000000000000e+00,0.000000000000000000e+00,0.000000000000000000e+00,0.000000000000000000e+00,0.000000000000000000e+00,0.000000000000000000e+00,0.000000000000000000e+00,0.000000000000000000e+00,0.000000000000000000e+00,0.000000000000000000e+00,0.000000000000000000e+00,0.000000000000000000e+00,0.000000000000000000e+00,0.000000000000000000e+00,0.000000000000000000e+00,0.000000000000000000e+00,0.000000000000000000e+00,0.000000000000000000e+00,0.000000000000000000e+00,0.000000000000000000e+00,0.000000000000000000e+00,0.000000000000000000e+00,0.000000000000000000e+00,0.000000000000000000e+00,0.000000000000000000e+00,0.000000000000000000e+00,0.000000000000000000e+00,0.000000000000000000e+00,6.210310057988376042e-02,6.538397811077824306e-02,1.141472763467124008e-01,4.723665586908106645e-02,5.911100826392375052e-02,2.964905256514550197e-02,3.152804218315957696e-02,2.059685243696593449e-02,8.018131145226643774e-02,2.556980037551496998e-02,3.803211301552902185e-02,6.153313438397503554e-02,5.922198331181469100e-02,4.945409716484663182e-02,7.206334999158627019e-02,5.435685137598574024e-03,6.742121099418044161e-02,6.823149688097433774e-03,2.115990505440719718e-02,3.990246822367201490e-02,3.006220096183796764e-02,9.645822080066082660e-02,3.251827388629496135e-02,3.657219221112976981e-02,4.455629883121071944e-03,1.444179396121007819e-02,3.113128618037198231e-02,7.887188958045632248e-02,1.695476004183376836e-02,6.744449233205446204e-02,5.859016921083778917e-02,3.788736499153155801e-02,1.627981261901284213e-02,4.433660264870839529e-03,8.119356185810078230e-02,5.149174831181307227e-02,1.735721581714503442e-02,9.011608484034386302e-03,1.992076365743106203e-02,7.269027090979429673e-03,0.000000000000000000e+00,0.000000000000000000e+00,0.000000000000000000e+00,0.000000000000000000e+00,0.000000000000000000e+00,0.000000000000000000e+00,0.000000000000000000e+00,0.000000000000000000e+00,0.000000000000000000e+00,0.000000000000000000e+00,0.000000000000000000e+00,0.000000000000000000e+00,0.000000000000000000e+00,0.000000000000000000e+00,0.000000000000000000e+00,0.000000000000000000e+00,0.000000000000000000e+00,0.000000000000000000e+00,0.000000000000000000e+00,0.000000000000000000e+00,0.000000000000000000e+00,0.000000000000000000e+00,0.000000000000000000e+00,0.000000000000000000e+00,0.000000000000000000e+00
0.000000000000000000e+00,0.000000000000000000e+00,0.000000000000000000e+00,0.000000000000000000e+00,0.000000000000000000e+00,0.000000000000000000e+00,0.000000000000000000e+00,0.000000000000000000e+00,0.000000000000000000e+00,0.000000000000000000e+00,0.000000000000000000e+00,0.000000000000000000e+00,0.000000000000000000e+00,0.000000000000000000e+00,0.000000000000000000e+00,0.000000000000000000e+00,0.000000000000000000e+00,0.000000000000000000e+00,0.000000000000000000e+00,0.000000000000000000e+00,0.000000000000000000e+00,0.000000000000000000e+00,0.000000000000000000e+00,0.000000000000000000e+00,0.000000000000000000e+00,0.000000000000000000e+00,0.000000000000000000e+00,0.000000000000000000e+00,0.000000000000000000e+00,0.000000000000000000e+00,0.000000000000000000e+00,0.000000000000000000e+00,0.000000000000000000e+00,0.000000000000000000e+00,0.000000000000000000e+00,5.708344969181168571e-02,7.418214921559607156e-02,4.752239709964995590e-02,3.888533394194158138e-02,6.386668915895020449e-02,6.710334863779063297e-02,4.325150388179601485e-02,9.838359296442471258e-02,5.089379166824049144e-02,9.660055785590654365e-02,4.080075375834130852e-02,4.791902703056248602e-02,7.558522697254439759e-02,1.874938575980929917e-02,6.094762561135262657e-02,4.697194897458438489e-02,4.736432903448464793e-02,3.124051341275234372e-02,5.235796318283663514e-02,3.925024859956659229e-02,3.697161394736952350e-02,2.418690654008600130e-02,4.607243085389945564e-02,2.897581765674966253e-02,6.201827650882965615e-02,4.335945873883478158e-02,7.114119543489037800e-02,5.109265349183120253e-02,5.398302020947565172e-02,1.070973278364410752e-03,1.871738085049014233e-03,7.399276159641501871e-02,3.095612532142839879e-02,3.936888430611423795e-02,2.903530508865028933e-02,1.001534156143914500e-01,6.186400096421469652e-02,1.272687358682805803e-01,1.032456498338837902e-02,3.918114137486153337e-02,0.000000000000000000e+00,0.000000000000000000e+00,0.000000000000000000e+00,0.000000000000000000e+00,0.000000000000000000e+00,0.000000000000000000e+00,0.000000000000000000e+00,0.000000000000000000e+00,0.000000000000000000e+00,0.000000000000000000e+00,0.000000000000000000e+00,0.000000000000000000e+00,0.000000000000000000e+00,0.000000000000000000e+00,0.000000000000000000e+00,0.000000000000000000e+00,0.000000000000000000e+00,0.000000000000000000e+00,0.000000000000000000e+00,0.000000000000000000e+00,0.000000000000000000e+00,0.000000000000000000e+00,0.000000000000000000e+00,0.000000000000000000e+00,0.000000000000000000e+00
0.000000000000000000e+00,0.000000000000000000e+00,0.000000000000000000e+00,0.000000000000000000e+00,0.000000000000000000e+00,0.000000000000000000e+00,0.000000000000000000e+00,0.000000000000000000e+00,0.000000000000000000e+00,0.000000000000000000e+00,0.000000000000000000e+00,0.000000000000000000e+00,0.000000000000000000e+00,0.000000000000000000e+00,0.000000000000000000e+00,0.000000000000000000e+00,0.000000000000000000e+00,0.000000000000000000e+00,0.000000000000000000e+00,0.000000000000000000e+00,0.000000000000000000e+00,0.000000000000000000e+00,0.000000000000000000e+00,0.000000000000000000e+00,0.000000000000000000e+00,0.000000000000000000e+00,0.000000000000000000e+00,0.000000000000000000e+00,0.000000000000000000e+00,0.000000000000000000e+00,0.000000000000000000e+00,0.000000000000000000e+00,0.000000000000000000e+00,0.000000000000000000e+00,0.000000000000000000e+00,6.534582495704352456e-02,3.716951740131861637e-03,7.347781727930324802e-02,3.152402985396522694e-02,1.217329083106393622e-02,2.154290420290012539e-02,3.309724074223839574e-02,3.077786927583746335e-02,2.335214397367751937e-05,3.268683694804456336e-02,9.481849926670488093e-02,3.769842062595094023e-02,1.767001457264778808e-03,4.682399694160914450e-02,6.312182695139932631e-02,3.708956071860686210e-02,3.889794548566371385e-02,6.153290222156026362e-02,1.733183969240793820e-02,7.591952236498271389e-03,1.023707727556932151e-02,5.090051160045441087e-02,6.190322257015356405e-02,7.619444180452195070e-02,4.252893879295998464e-02,5.227104143588940516e-02,7.287161599686078906e-03,3.594590805001942474e-02,4.865119239238449578e-03,4.080761483484837693e-03,1.689320659201501776e-02,6.286156011018333156e-02,3.325184232103300941e-02,4.077710534515752161e-02,3.642291620554440751e-02,1.705427062276429484e-03,6.624973498060664212e-02,1.032706574483984591e-02,3.333159188252848848e-02,3.800756039985282025e-02,0.000000000000000000e+00,0.000000000000000000e+00,0.000000000000000000e+00,0.000000000000000000e+00,0.000000000000000000e+00,0.000000000000000000e+00,0.000000000000000000e+00,0.000000000000000000e+00,0.000000000000000000e+00,0.000000000000000000e+00,0.000000000000000000e+00,0.000000000000000000e+00,0.000000000000000000e+00,0.000000000000000000e+00,0.000000000000000000e+00,0.000000000000000000e+00,0.000000000000000000e+00,0.000000000000000000e+00,0.000000000000000000e+00,0.000000000000000000e+00,0.000000000000000000e+00,0.000000000000000000e+00,0.000000000000000000e+00,0.000000000000000000e+00,0.000000000000000000e+00
0.000000000000000000e+00,0.000000000000000000e+00,0.000000000000000000e+00,0.000000000000000000e+00,0.000000000000000000e+00,0.000000000000000000e+00,0.000000000000000000e+00,0.000000000000000000e+00,0.000000000000000000e+00,0.000000000000000000e+00,0.000000000000000000e+00,0.000000000000000000e+00,0.000000000000000000e+00,0.000000000000000000e+00,0.000000000000000000e+00,0.000000000000000000e+00,0.000000000000000000e+00,0.000000000000000000e+00,0.000000000000000000e+00,0.000000000000000000e+00,0.000000000000000000e+00,0.000000000000000000e+00,0.000000000000000000e+00,0.000000000000000000e+00,0.000000000000000000e+00,0.000000000000000000e+00,0.000000000000000000e+00,0.000000000000000000e+00,0.000000000000000000e+00,0.000000000000000000e+00,0.000000000000000000e+00,0.000000000000000000e+00,0.000000000000000000e+00,0.000000000000000000e+00,0.000000000000000000e+00,4.711243053531433134e-03,6.759703327065955114e-02,3.918873766381758550e-02,7.098275563977875235e-02,3.157646387838118629e-02,5.646332883495541743e-02,8.684761818625977292e-02,1.241774245639322427e-03,5.275365459136600876e-03,3.209831481841764894e-02,7.766038871344498051e-02,3.496140512566297404e-02,4.458305336313597711e-03,3.952600843487093923e-02,2.893891345958420069e-02,5.703109754310640295e-02,6.395066500853255342e-02,5.273411594345184250e-02,3.867432171693697268e-02,4.010387136858280938e-02,3.712766588654763111e-02,3.629354160351055264e-02,3.165029892465837102e-02,3.660741879803464799e-02,8.665301528719268620e-02,5.753343650268564341e-02,2.484837393331025546e-02,1.640660074011978178e-02,3.181911072004778296e-02,6.024513821023265436e-02,1.367651704016568243e-02,4.517922695699272406e-02,2.186792349792339440e-02,3.393924084978301725e-02,4.411157837214238486e-02,2.587604176948643531e-02,8.514903047637888134e-02,7.212463871487348466e-02,4.849261999057787043e-02,7.585099915592484476e-02,0.000000000000000000e+00,0.000000000000000000e+00,0.000000000000000000e+00,0.000000000000000000e+00,0.000000000000000000e+00,0.000000000000000000e+00,0.000000000000000000e+00,0.000000000000000000e+00,0.000000000000000000e+00,0.000000000000000000e+00,0.000000000000000000e+00,0.000000000000000000e+00,0.000000000000000000e+00,0.000000000000000000e+00,0.000000000000000000e+00,0.000000000000000000e+00,0.000000000000000000e+00,0.000000000000000000e+00,0.000000000000000000e+00,0.000000000000000000e+00,0.000000000000000000e+00,0.000000000000000000e+00,0.000000000000000000e+00,0.000000000000000000e+00,0.000000000000000000e+00
0.000000000000000000e+00,0.000000000000000000e+00,0.000000000000000000e+00,0.000000000000000000e+00,0.000000000000000000e+00,0.000000000000000000e+00,0.000000000000000000e+00,0.000000000000000000e+00,0.000000000000000000e+00,0.000000000000000000e+00,0.000000000000000000e+00,0.000000000000000000e+00,0.000000000000000000e+00,0.000000000000000000e+00,0.000000000000000000e+00,0.000000000000000000e+00,0.000000000000000000e+00,0.000000000000000000e+00,0.000000000000000000e+00,0.000000000000000000e+00,0.000000000000000000e+00,0.000000000000000000e+00,0.000000000000000000e+00,0.000000000000000000e+00,0.000000000000000000e+00,0.000000000000000000e+00,0.000000000000000000e+00,0.000000000000000000e+00,0.000000000000000000e+00,0.000000000000000000e+00,0.000000000000000000e+00,0.000000000000000000e+00,0.000000000000000000e+00,0.000000000000000000e+00,0.000000000000000000e+00,5.055555951085365096e-02,5.059908683338772140e-02,3.529002101195485852e-03,2.459503555293259328e-02,7.219558854851382268e-02,1.100388548542968747e-03,2.992006600693867396e-02,4.681894261643518296e-03,1.931089832602559536e-02,4.275472000284769730e-02,5.594681666696171146e-02,1.204143829327996087e-02,8.080865866664886654e-02,6.408836529763048406e-02,5.989133302077286058e-02,2.683549687333537659e-03,3.453002828713167688e-02,5.232385854409078718e-02,2.943342104291039180e-02,1.981204119904856828e-02,4.166278837226509990e-02,3.172440695219221757e-02,4.883876313077332998e-02,3.786053305711320482e-02,1.950587079901395376e-02,3.790361427077218459e-02,9.289491771793056962e-02,4.354823972011134109e-02,8.513525107194282182e-03,4.967634237856091012e-02,3.640386866178509095e-02,1.278533547338086759e-02,6.678166903993390524e-02,7.049599080481894209e-02,8.793531977422207324e-02,4.952587749063529915e-02,5.722984242023213680e-02,1.165870042014633540e-02,5.705576135085439066e-02,6.708002360576646728e-02,0.000000000000000000e+00,0.000000000000000000e+00,0.000000000000000000e+00,0.000000000000000000e+00,0.000000000000000000e+00,0.000000000000000000e+00,0.000000000000000000e+00,0.000000000000000000e+00,0.000000000000000000e+00,0.000000000000000000e+00,0.000000000000000000e+00,0.000000000000000000e+00,0.000000000000000000e+00,0.000000000000000000e+00,0.000000000000000000e+00,0.000000000000000000e+00,0.000000000000000000e+00,0.000000000000000000e+00,0.000000000000000000e+00,0.000000000000000000e+00,0.000000000000000000e+00,0.000000000000000000e+00,0.000000000000000000e+00,0.000000000000000000e+00,0.000000000000000000e+00
0.000000000000000000e+00,0.000000000000000000e+00,0.000000000000000000e+00,0.000000000000000000e+00,0.000000000000000000e+00,0.000000000000000000e+00,0.000000000000000000e+00,0.000000000000000000e+00,0.000000000000000000e+00,0.000000000000000000e+00,0.000000000000000000e+00,0.000000000000000000e+00,0.000000000000000000e+00,0.000000000000000000e+00,0.000000000000000000e+00,0.000000000000000000e+00,0.000000000000000000e+00,0.000000000000000000e+00,0.000000000000000000e+00,0.000000000000000000e+00,0.000000000000000000e+00,0.000000000000000000e+00,0.000000000000000000e+00,0.000000000000000000e+00,0.000000000000000000e+00,0.000000000000000000e+00,0.000000000000000000e+00,0.000000000000000000e+00,0.000000000000000000e+00,0.000000000000000000e+00,0.000000000000000000e+00,0.000000000000000000e+00,0.000000000000000000e+00,0.000000000000000000e+00,0.000000000000000000e+00,7.090741779540943313e-02,5.887627367294535896e-02,3.320822432564615040e-02,2.918431438914019516e-02,1.544906796418801451e-02,1.312316418317450994e-03,4.998643132417679436e-02,4.270931323975753202e-02,6.828359760603247564e-02,7.641716761025910132e-02,4.035303017793968883e-02,6.394832015444405771e-02,2.743341585820133904e-02,3.253716540321657802e-02,2.153410907064423965e-02,8.729980490265151771e-02,5.235200377192119475e-02,4.078877928551509491e-02,2.639044466442946879e-02,5.367829640975242678e-03,6.675587888412429227e-02,5.258972139336768464e-02,2.934061157535275757e-02,8.269572502109229228e-02,6.501861514757789617e-02,7.183866626867638217e-03,5.302453931946237570e-02,3.994396720498805814e-02,4.755375397426970380e-02,9.025245341349447115e-02,5.295589318765224485e-02,1.637392869276973334e-02,2.182051515140614323e-02,5.907764953186324386e-02,3.309053633068585742e-02,4.648852072836284766e-02,1.109768943050046600e-02,8.577634895377428403e-02,5.779727082242829689e-02,7.364570755981653116e-03,0.000000000000000000e+00,0.000000000000000000e+00,0.000000000000000000e+00,0.000000000000000000e+00,0.000000000000000000e+00,0.000000000000000000e+00,0.000000000000000000e+00,0.000000000000000000e+00,0.000000000000000000e+00,0.000000000000000000e+00,0.000000000000000000e+00,0.000000000000000000e+00,0.000000000000000000e+00,0.000000000000000000e+00,0.000000000000000000e+00,0.000000000000000000e+00,0.000000000000000000e+00,0.000000000000000000e+00,0.000000000000000000e+00,0.000000000000000000e+00,0.000000000000000000e+00,0.000000000000000000e+00,0.000000000000000000e+00,0.000000000000000000e+00,0.000000000000000000e+00
0.000000000000000000e+00,0.000000000000000000e+00,0.000000000000000000e+00,0.000000000000000000e+00,0.000000000000000000e+00,0.000000000000000000e+00,0.000000000000000000e+00,0.000000000000000000e+00,0.000000000000000000e+00,0.000000000000000000e+00,0.000000000000000000e+00,0.000000000000000000e+00,0.000000000000000000e+00,0.000000000000000000e+00,0.000000000000000000e+00,0.000000000000000000e+00,0.000000000000000000e+00,0.000000000000000000e+00,0.000000000000000000e+00,0.000000000000000000e+00,0.000000000000000000e+00,0.000000000000000000e+00,0.000000000000000000e+00,0.000000000000000000e+00,0.000000000000000000e+00,0.000000000000000000e+00,0.000000000000000000e+00,0.000000000000000000e+00,0.000000000000000000e+00,0.000000000000000000e+00,0.000000000000000000e+00,0.000000000000000000e+00,0.000000000000000000e+00,0.000000000000000000e+00,0.000000000000000000e+00,4.955016096669821735e-02,1.638175773507857466e-02,6.377769513737559237e-02,2.667728458529732005e-02,3.069047381115657530e-02,5.884782198929561225e-02,3.595992392483422090e-02,4.307331374595275986e-02,1.060573069918218925e-01,6.212339012497940238e-02,5.219726366806238388e-02,3.971642567318323103e-02,2.388417049697885361e-02,5.945353566094616071e-03,6.758399651905426520e-02,1.545227891216462840e-02,2.895464674009622097e-02,3.376476986396222124e-02,3.746940307398012593e-02,3.465731178347249142e-02,5.971279720594361434e-02,6.865010988533874758e-02,4.111986149664995788e-02,2.270041929224049168e-02,3.299201760457078081e-02,1.430497430446049933e-01,2.655209582629451323e-02,5.772838839726125021e-02,7.195542226936038621e-02,4.976222741950579037e-02,1.151208149521201068e-02,2.615349384219137208e-02,6.581219641482895233e-02,4.347208424587067216e-02,2.255462716252194452e-02,3.030180365069379961e-02,3.283011344878842414e-02,4.091002941541500154e-02,6.210223278304598943e-02,4.111955973096064615e-02,0.000000000000000000e+00,0.000000000000000000e+00,0.000000000000000000e+00,0.000000000000000000e+00,0.000000000000000000e+00,0.000000000000000000e+00,0.000000000000000000e+00,0.000000000000000000e+00,0.000000000000000000e+00,0.000000000000000000e+00,0.000000000000000000e+00,0.000000000000000000e+00,0.000000000000000000e+00,0.000000000000000000e+00,0.000000000000000000e+00,0.000000000000000000e+00,0.000000000000000000e+00,0.000000000000000000e+00,0.000000000000000000e+00,0.000000000000000000e+00,0.000000000000000000e+00,0.000000000000000000e+00,0.000000000000000000e+00,0.000000000000000000e+00,0.000000000000000000e+00
0.000000000000000000e+00,0.000000000000000000e+00,0.000000000000000000e+00,0.000000000000000000e+00,0.000000000000000000e+00,0.000000000000000000e+00,0.000000000000000000e+00,0.000000000000000000e+00,0.000000000000000000e+00,0.000000000000000000e+00,0.000000000000000000e+00,0.000000000000000000e+00,0.000000000000000000e+00,0.000000000000000000e+00,0.000000000000000000e+00,0.000000000000000000e+00,0.000000000000000000e+00,0.000000000000000000e+00,0.000000000000000000e+00,0.000000000000000000e+00,0.000000000000000000e+00,0.000000000000000000e+00,0.000000000000000000e+00,0.000000000000000000e+00,0.000000000000000000e+00,0.000000000000000000e+00,0.000000000000000000e+00,0.000000000000000000e+00,0.000000000000000000e+00,0.000000000000000000e+00,0.000000000000000000e+00,0.000000000000000000e+00,0.000000000000000000e+00,0.000000000000000000e+00,0.000000000000000000e+00,9.303910019598668479e-03,3.409009103660094742e-02,1.576416051523604062e-02,1.342228435190705865e-02,3.533915181951112483e-02,6.922335495092511726e-02,4.782003512609207113e-02,7.757202360197976154e-02,6.434070954941661924e-02,5.418702057003692285e-02,1.778025727020010605e-02,2.411210346188893267e-02,5.898158834606795353e-02,8.751203469037023563e-03,2.751236793961517671e-02,4.969413480408275269e-02,3.453033426945535667e-03,6.962708922220653407e-02,1.423558293553456658e-02,3.861245043037707381e-02,1.079307414692893055e-02,3.816995807028858434e-02,5.868923489331621945e-02,8.402483055745968432e-02,3.061588368646246325e-02,6.244055890707744805e-02,6.541084122721696481e-02,2.722515921985742618e-02,6.400739602586096033e-02,3.597727226158786706e-02,5.126414061228194707e-02,6.457568066588600941e-02,4.306850323936031733e-02,5.609204334406434761e-02,4.405014602450801897e-02,6.451019018517858972e-02,9.282475163336842416e-03,2.973878917028396907e-04,5.288245335954729065e-02,1.847541368096106140e-02,0.000000000000000000e+00,0.000000000000000000e+00,0.000000000000000000e+00,0.000000000000000000e+00,0.000000000000000000e+00,0.000000000000000000e+00,0.000000000000000000e+00,0.000000000000000000e+00,0.000000000000000000e+00,0.000000000000000000e+00,0.000000000000000000e+00,0.000000000000000000e+00,0.000000000000000000e+00,0.000000000000000000e+00,0.000000000000000000e+00,0.000000000000000000e+00,0.000000000000000000e+00,0.000000000000000000e+00,0.000000000000000000e+00,0.000000000000000000e+00,0.000000000000000000e+00,0.000000000000000000e+00,0.000000000000000000e+00,0.000000000000000000e+00,0.000000000000000000e+00
0.000000000000000000e+00,0.000000000000000000e+00,0.000000000000000000e+00,0.000000000000000000e+00,0.000000000000000000e+00,0.000000000000000000e+00,0.000000000000000000e+00,0.000000000000000000e+00,0.000000000000000000e+00,0.000000000000000000e+00,0.000000000000000000e+00,0.000000000000000000e+00,0.000000000000000000e+00,0.000000000000000000e+00,0.000000000000000000e+00,0.000000000000000000e+00,0.000000000000000000e+00,0.000000000000000000e+00,0.000000000000000000e+00,0.000000000000000000e+00,0.000000000000000000e+00,0.000000000000000000e+00,0.000000000000000000e+00,0.000000000000000000e+00,0.000000000000000000e+00,0.000000000000000000e+00,0.000000000000000000e+00,0.000000000000000000e+00,0.000000000000000000e+00,0.000000000000000000e+00,0.000000000000000000e+00,0.000000000000000000e+00,0.000000000000000000e+00,0.000000000000000000e+00,0.000000000000000000e+00,1.713763080597066613e-02,2.583540835927676527e-03,1.427211494899353200e-02,4.134782488682492430e-02,6.564617526003194148e-02,6.688613078215735475e-02,6.550260478799030395e-02,6.746642154250712120e-02,2.430019324468550915e-02,6.291355022948169617e-02,7.091246663590645982e-02,6.513706809483704729e-02,1.381407758821674714e-02,4.176415246893501465e-02,4.261776196494734825e-02,4.467964168478102266e-02,6.712964745037498793e-03,4.411596382527614713e-02,5.113784233102555005e-02,1.584134790145557553e-02,2.541127132146029505e-02,1.892556372115474991e-02,8.095789019598158276e-02,3.758936244479176014e-02,3.884113525693477786e-02,1.856648111042594196e-02,5.784735183212350029e-02,3.185696709371903940e-02,5.632432899629098710e-02,4.763545954660449583e-02,1.705348416203168044e-02,1.532119922759631048e-03,3.091271505900904798e-02,3.973857550498369196e-02,2.704825304864122426e-02,2.662438697374357177e-02,9.868881469498953785e-02,6.125461342753078103e-02,5.281103339239706651e-02,4.051021198956666208e-02,0.000000000000000000e+00,0.000000000000000000e+00,0.000000000000000000e+00,0.000000000000000000e+00,0.000000000000000000e+00,0.000000000000000000e+00,0.000000000000000000e+00,0.000000000000000000e+00,0.000000000000000000e+00,0.000000000000000000e+00,0.000000000000000000e+00,0.000000000000000000e+00,0.000000000000000000e+00,0.000000000000000000e+00,0.000000000000000000e+00,0.000000000000000000e+00,0.000000000000000000e+00,0.000000000000000000e+00,0.000000000000000000e+00,0.000000000000000000e+00,0.000000000000000000e+00,0.000000000000000000e+00,0.000000000000000000e+00,0.000000000000000000e+00,0.000000000000000000e+00
