0.000000000000000000e+00,0.000000000000000000e+00,0.000000000000000000e+00,0.000000000000000000e+00,0.000000000000000000e+00,0.000000000000000000e+00,0.000000000000000000e+00,0.000000000000000000e+00,0.000000000000000000e+00,0.000000000000000000e+00,0.000000000000000000e+00,0.000000000000000000e+00,0.000000000000000000e+00,0.000000000000000000e+00,0.000000000000000000e+00,0.000000000000000000e+00,0.000000000000000000e+00,0.000000000000000000e+00,0.000000000000000000e+00,0.000000000000000000e+00,0.000000000000000000e+00,0.000000000000000000e+00,0.000000000000000000e+00,0.000000000000000000e+00,0.000000000000000000e+00,0.000000000000000000e+00,0.000000000000000000e+00,0.000000000000000000e+00,0.000000000000000000e+00,0.000000000000000000e+00,2.356042849808673637e-02,3.195799494260925799e-02,5.935998386606479438e-02,5.990907900896919047e-02,9.303511532430139286e-02,2.429784955922922873e-02,3.318132998820116225e-02,5.306704669295769089e-02,5.082982591335305500e-02,3.485264586130468190e-02,6.703735302665703166e-02,1.019856710935503064e-02,4.102992849625085314e-03,2.228727847998007716e-02,4.231152138407388852e-02,2.687162302494786742e-02,5.948227255198349633e-02,8.123134802749559791e-02,7.069350176384839313e-02,6.649270214756600184e-02,1.317459115342631271e-03,2.475213733446604211e-02,8.531246503945909276e-02,3.599488482457310901e-02,6.259256408350247214e-02,5.626775838073162783e-02,2.600970580765508619e-02,7.381448491181220872e-02,7.829506842017802670e-02,5.682502316400354914e-02,5.542046883188606748e-02,5.274403000003772407e-02,8.130226769331218295e-02,5.540229544317318289e-02,5.524560145382618331e-02,3.908186401687560596e-02,2.859231463949802807e-02,6.685340297126549092e-02,0.000000000000000000e+00,0.000000000000000000e+00,0.000000000000000000e+00,0.000000000000000000e+00,0.000000000000000000e+00,0.000000000000000000e+00,0.000000000000000000e+00,0.000000000000000000e+00,0.000000000000000000e+00,0.000000000000000000e+00,0.000000000000000000e+00,0.000000000000000000e+00,0.000000000000000000e+00,0.000000000000000000e+00,0.000000000000000000e+00,0.000000000000000000e+00,0.000000000000000000e+00,0.000000000000000000e+00,0.000000000000000000e+00,0.000000000000000000e+00,0.000000000000000000e+00,0.000000000000000000e+00,0.000000000000000000e+00,0.000000000000000000e+00,0.000000000000000000e+00,0.000000000000000000e+00,0.000000000000000000e+00,0.000000000000000000e+00,0.000000000000000000e+00,0.000000000000000000e+00,0.000000000000000000e+00,0.000000000000000000e+00
0.000000000000000000e+00,0.000000000000000000e+00,0.000000000000000000e+00,0.000000000000000000e+00,0.000000000000000000e+00,0.000000000000000000e+00,0.000000000000000000e+00,0.000000000000000000e+00,0.000000000000000000e+00,0.000000000000000000e+00,0.000000000000000000e+00,0.000000000000000000e+00,0.000000000000000000e+00,0.000000000000000000e+00,0.000000000000000000e+00,0.000000000000000000e+00,0.000000000000000000e+00,0.000000000000000000e+00,0.000000000000000000e+00,0.000000000000000000e+00,0.000000000000000000e+00,0.000000000000000000e+00,0.000000000000000000e+00,0.000000000000000000e+00,0.000000000000000000e+00,0.000000000000000000e+00,0.000000000000000000e+00,0.000000000000000000e+00,0.000000000000000000e+00,0.000000000000000000e+00,4.185570182871183736e-02,4.955027933430357356e-02,4.584876600867638513e-02,2.582668264757889687e-02,4.754659717231764920e-02,3.509299055466396505e-02,7.123080701625855715e-02,3.518644124513028992e-02,5.815387526596942080e-02,6.896507280360861247e-02,3.762860565662819179e-02,6.727928686662634772e-02,2.081504467619212095e-02,6.152181647003787668e-02,5.206278525187844203e-02,5.239251465305364008e-02,5.130657771756704649e-02,6.350614520896412374e-02,8.122299010012920539e-02,5.553184680786905220e-02,4.309705492517288544e-02,5.887459813123959579e-02,3.704357189101015885e-02,4.309472269090789537e-02,3.117866397469543777e-02,3.952842759666507638e-02,5.497523564392742257e-02,4.707634396729060144e-02,2.122725871638615411e-02,8.020731705047076665e-02,4.831841290982769044e-02,6.832580166894762497e-02,6.053300416648564608e-02,5.922178484595336245e-03,3.041110048841488833e-02,2.365502868804484835e-02,2.715014156294006525e-02,4.222172250125950932e-02,0.000000000000000000e+00,0.000000000000000000e+00,0.000000000000000000e+00,0.000000000000000000e+00,0.000000000000000000e+00,0.000000000000000000e+00,0.000000000000000000e+00,0.000000000000000000e+00,0.000000000000000000e+00,0.000000000000000000e+00,0.000000000000000000e+00,0.000000000000000000e+00,0.000000000000000000e+00,0.000000000000000000e+00,0.000000000000000000e+00,0.000000000000000000e+00,0.000000000000000000e+00,0.000000000000000000e+00,0.000000000000000000e+00,0.000000000000000000e+00,0.000000000000000000e+00,0.000000000000000000e+00,0.000000000000000000e+00,0.000000000000000000e+00,0.000000000000000000e+00,0.000000000000000000e+00,0.000000000000000000e+00,0.000000000000000000e+00,0.000000000000000000e+00,0.000000000000000000e+00,0.000000000000000000e+00,0.000000000000000000e+00
0.000000000000000000e+00,0.000000000000000000e+00,0.000000000000000000e+00,0.000000000000000000e+00,0.000000000000000000e+00,0.000000000000000000e+00,0.000000000000000000e+00,0.000000000000000000e+00,0.000000000000000000e+00,0.000000000000000000e+00,0.000000000000000000e+00,0.000000000000000000e+00,0.000000000000000000e+00,0.000000000000000000e+00,0.000000000000000000e+00,0.000000000000000000e+00,0.000000000000000000e+00,0.000000000000000000e+00,0.000000000000000000e+00,0.000000000000000000e+00,0.000000000000000000e+00,0.000000000000000000e+00,0.000000000000000000e+00,0.000000000000000000e+00,0.000000000000000000e+00,0.000000000000000000e+00,0.000000000000000000e+00,0.000000000000000000e+00,0.000000000000000000e+00,0.000000000000000000e+00,5.791610657221903102e-02,4.878027364653769044e-02,3.311760746954146850e-02,1.941077372632139114e-02,4.322566399711109258e-02,1.255744973860985214e-02,5.824404817603886370e-02,6.953221883631643951e-02,5.954330109544790639e-02,7.901842311743392799e-02,5.723531902937990801e-02,1.738643749191974910e-02,4.043166247168376859e-02,5.352197261686648250e-02,5.708965729474080320e-02,6.961878844613182682e-02,4.012563797657467402e-02,4.395709070900388760e-02,1.565524632288765178e-02,6.054622893224184677e-02,3.033672278998448407e-02,9.390056179552068449e-03,7.112336938160604416e-02,4.562383004775662915e-02,5.183701693747223838e-02,2.464108505761794174e-02,8.330751054973437042e-02,3.728563274203745143e-02,6.814284056529196221e-02,6.692345887675832383e-02,6.347895170256127872e-02,3.633217825943856755e-02,1.658480462807116612e-02,2.164860749169487258e-02,2.689582326657306149e-02,3.367731828131322047e-02,8.185462210774427372e-02,4.877177512677137450e-02,0.000000000000000000e+00,0.000000000000000000e+00,0.000000000000000000e+00,0.000000000000000000e+00,0.000000000000000000e+00,0.000000000000000000e+00,0.000000000000000000e+00,0.000000000000000000e+00,0.000000000000000000e+00,0.000000000000000000e+00,0.000000000000000000e+00,0.000000000000000000e+00,0.000000000000000000e+00,0.000000000000000000e+00,0.000000000000000000e+00,0.000000000000000000e+00,0.000000000000000000e+00,0.000000000000000000e+00,0.000000000000000000e+00,0.000000000000000000e+00,0.000000000000000000e+00,0.000000000000000000e+00,0.000000000000000000e+00,0.000000000000000000e+00,0.000000000000000000e+00,0.000000000000000000e+00,0.000000000000000000e+00,0.000000000000000000e+00,0.000000000000000000e+00,0.000000000000000000e+00,0.000000000000000000e+00,0.000000000000000000e+00
0.000000000000000000e+00,0.000000000000000000e+00,0.000000000000000000e+00,0.000000000000000000e+00,0.000000000000000000e+00,0.000000000000000000e+00,0.000000000000000000e+00,0.000000000000000000e+00,0.000000000000000000e+00,0.000000000000000000e+00,0.000000000000000000e+00,0.000000000000000000e+00,0.000000000000000000e+00,0.000000000000000000e+00,0.000000000000000000e+00,0.000000000000000000e+00,0.000000000000000000e+00,0.000000000000000000e+00,0.000000000000000000e+00,0.000000000000000000e+00,0.000000000000000000e+00,0.000000000000000000e+00,0.000000000000000000e+00,0.000000000000000000e+00,0.000000000000000000e+00,0.000000000000000000e+00,0.000000000000000000e+00,0.000000000000000000e+00,0.000000000000000000e+00,0.000000000000000000e+00,6.916030705260503564e-02,2.370054814703390772e-02,4.358053254993127235e-02,7.330346453570997511e-02,4.321924101172778393e-02,3.897941197097187782e-02,5.100950890619584260e-02,3.650588289646487794e-02,2.919760908785079198e-02,5.163217143922207986e-02,2.130446253772986728e-02,2.324496915611715120e-02,5.884236419924572525e-02,1.057063439910562036e-01,6.122289951200159119e-02,5.124329675433805797e-02,7.865300628049898268e-02,7.009698014487143747e-02,9.309726605707380198e-02,4.831584183298542196e-02,6.795393514623210285e-02,6.058880792162049667e-02,3.563575026194833878e-02,8.986069657956086143e-02,5.609399938153337983e-02,3.494296815279912538e-02,6.334054655032864134e-02,2.039387804961703340e-02,1.382261953288285022e-02,6.838071110367704986e-02,5.084582470054382908e-02,2.680725006071543390e-02,2.283461253570416225e-02,3.134049868124798993e-02,6.579419759735484485e-02,4.632796309997417455e-02,5.276716712179949781e-02,7.125914286140046239e-02,0.000000000000000000e+00,0.000000000000000000e+00,0.000000000000000000e+00,0.000000000000000000e+00,0.000000000000000000e+00,0.000000000000000000e+00,0.000000000000000000e+00,0.000000000000000000e+00,0.000000000000000000e+00,0.000000000000000000e+00,0.000000000000000000e+00,0.000000000000000000e+00,0.000000000000000000e+00,0.000000000000000000e+00,0.000000000000000000e+00,0.000000000000000000e+00,0.000000000000000000e+00,0.000000000000000000e+00,0.000000000000000000e+00,0.000000000000000000e+00,0.000000000000000000e+00,0.000000000000000000e+00,0.000000000000000000e+00,0.000000000000000000e+00,0.000000000000000000e+00,0.000000000000000000e+00,0.000000000000000000e+00,0.000000000000000000e+00,0.000000000000000000e+00,0.000000000000000000e+00,0.000000000000000000e+00,0.000000000000000000e+00
0.000000000000000000e+00,0.000000000000000000e+00,0.000000000000000000e+00,0.000000000000000000e+00,0.000000000000000000e+00,0.000000000000000000e+00,0.000000000000000000e+00,0.000000000000000000e+00,0.000000000000000000e+00,0.000000000000000000e+00,0.000000000000000000e+00,0.000000000000000000e+00,0.000000000000000000e+00,0.000000000000000000e+00,0.000000000000000000e+00,0.000000000000000000e+00,0.000000000000000000e+00,0.000000000000000000e+00,0.000000000000000000e+00,0.000000000000000000e+00,0.000000000000000000e+00,0.000000000000000000e+00,0.000000000000000000e+00,0.000000000000000000e+00,0.000000000000000000e+00,0.000000000000000000e+00,0.000000000000000000e+00,0.000000000000000000e+00,0.000000000000000000e+00,0.000000000000000000e+00,7.547660037256266607e-02,6.416112327795459036e-02,4.950959691555305991e-02,9.458490644785361168e-02,2.254496635627199763e-02,3.282964316659267578e-02,1.566111010459598357e-02,7.208155991664189077e-02,3.373474823863455846e-02,8.672631655285092944e-02,5.805323662217481279e-02,4.713212465828436198e-02,1.062775888221507148e-01,1.334199573887027979e-02,5.753688546817632005e-02,3.188448598661632050e-02,5.186360502080147872e-02,7.381227288257907748e-02,2.426657836394880211e-02,5.864206676290577985e-02,1.152881121553574195e-02,4.592517591769897795e-02,5.637386564601612471e-02,4.309419472736133322e-02,3.717679213786075770e-02,4.597149212335685520e-02,5.587635530650589960e-02,8.583602029577355741e-02,5.182441416971868275e-02,4.398735957584412604e-02,6.328798568048485396e-02,5.996894698859622785e-02,3.805180202154032770e-02,3.628532917666827534e-02,5.798799646235298227e-02,1.910856249045047792e-02,4.014151820468787879e-02,4.538266918638339531e-02,0.000000000000000000e+00,0.000000000000000000e+00,0.000000000000000000e+00,0.000000000000000000e+00,0.000000000000000000e+00,0.000000000000000000e+00,0.000000000000000000e+00,0.000000000000000000e+00,0.000000000000000000e+00,0.000000000000000000e+00,0.000000000000000000e+00,0.000000000000000000e+00,0.000000000000000000e+00,0.000000000000000000e+00,0.000000000000000000e+00,0.000000000000000000e+00,0.000000000000000000e+00,0.000000000000000000e+00,0.000000000000000000e+00,0.000000000000000000e+00,0.000000000000000000e+00,0.000000000000000000e+00,0.000000000000000000e+00,0.000000000000000000e+00,0.000000000000000000e+00,0.000000000000000000e+00,0.000000000000000000e+00,0.000000000000000000e+00,0.000000000000000000e+00,0.000000000000000000e+00,0.000000000000000000e+00,0.000000000000000000e+00
0.000000000000000000e+00,0.000000000000000000e+00,0.000000000000000000e+00,0.000000000000000000e+00,0.000000000000000000e+00,0.000000000000000000e+00,0.000000000000000000e+00,0.000000000000000000e+00,0.000000000000000000e+00,0.000000000000000000e+00,0.000000000000000000e+00,0.000000000000000000e+00,0.000000000000000000e+00,0.000000000000000000e+00,0.000000000000000000e+00,0.000000000000000000e+00,0.000000000000000000e+00,0.000000000000000000e+00,0.000000000000000000e+00,0.000000000000000000e+00,0.000000000000000000e+00,0.000000000000000000e+00,0.000000000000000000e+00,0.000000000000000000e+00,0.000000000000000000e+00,0.000000000000000000e+00,0.000000000000000000e+00,0.000000000000000000e+00,0.000000000000000000e+00,0.000000000000000000e+00,5.811636019067863840e-02,4.732246836150460351e-02,8.869684107231456949e-02,7.326601905566698658e-02,5.294811911985558561e-02,6.706082729052174896e-02,4.338379244606024171e-02,5.705732085478257276e-02,1.507146615464093065e-02,5.910895302173550109e-02,6.671361234752513913e-02,6.615209219648506000e-02,3.040878921875427368e-02,7.073927180321060160e-02,4.314690536715448665e-02,6.115193432712209831e-02,6.284634758421786538e-02,4.625411027654639795e-02,9.591131803738814354e-02,5.658224275462665764e-02,3.903275005992541680e-02,1.491099259323474396e-02,7.304376276516964805e-02,6.965994672139763644e-02,7.262112136612422497e-02,5.061850935313050304e-02,4.217057934865948987e-02,6.085807979683850039e-02,2.008630399173918710e-02,4.119229774733378091e-02,2.507307240039534715e-02,6.167552810107991557e-02,2.812232248718041228e-02,5.233417015063233230e-02,4.244906402774092924e-02,8.477672984376008469e-02,4.345695545211688410e-02,6.420013053709727746e-02,0.000000000000000000e+00,0.000000000000000000e+00,0.000000000000000000e+00,0.000000000000000000e+00,0.000000000000000000e+00,0.000000000000000000e+00,0.000000000000000000e+00,0.000000000000000000e+00,0.000000000000000000e+00,0.000000000000000000e+00,0.000000000000000000e+00,0.000000000000000000e+00,0.000000000000000000e+00,0.000000000000000000e+00,0.000000000000000000e+00,0.000000000000000000e+00,0.000000000000000000e+00,0.000000000000000000e+00,0.000000000000000000e+00,0.000000000000000000e+00,0.000000000000000000e+00,0.000000000000000000e+00,0.000000000000000000e+00,0.000000000000000000e+00,0.000000000000000000e+00,0.000000000000000000e+00,0.000000000000000000e+00,0.000000000000000000e+00,0.000000000000000000e+00,0.000000000000000000e+00,0.000000000000000000e+00,0.000000000000000000e+00
0.000000000000000000e+00,0.000000000000000000e+00,0.000000000000000000e+00,0.000000000000000000e+00,0.000000000000000000e+00,0.000000000000000000e+00,0.000000000000000000e+00,0.000000000000000000e+00,0.000000000000000000e+00,0.000000000000000000e+00,0.000000000000000000e+00,0.000000000000000000e+00,0.000000000000000000e+00,0.000000000000000000e+00,0.000000000000000000e+00,0.000000000000000000e+00,0.000000000000000000e+00,0.000000000000000000e+00,0.000000000000000000e+00,0.000000000000000000e+00,0.000000000000000000e+00,0.000000000000000000e+00,0.000000000000000000e+00,0.000000000000000000e+00,0.000000000000000000e+00,0.000000000000000000e+00,0.000000000000000000e+00,0.000000000000000000e+00,0.000000000000000000e+00,0.000000000000000000e+00,3.665278617499549696e-02,5.778045188305769991e-02,3.363540414898471415e-02,6.803832295635652005e-02,5.359310119620503549e-02,5.859149638182552938e-02,5.498349374350056107e-02,1.809446069214293643e-02,8.469501249859440195e-02,5.648727186787416005e-02,3.971183540477846163e-02,6.567947289983624981e-02,4.301982541632253659e-02,8.014363951203123948e-02,3.666744984917201522e-02,5.859843368577871692e-02,7.567285997254809271e-02,2.080858021879549921e-02,3.952451488210417113e-02,5.541139249470797279e-02,7.408015145153337699e-03,4.110636224206895561e-02,3.976023285156938397e-02,9.020437404593545372e-03,5.580987675355769673e-02,2.527871583878725861e-02,3.943044807772080884e-02,5.659013547735496086e-02,8.714155254473163192e-02,3.140493195034082391e-02,5.239353851592030292e-02,6.703882197530856846e-02,5.053709734397018871e-02,7.017364756976450513e-02,2.433667968711410515e-02,6.990863563877769415e-02,8.138560782761718182e-02,3.989980465337487903e-02,0.000000000000000000e+00,0.000000000000000000e+00,0.000000000000000000e+00,0.000000000000000000e+00,0.000000000000000000e+00,0.000000000000000000e+00,0.000000000000000000e+00,0.000000000000000000e+00,0.000000000000000000e+00,0.000000000000000000e+00,0.000000000000000000e+00,0.000000000000000000e+00,0.000000000000000000e+00,0.000000000000000000e+00,0.000000000000000000e+00,0.000000000000000000e+00,0.000000000000000000e+00,0.000000000000000000e+00,0.000000000000000000e+00,0.000000000000000000e+00,0.000000000000000000e+00,0.000000000000000000e+00,0.000000000000000000e+00,0.000000000000000000e+00,0.000000000000000000e+00,0.000000000000000000e+00,0.000000000000000000e+00,0.000000000000000000e+00,0.000000000000000000e+00,0.000000000000000000e+00,0.000000000000000000e+00,0.000000000000000000e+00
0.000000000000000000e+00,0.000000000000000000e+00,0.000000000000000000e+00,0.000000000000000000e+00,0.000000000000000000e+00,0.000000000000000000e+00,0.000000000000000000e+00,0.000000000000000000e+00,0.000000000000000000e+00,0.000000000000000000e+00,0.000000000000000000e+00,0.000000000000000000e+00,0.000000000000000000e+00,0.000000000000000000e+00,0.000000000000000000e+00,0.000000000000000000e+00,0.000000000000000000e+00,0.000000000000000000e+00,0.000000000000000000e+00,0.000000000000000000e+00,0.000000000000000000e+00,0.000000000000000000e+00,0.000000000000000000e+00,0.000000000000000000e+00,0.000000000000000000e+00,0.000000000000000000e+00,0.000000000000000000e+00,0.000000000000000000e+00,0.000000000000000000e+00,0.000000000000000000e+00,1.771921667490522490e-02,3.908792953602147763e-02,6.449359088215492197e-02,1.792243506400571437e-02,2.093706212165024824e-02,3.955320058658699789e-02,5.490539081876638638e-02,2.874344704604229334e-02,6.850190685611262653e-02,9.118331819620921486e-02,5.280519203261001271e-02,6.210195162230455063e-02,2.130933330433511241e-02,4.697752036208015236e-02,6.670009927476006073e-02,9.202594197757707484e-03,7.782468432040529072e-02,1.533927423268342805e-02,3.595263926851351155e-02,1.525177946284567154e-03,8.090432106968985237e-02,8.928002185073051489e-03,6.102413887594634878e-02,3.801316772205717842e-02,3.271787471298573391e-02,6.301150243472762591e-02,5.744257899020433628e-02,9.001491551411644476e-02,2.479627136882180463e-02,2.936101988127754955e-02,2.351136442108766808e-02,4.863066862981890726e-02,2.048987754001189987e-02,2.629782866547559009e-02,2.199723232096883335e-02,4.027645704150475958e-02,3.122242226174436197e-02,4.109937175209265464e-02,0.000000000000000000e+00,0.000000000000000000e+00,0.000000000000000000e+00,0.000000000000000000e+00,0.000000000000000000e+00,0.000000000000000000e+00,0.000000000000000000e+00,0.000000000000000000e+00,0.000000000000000000e+00,0.000000000000000000e+00,0.000000000000000000e+00,0.000000000000000000e+00,0.000000000000000000e+00,0.000000000000000000e+00,0.000000000000000000e+00,0.000000000000000000e+00,0.000000000000000000e+00,0.000000000000000000e+00,0.000000000000000000e+00,0.000000000000000000e+00,0.000000000000000000e+00,0.000000000000000000e+00,0.000000000000000000e+00,0.000000000000000000e+00,0.000000000000000000e+00,0.000000000000000000e+00,0.000000000000000000e+00,0.000000000000000000e+00,0.000000000000000000e+00,0.000000000000000000e+00,0.000000000000000000e+00,0.000000000000000000e+00
0.000000000000000000e+00,0.000000000000000000e+00,0.000000000000000000e+00,0.000000000000000000e+00,0.000000000000000000e+00,0.000000000000000000e+00,0.000000000000000000e+00,0.000000000000000000e+00,0.000000000000000000e+00,0.000000000000000000e+00,0.000000000000000000e+00,0.000000000000000000e+00,0.000000000000000000e+00,0.000000000000000000e+00,0.000000000000000000e+00,0.000000000000000000e+00,0.000000000000000000e+00,0.000000000000000000e+00,0.000000000000000000e+00,0.000000000000000000e+00,0.000000000000000000e+00,0.000000000000000000e+00,0.000000000000000000e+00,0.000000000000000000e+00,0.000000000000000000e+00,0.000000000000000000e+00,0.000000000000000000e+00,0.000000000000000000e+00,0.000000000000000000e+00,0.000000000000000000e+00,3.666233462342097932e-02,4.474489725515076038e-02,9.363826838536246089e-02,5.055266354121826927e-02,6.316391521514191920e-02,5.018076357971511942e-02,1.622663177688589420e-02,3.658340981113262363e-02,1.844847411062906437e-02,9.422855039302360791e-02,1.792235470749984141e-02,6.513091009996835323e-02,6.107952495289903361e-02,3.664856153031446906e-02,6.142122184251436884e-02,4.780415429102473357e-02,5.781031575400812084e-02,4.633289802402093538e-02,7.784266839264418480e-02,5.702647706023816765e-02,6.844958764174274846e-02,3.931016972415218858e-02,7.950407267155734647e-02,3.570465592558821899e-02,2.471841829841925353e-02,6.457807838141786660e-02,7.566586921492901574e-02,7.669912782235541182e-02,6.940614654926328952e-02,7.915809281591487667e-02,5.544394968959960590e-02,4.667921627357911329e-02,5.146714995317166336e-02,3.399594695987818993e-02,8.266871584653331939e-02,4.546821826469490957e-02,6.624258411106453970e-02,5.366541458851522423e-02,0.000000000000000000e+00,0.000000000000000000e+00,0.000000000000000000e+00,0.000000000000000000e+00,0.000000000000000000e+00,0.000000000000000000e+00,0.000000000000000000e+00,0.000000000000000000e+00,0.000000000000000000e+00,0.000000000000000000e+00,0.000000000000000000e+00,0.000000000000000000e+00,0.000000000000000000e+00,0.000000000000000000e+00,0.000000000000000000e+00,0.000000000000000000e+00,0.000000000000000000e+00,0.000000000000000000e+00,0.000000000000000000e+00,0.000000000000000000e+00,0.000000000000000000e+00,0.000000000000000000e+00,0.000000000000000000e+00,0.000000000000000000e+00,0.000000000000000000e+00,0.000000000000000000e+00,0.000000000000000000e+00,0.000000000000000000e+00,0.000000000000000000e+00,0.000000000000000000e+00,0.000000000000000000e+00,0.000000000000000000e+00
0.000000000000000000e+00,0.000000000000000000e+00,0.000000000000000000e+00,0.000000000000000000e+00,0.000000000000000000e+00,0.000000000000000000e+00,0.000000000000000000e+00,0.000000000000000000e+00,0.000000000000000000e+00,0.000000000000000000e+00,0.000000000000000000e+00,0.000000000000000000e+00,0.000000000000000000e+00,0.000000000000000000e+00,0.000000000000000000e+00,0.000000000000000000e+00,0.000000000000000000e+00,0.000000000000000000e+00,0.000000000000000000e+00,0.000000000000000000e+00,0.000000000000000000e+00,0.000000000000000000e+00,0.000000000000000000e+00,0.000000000000000000e+00,0.000000000000000000e+00,0.000000000000000000e+00,0.000000000000000000e+00,0.000000000000000000e+00,0.000000000000000000e+00,0.000000000000000000e+00,7.582603307785894253e-02,5.384915280063065635e-02,4.111946314396748570e-02,6.614596280623925850e-02,8.288389435244697401e-02,5.979808133207056842e-02,6.323347281730470892e-02,6.027498407159714855e-02,6.181408438108013104e-02,6.250264364220614599e-02,7.873603245025125041e-03,3.464087811309406878e-02,4.360000692085326535e-02,5.561218987953986392e-02,3.275104972180138685e-02,6.625086609855251885e-02,2.806864698469234073e-02,7.857491996627335995e-02,4.478014602163805230e-02,6.609269013914811919e-02,9.376762829164796142e-03,7.526384765148996792e-02,5.463978554256810477e-02,3.602954041944451957e-02,5.377361289857382487e-02,2.646468841389566437e-02,1.666283356211654965e-03,6.048025180502432374e-02,7.590739930521911427e-02,5.336227426309539390e-02,2.894361288425297343e-02,4.711908883443984702e-02,5.429154824897770848e-02,2.800512400676498717e-02,6.210789905546071354e-02,7.621428833191490337e-02,3.067229343698569741e-02,3.691973260424152858e-02,0.000000000000000000e+00,0.000000000000000000e+00,0.000000000000000000e+00,0.000000000000000000e+00,0.000000000000000000e+00,0.000000000000000000e+00,0.000000000000000000e+00,0.000000000000000000e+00,0.000000000000000000e+00,0.000000000000000000e+00,0.000000000000000000e+00,0.000000000000000000e+00,0.000000000000000000e+00,0.000000000000000000e+00,0.000000000000000000e+00,0.000000000000000000e+00,0.000000000000000000e+00,0.000000000000000000e+00,0.000000000000000000e+00,0.000000000000000000e+00,0.000000000000000000e+00,0.000000000000000000e+00,0.000000000000000000e+00,0.000000000000000000e+00,0.000000000000000000e+00,0.000000000000000000e+00,0.000000000000000000e+00,0.000000000000000000e+00,0.000000000000000000e+00,0.000000000000000000e+00,0.000000000000000000e+00,0.000000000000000000e+00
0.000000000000000000e+00,0.000000000000000000e+00,0.000000000000000000e+00,0.000000000000000000e+00,0.000000000000000000e+00,0.000000000000000000e+00,0.000000000000000000e+00,0.000000000000000000e+00,0.000000000000000000e+00,0.000000000000000000e+00,0.000000000000000000e+00,0.000000000000000000e+00,0.000000000000000000e+00,0.000000000000000000e+00,0.000000000000000000e+00,0.000000000000000000e+00,0.000000000000000000e+00,0.000000000000000000e+00,0.000000000000000000e+00,0.000000000000000000e+00,0.000000000000000000e+00,0.000000000000000000e+00,0.000000000000000000e+00,0.000000000000000000e+00,0.000000000000000000e+00,0.000000000000000000e+00,0.000000000000000000e+00,0.000000000000000000e+00,0.000000000000000000e+00,0.000000000000000000e+00,1.837030633680381345e-02,5.046247431150131108e-02,3.190732180140507662e-02,3.189410146520751943e-02,6.522238423161526299e-02,6.537032473341689021e-02,4.930296688964722757e-02,4.431994629269892655e-02,5.655901816226634182e-02,3.163304573097079631e-02,8.674904460690126273e-02,5.017334076080240401e-02,4.313216833015455498e-02,5.307546508112690603e-02,6.298612515593543515e-02,6.183198844349369755e-02,1.811959230658569467e-02,6.220375561692135374e-02,6.207491788090149787e-02,7.338163655236303040e-02,4.225365713214800784e-02,2.763465946070898030e-02,3.657896683895157930e-02,2.522410997942345356e-02,3.850492766765589020e-02,4.438919954190764794e-02,3.605609082958075723e-02,3.840611642661161812e-02,3.591050418331773186e-02,4.764457532445814936e-02,6.517424771711304021e-02,2.997201477375330617e-02,1.747591523936381508e-02,2.471545434198446980e-02,4.406791895026888894e-02,6.353606537815355282e-02,6.061629485121370481e-02,5.707965614299356782e-03,0.000000000000000000e+00,0.000000000000000000e+00,0.000000000000000000e+00,0.000000000000000000e+00,0.000000000000000000e+00,0.000000000000000000e+00,0.000000000000000000e+00,0.000000000000000000e+00,0.000000000000000000e+00,0.000000000000000000e+00,0.000000000000000000e+00,0.000000000000000000e+00,0.000000000000000000e+00,0.000000000000000000e+00,0.000000000000000000e+00,0.000000000000000000e+00,0.000000000000000000e+00,0.000000000000000000e+00,0.000000000000000000e+00,0.000000000000000000e+00,0.000000000000000000e+00,0.000000000000000000e+00,0.000000000000000000e+00,0.000000000000000000e+00,0.000000000000000000e+00,0.000000000000000000e+00,0.000000000000000000e+00,0.000000000000000000e+00,0.000000000000000000e+00,0.000000000000000000e+00,0.000000000000000000e+00,0.000000000000000000e+00
0.000000000000000000e+00,0.000000000000000000e+00,0.000000000000000000e+00,0.000000000000000000e+00,0.000000000000000000e+00,0.000000000000000000e+00,0.000000000000000000e+00,0.000000000000000000e+00,0.000000000000000000e+00,0.000000000000000000e+00,0.000000000000000000e+00,0.000000000000000000e+00,0.000000000000000000e+00,0.000000000000000000e+00,0.000000000000000000e+00,0.000000000000000000e+00,0.000000000000000000e+00,0.000000000000000000e+00,0.000000000000000000e+00,0.000000000000000000e+00,0.000000000000000000e+00,0.000000000000000000e+00,0.000000000000000000e+00,0.000000000000000000e+00,0.000000000000000000e+00,0.000000000000000000e+00,0.000000000000000000e+00,0.000000000000000000e+00,0.000000000000000000e+00,0.000000000000000000e+00,6.678003898395215576e-02,5.117327866152693305e-02,5.101073426874154493e-02,8.011017452487348423e-02,4.789067062048853185e-02,3.511964635712456345e-02,5.557780341704661453e-02,7.570824616395011031e-02,5.803990949689996626e-02,2.372618420370799924e-02,8.029140774787693613e-02,6.165686593475996902e-02,8.426445873830384903e-02,5.050767640952133486e-02,4.383562484519674951e-02,8.690561502471789990e-02,4.727095157722860375e-02,6.878192459102865086e-02,5.108960878914221154e-02,4.922783582759691912e-02,5.878882394029486674e-02,4.398596076053153808e-02,1.053882509931949180e-02,4.123631926484909449e-02,2.454594480090723299e-02,4.847828438933021039e-02,8.369546201799626939e-02,7.330664826880502194e-02,7.590319193088594651e-02,3.863319919308576961e-02,6.231111607457265333e-02,4.821230982899983586e-02,2.660738420863571069e-02,4.535184121817865260e-02,4.690684241772652419e-02,7.173788844028805567e-02,2.995991029372045353e-02,6.489992177653561289e-02,0.000000000000000000e+00,0.000000000000000000e+00,0.000000000000000000e+00,0.000000000000000000e+00,0.000000000000000000e+00,0.000000000000000000e+00,0.000000000000000000e+00,0.000000000000000000e+00,0.000000000000000000e+00,0.000000000000000000e+00,0.000000000000000000e+00,0.000000000000000000e+00,0.000000000000000000e+00,0.000000000000000000e+00,0.000000000000000000e+00,0.000000000000000000e+00,0.000000000000000000e+00,0.000000000000000000e+00,0.000000000000000000e+00,0.000000000000000000e+00,0.000000000000000000e+00,0.000000000000000000e+00,0.000000000000000000e+00,0.000000000000000000e+00,0.000000000000000000e+00,0.000000000000000000e+00,0.000000000000000000e+00,0.000000000000000000e+00,0.000000000000000000e+00,0.000000000000000000e+00,0.000000000000000000e+00,0.000000000000000000e+00
0.000000000000000000e+00,0.000000000000000000e+00,0.000000000000000000e+00,0.000000000000000000e+00,0.000000000000000000e+00,0.000000000000000000e+00,0.000000000000000000e+00,0.000000000000000000e+00,0.000000000000000000e+00,0.000000000000000000e+00,0.000000000000000000e+00,0.000000000000000000e+00,0.000000000000000000e+00,0.000000000000000000e+00,0.000000000000000000e+00,0.000000000000000000e+00,0.000000000000000000e+00,0.000000000000000000e+00,0.000000000000000000e+00,0.000000000000000000e+00,0.000000000000000000e+00,0.000000000000000000e+00,0.000000000000000000e+00,0.000000000000000000e+00,0.000000000000000000e+00,0.000000000000000000e+00,0.000000000000000000e+00,0.000000000000000000e+00,0.000000000000000000e+00,0.000000000000000000e+00,6.518261250629113490e-02,5.416495328084189320e-02,9.053471557964681837e-02,3.257401450573809559e-02,4.438015843642017372e-02,5.990765866187552913e-02,3.539511036015872275e-02,3.925384336190490542e-02,2.168164373833847761e-02,6.860197302078685500e-02,7.409115245102838865e-02,8.180861752599702386e-02,8.644744619360814064e-02,9.895068824154534814e-02,2.338247932131836543e-02,3.264408799716118220e-02,4.081078184316530577e-02,4.149272681168295757e-02,7.426590210838543427e-02,8.582861565333893550e-02,5.072120173033156654e-03,2.069102608055544898e-02,4.664393576343776188e-02,5.689795828997523675e-02,6.874954256661978957e-02,6.123950403806052711e-02,7.227448007691532339e-02,3.985727362912574318e-02,3.120171518808222480e-02,4.309815523704749185e-02,5.151974323449891313e-02,3.203772275824019744e-02,6.526708698653853336e-02,5.428662497807049819e-02,1.925901710479960630e-02,1.250586659203562628e-02,3.345124523881280038e-02,5.383446763321746154e-02,0.000000000000000000e+00,0.000000000000000000e+00,0.000000000000000000e+00,0.000000000000000000e+00,0.000000000000000000e+00,0.000000000000000000e+00,0.000000000000000000e+00,0.000000000000000000e+00,0.000000000000000000e+00,0.000000000000000000e+00,0.000000000000000000e+00,0.000000000000000000e+00,0.000000000000000000e+00,0.000000000000000000e+00,0.000000000000000000e+00,0.000000000000000000e+00,0.000000000000000000e+00,0.000000000000000000e+00,0.000000000000000000e+00,0.000000000000000000e+00,0.000000000000000000e+00,0.000000000000000000e+00,0.000000000000000000e+00,0.000000000000000000e+00,0.000000000000000000e+00,0.000000000000000000e+00,0.000000000000000000e+00,0.000000000000000000e+00,0.000000000000000000e+00,0.000000000000000000e+00,0.000000000000000000e+00,0.000000000000000000e+00
0.000000000000000000e+00,0.000000000000000000e+00,0.000000000000000000e+00,0.000000000000000000e+00,0.000000000000000000e+00,0.000000000000000000e+00,0.000000000000000000e+00,0.000000000000000000e+00,0.000000000000000000e+00,0.000000000000000000e+00,0.000000000000000000e+00,0.000000000000000000e+00,0.000000000000000000e+00,0.000000000000000000e+00,0.000000000000000000e+00,0.000000000000000000e+00,0.000000000000000000e+00,0.000000000000000000e+00,0.000000000000000000e+00,0.000000000000000000e+00,0.000000000000000000e+00,0.000000000000000000e+00,0.000000000000000000e+00,0.000000000000000000e+00,0.000000000000000000e+00,0.000000000000000000e+00,0.000000000000000000e+00,0.000000000000000000e+00,0.000000000000000000e+00,0.000000000000000000e+00,8.173682541440155380e-02,2.247897452905239443e-02,9.384991807335563152e-02,4.143814011543872633e-02,7.742600829195751821e-02,2.936380526075295025e-02,6.338865195087745041e-02,4.896430823331372750e-02,4.162228840606237851e-02,3.891963765283323884e-02,6.828173957124161753e-02,3.212157634843901266e-02,8.164128912005789995e-03,9.049477211103773566e-02,3.472005405890703916e-02,2.587816975204669870e-02,4.688757605822576474e-02,4.821032165381067269e-02,3.102727585026938614e-02,3.793000656263636333e-02,8.942077673181944575e-02,2.857305277682478314e-02,5.312565047696767018e-02,4.640063247475983976e-03,4.080657060156902410e-02,5.962404767654488902e-02,4.716811944795993444e-02,8.084458022822060830e-02,3.770578889234036529e-02,5.529634888214918220e-02,6.249353289064191880e-02,3.288290887046769334e-02,2.352306458358999902e-02,6.804236675300175119e-02,3.358671985082106737e-02,3.412309457318162681e-02,6.513090347417771486e-02,4.417849388826882578e-02,0.000000000000000000e+00,0.000000000000000000e+00,0.000000000000000000e+00,0.000000000000000000e+00,0.000000000000000000e+00,0.000000000000000000e+00,0.000000000000000000e+00,0.000000000000000000e+00,0.000000000000000000e+00,0.000000000000000000e+00,0.000000000000000000e+00,0.000000000000000000e+00,0.000000000000000000e+00,0.000000000000000000e+00,0.000000000000000000e+00,0.000000000000000000e+00,0.000000000000000000e+00,0.000000000000000000e+00,0.000000000000000000e+00,0.000000000000000000e+00,0.000000000000000000e+00,0.000000000000000000e+00,0.000000000000000000e+00,0.000000000000000000e+00,0.000000000000000000e+00,0.000000000000000000e+00,0.000000000000000000e+00,0.000000000000000000e+00,0.000000000000000000e+00,0.000000000000000000e+00,0.000000000000000000e+00,0.000000000000000000e+00
0.000000000000000000e+00,0.000000000000000000e+00,0.000000000000000000e+00,0.000000000000000000e+00,0.000000000000000000e+00,0.000000000000000000e+00,0.000000000000000000e+00,0.000000000000000000e+00,0.000000000000000000e+00,0.000000000000000000e+00,0.000000000000000000e+00,0.000000000000000000e+00,0.000000000000000000e+00,0.000000000000000000e+00,0.000000000000000000e+00,0.000000000000000000e+00,0.000000000000000000e+00,0.000000000000000000e+00,0.000000000000000000e+00,0.000000000000000000e+00,0.000000000000000000e+00,0.000000000000000000e+00,0.000000000000000000e+00,0.000000000000000000e+00,0.000000000000000000e+00,0.000000000000000000e+00,0.000000000000000000e+00,0.000000000000000000e+00,0.000000000000000000e+00,0.000000000000000000e+00,9.449537359052256891e-02,5.652767069271547040e-02,4.350164758072491700e-02,2.378995493990188753e-02,8.319824928147792620e-02,5.018544375001620511e-02,6.721241066507543938e-02,3.184740045470155212e-02,3.031441597928342252e-02,2.133146901439065754e-02,6.250348908683087124e-02,3.838848729978071306e-02,1.779841078888644637e-02,7.011630666818227664e-02,4.883466184716420827e-02,8.034529218603134182e-02,2.763982718470319941e-02,7.490362886689343191e-02,6.199488799476622625e-02,2.269968741655907507e-03,5.669691473429160078e-02,3.977179791323767755e-02,6.987130507469205276e-02,3.850489998303557870e-02,5.769317340978884212e-02,6.083214482985570271e-02,1.587804593877583520e-02,1.039483368131589036e-01,3.232539575629905793e-02,4.575512371004317180e-02,6.643653661993917381e-02,4.389284250718532288e-02,8.778292151553392098e-02,3.850575755328242145e-02,4.109990466940853515e-02,7.658569888686191096e-02,7.489989537837761502e-02,2.100117504211027400e-02,0.000000000000000000e+00,0.000000000000000000e+00,0.000000000000000000e+00,0.000000000000000000e+00,0.000000000000000000e+00,0.000000000000000000e+00,0.000000000000000000e+00,0.000000000000000000e+00,0.000000000000000000e+00,0.000000000000000000e+00,0.000000000000000000e+00,0.000000000000000000e+00,0.000000000000000000e+00,0.000000000000000000e+00,0.000000000000000000e+00,0.000000000000000000e+00,0.000000000000000000e+00,0.000000000000000000e+00,0.000000000000000000e+00,0.000000000000000000e+00,0.000000000000000000e+00,0.000000000000000000e+00,0.000000000000000000e+00,0.000000000000000000e+00,0.000000000000000000e+00,0.000000000000000000e+00,0.000000000000000000e+00,0.000000000000000000e+00,0.000000000000000000e+00,0.000000000000000000e+00,0.000000000000000000e+00,0.000000000000000000e+00
0.000000000000000000e+00,0.000000000000000000e+00,0.000000000000000000e+00,0.000000000000000000e+00,0.000000000000000000e+00,0.000000000000000000e+00,0.000000000000000000e+00,0.000000000000000000e+00,0.000000000000000000e+00,0.000000000000000000e+00,0.000000000000000000e+00,0.000000000000000000e+00,0.000000000000000000e+00,0.000000000000000000e+00,0.000000000000000000e+00,0.000000000000000000e+00,0.000000000000000000e+00,0.000000000000000000e+00,0.000000000000000000e+00,0.000000000000000000e+00,0.000000000000000000e+00,0.000000000000000000e+00,0.000000000000000000e+00,0.000000000000000000e+00,0.000000000000000000e+00,0.000000000000000000e+00,0.000000000000000000e+00,0.000000000000000000e+00,0.000000000000000000e+00,0.000000000000000000e+00,1.159590846934200475e-02,3.900069451111577712e-02,4.328843129369036591e-02,6.143504102146566531e-02,7.675974336943790222e-02,3.662557114879676223e-02,5.510464068744845567e-02,1.809680492038916524e-02,8.505211784984237355e-02,8.702796139290104593e-02,5.206055919667438442e-02,3.888764251220484108e-02,3.013867925697805497e-02,3.670178292481978549e-02,3.318356776931549734e-02,7.686532624279890369e-02,8.259997077580719105e-02,4.748683006989298100e-02,8.164482389343161173e-02,5.184608459569890054e-02,7.294274356964179640e-02,4.483852965466312429e-02,4.952292618078884406e-02,5.873892806820010110e-02,2.663859911549716630e-02,4.435310978150090733e-02,7.709069666742240923e-02,7.831576088187661155e-02,1.027133613539245455e-01,4.794633075744116069e-02,4.084395624203379649e-02,7.119050342728705516e-02,5.902140064685459930e-02,4.236576868340651697e-02,6.409580793950259148e-02,3.282306902586073355e-02,7.445532035380517111e-02,4.502865327212408897e-02,0.000000000000000000e+00,0.000000000000000000e+00,0.000000000000000000e+00,0.000000000000000000e+00,0.000000000000000000e+00,0.000000000000000000e+00,0.000000000000000000e+00,0.000000000000000000e+00,0.000000000000000000e+00,0.000000000000000000e+00,0.000000000000000000e+00,0.000000000000000000e+00,0.000000000000000000e+00,0.000000000000000000e+00,0.000000000000000000e+00,0.000000000000000000e+00,0.000000000000000000e+00,0.000000000000000000e+00,0.000000000000000000e+00,0.000000000000000000e+00,0.000000000000000000e+00,0.000000000000000000e+00,0.000000000000000000e+00,0.000000000000000000e+00,0.000000000000000000e+00,0.000000000000000000e+00,0.000000000000000000e+00,0.000000000000000000e+00,0.000000000000000000e+00,0.000000000000000000e+00,0.000000000000000000e+00,0.000000000000000000e+00
0.000000000000000000e+00,0.000000000000000000e+00,0.000000000000000000e+00,0.000000000000000000e+00,0.000000000000000000e+00,0.000000000000000000e+00,0.000000000000000000e+00,0.000000000000000000e+00,0.000000000000000000e+00,0.000000000000000000e+00,0.000000000000000000e+00,0.000000000000000000e+00,0.000000000000000000e+00,0.000000000000000000e+00,0.000000000000000000e+00,0.000000000000000000e+00,0.000000000000000000e+00,0.000000000000000000e+00,0.000000000000000000e+00,0.000000000000000000e+00,0.000000000000000000e+00,0.000000000000000000e+00,0.000000000000000000e+00,0.000000000000000000e+00,0.000000000000000000e+00,0.000000000000000000e+00,0.000000000000000000e+00,0.000000000000000000e+00,0.000000000000000000e+00,0.000000000000000000e+00,3.607419209952859862e-02,6.184468776096100490e-02,6.270514913102089027e-02,6.408850887543757202e-02,4.576671187847868028e-02,4.281578611012422375e-02,9.416301178334804400e-02,4.404306613568702983e-02,4.068647403056820794e-02,2.833854851076912998e-02,2.852313642408294339e-02,1.819348138167146273e-02,2.700495204530370744e-02,4.179225781131584716e-03,5.619606666173040249e-02,3.080633422239272348e-02,6.572932772424426584e-02,2.782865370206275002e-02,6.773103134284091942e-02,2.951942102547864058e-02,6.598051877281703448e-02,4.716339479048412692e-02,1.875988139031554286e-02,4.978590354900104542e-02,6.769718163339386030e-02,7.311460419983289993e-02,6.743540772601466782e-02,4.208260459229322403e-02,3.784131044952636358e-02,5.095779806818792612e-02,8.621935991906942709e-04,5.613190563457501336e-02,2.781550828127878419e-02,1.510812783273125792e-02,6.040727224297189751e-02,1.737598961156765209e-02,7.877297179015511908e-02,6.008493339328992849e-02,0.000000000000000000e+00,0.000000000000000000e+00,0.000000000000000000e+00,0.000000000000000000e+00,0.000000000000000000e+00,0.000000000000000000e+00,0.000000000000000000e+00,0.000000000000000000e+00,0.000000000000000000e+00,0.000000000000000000e+00,0.000000000000000000e+00,0.000000000000000000e+00,0.000000000000000000e+00,0.000000000000000000e+00,0.000000000000000000e+00,0.000000000000000000e+00,0.000000000000000000e+00,0.000000000000000000e+00,0.000000000000000000e+00,0.000000000000000000e+00,0.000000000000000000e+00,0.000000000000000000e+00,0.000000000000000000e+00,0.000000000000000000e+00,0.000000000000000000e+00,0.000000000000000000e+00,0.000000000000000000e+00,0.000000000000000000e+00,0.000000000000000000e+00,0.000000000000000000e+00,0.000000000000000000e+00,0.000000000000000000e+00
0.000000000000000000e+00,0.000000000000000000e+00,0.000000000000000000e+00,0.000000000000000000e+00,0.000000000000000000e+00,0.000000000000000000e+00,0.000000000000000000e+00,0.000000000000000000e+00,0.000000000000000000e+00,0.000000000000000000e+00,0.000000000000000000e+00,0.000000000000000000e+00,0.000000000000000000e+00,0.000000000000000000e+00,0.000000000000000000e+00,0.000000000000000000e+00,0.000000000000000000e+00,0.000000000000000000e+00,0.000000000000000000e+00,0.000000000000000000e+00,0.000000000000000000e+00,0.000000000000000000e+00,0.000000000000000000e+00,0.000000000000000000e+00,0.000000000000000000e+00,0.000000000000000000e+00,0.000000000000000000e+00,0.000000000000000000e+00,0.000000000000000000e+00,0.000000000000000000e+00,3.378359376838932504e-02,9.873137751505572934e-02,3.314242643686015483e-02,3.864389604556939251e-02,2.974431880724359711e-02,2.753668959190681831e-02,4.319328023591883364e-02,1.062161691378539219e-01,2.003823970973317090e-02,5.479553226505826796e-02,1.418982195188142614e-02,2.845989379985203530e-02,4.799100015597314306e-02,5.630322979041899045e-02,3.294702931281949521e-02,3.642325892298732548e-02,3.021492442029495226e-02,2.459801778537890754e-02,7.604950962154286009e-02,3.350045054996120264e-02,5.505238090029486442e-02,8.094518527451242951e-02,4.257116204286710143e-02,5.694058850037327091e-02,4.489444120861643683e-02,2.099151401126061675e-02,5.343172550266579723e-02,5.825030450129074083e-02,5.830924235406835521e-02,2.757530484800112258e-02,1.966999953800632056e-02,2.512394976975709099e-02,3.632504759020133145e-03,6.080342699804714562e-02,4.768109114171166507e-02,2.310786232755937530e-02,5.471638535450317614e-02,7.533320135437400478e-02,0.000000000000000000e+00,0.000000000000000000e+00,0.000000000000000000e+00,0.000000000000000000e+00,0.000000000000000000e+00,0.000000000000000000e+00,0.000000000000000000e+00,0.000000000000000000e+00,0.000000000000000000e+00,0.000000000000000000e+00,0.000000000000000000e+00,0.000000000000000000e+00,0.000000000000000000e+00,0.000000000000000000e+00,0.000000000000000000e+00,0.000000000000000000e+00,0.000000000000000000e+00,0.000000000000000000e+00,0.000000000000000000e+00,0.000000000000000000e+00,0.000000000000000000e+00,0.000000000000000000e+00,0.000000000000000000e+00,0.000000000000000000e+00,0.000000000000000000e+00,0.000000000000000000e+00,0.000000000000000000e+00,0.000000000000000000e+00,0.000000000000000000e+00,0.000000000000000000e+00,0.000000000000000000e+00,0.000000000000000000e+00
0.000000000000000000e+00,0.000000000000000000e+00,0.000000000000000000e+00,0.000000000000000000e+00,0.000000000000000000e+00,0.000000000000000000e+00,0.000000000000000000e+00,0.000000000000000000e+00,0.000000000000000000e+00,0.000000000000000000e+00,0.000000000000000000e+00,0.000000000000000000e+00,0.000000000000000000e+00,0.000000000000000000e+00,0.000000000000000000e+00,0.000000000000000000e+00,0.000000000000000000e+00,0.000000000000000000e+00,0.000000000000000000e+00,0.000000000000000000e+00,0.000000000000000000e+00,0.000000000000000000e+00,0.000000000000000000e+00,0.000000000000000000e+00,0.000000000000000000e+00,0.000000000000000000e+00,0.000000000000000000e+00,0.000000000000000000e+00,0.000000000000000000e+00,0.000000000000000000e+00,3.198199826059640316e-02,6.778736111865704683e-02,8.590730616796167507e-03,6.182013062483806415e-02,1.263936137533413773e-01,2.971680610399993552e-02,8.417281225046541193e-02,7.174835634548790142e-02,1.998082335555938921e-02,6.327522142012517725e-02,1.526331497346705007e-02,5.035611422960129674e-02,6.536365146254669023e-02,5.194899463260670841e-02,1.026463716115390973e-02,2.485486871114071447e-02,4.488390068904943991e-02,2.823441752313346487e-02,9.798397721177798392e-02,5.607478737967616644e-02,3.196274851359285490e-02,3.915222854498315308e-02,7.332362150264512546e-02,4.618442337343716536e-02,6.731062048114497265e-02,3.917379004093902300e-02,7.165744065859017131e-02,5.427530397203148005e-02,4.244317835130380356e-02,4.837113924427584311e-02,6.083398482244766620e-02,5.142923124898465120e-02,5.445020318031547346e-02,4.446698596517958957e-02,3.900932764821003068e-02,5.708996939098317375e-02,5.059797115512026239e-02,4.668243197884711093e-02,0.000000000000000000e+00,0.000000000000000000e+00,0.000000000000000000e+00,0.000000000000000000e+00,0.000000000000000000e+00,0.000000000000000000e+00,0.000000000000000000e+00,0.000000000000000000e+00,0.000000000000000000e+00,0.000000000000000000e+00,0.000000000000000000e+00,0.000000000000000000e+00,0.000000000000000000e+00,0.000000000000000000e+00,0.000000000000000000e+00,0.000000000000000000e+00,0.000000000000000000e+00,0.000000000000000000e+00,0.000000000000000000e+00,0.000000000000000000e+00,0.000000000000000000e+00,0.000000000000000000e+00,0.000000000000000000e+00,0.000000000000000000e+00,0.000000000000000000e+00,0.000000000000000000e+00,0.000000000000000000e+00,0.000000000000000000e+00,0.000000000000000000e+00,0.000000000000000000e+00,0.000000000000000000e+00,0.000000000000000000e+00
0.000000000000000000e+00,0.000000000000000000e+00,0.000000000000000000e+00,0.000000000000000000e+00,0.000000000000000000e+00,0.000000000000000000e+00,0.000000000000000000e+00,0.000000000000000000e+00,0.000000000000000000e+00,0.000000000000000000e+00,0.000000000000000000e+00,0.000000000000000000e+00,0.000000000000000000e+00,0.000000000000000000e+00,0.000000000000000000e+00,0.000000000000000000e+00,0.000000000000000000e+00,0.000000000000000000e+00,0.000000000000000000e+00,0.000000000000000000e+00,0.000000000000000000e+00,0.000000000000000000e+00,0.000000000000000000e+00,0.000000000000000000e+00,0.000000000000000000e+00,0.000000000000000000e+00,0.000000000000000000e+00,0.000000000000000000e+00,0.000000000000000000e+00,0.000000000000000000e+00,2.410879441321209238e-02,5.485797483151404197e-02,6.687861864940351786e-02,7.473210831504172036e-02,3.764183826281901346e-03,6.427475021203755967e-02,3.435253894209053249e-02,6.042220079702571162e-02,6.183844278607728007e-03,6.717253447179240278e-02,4.158813142289106979e-02,4.316850571563926597e-02,2.694503663028577009e-02,2.205303807138739303e-02,2.255070591185602893e-02,5.524127617109393651e-02,2.138539186394157465e-02,5.832786375213289826e-02,5.427376168973335746e-02,5.211959198101535906e-02,4.720634639064815591e-02,5.267554294720463992e-02,4.365304253603759232e-02,3.212648352062750373e-02,7.489476508008117983e-02,5.856773647840764208e-02,3.872316640708506341e-02,3.692091203240251140e-02,1.773000093619156448e-02,3.004975014448852538e-02,3.478996461536101870e-02,7.169833957758151022e-02,8.762621803826235733e-02,1.943045323525316795e-02,6.230285211084073821e-02,5.612578655577614428e-02,2.437646724796621589e-02,1.170916091548503124e-02,0.000000000000000000e+00,0.000000000000000000e+00,0.000000000000000000e+00,0.000000000000000000e+00,0.000000000000000000e+00,0.000000000000000000e+00,0.000000000000000000e+00,0.000000000000000000e+00,0.000000000000000000e+00,0.000000000000000000e+00,0.000000000000000000e+00,0.000000000000000000e+00,0.000000000000000000e+00,0.000000000000000000e+00,0.000000000000000000e+00,0.000000000000000000e+00,0.000000000000000000e+00,0.000000000000000000e+00,0.000000000000000000e+00,0.000000000000000000e+00,0.000000000000000000e+00,0.000000000000000000e+00,0.000000000000000000e+00,0.000000000000000000e+00,0.000000000000000000e+00,0.000000000000000000e+00,0.000000000000000000e+00,0.000000000000000000e+00,0.000000000000000000e+00,0.000000000000000000e+00,0.000000000000000000e+00,0.000000000000000000e+00
0.000000000000000000e+00,0.000000000000000000e+00,0.000000000000000000e+00,0.000000000000000000e+00,0.000000000000000000e+00,0.000000000000000000e+00,0.000000000000000000e+00,0.000000000000000000e+00,0.000000000000000000e+00,0.000000000000000000e+00,0.000000000000000000e+00,0.000000000000000000e+00,0.000000000000000000e+00,0.000000000000000000e+00,0.000000000000000000e+00,0.000000000000000000e+00,0.000000000000000000e+00,0.000000000000000000e+00,0.000000000000000000e+00,0.000000000000000000e+00,0.000000000000000000e+00,0.000000000000000000e+00,0.000000000000000000e+00,0.000000000000000000e+00,0.000000000000000000e+00,0.000000000000000000e+00,0.000000000000000000e+00,0.000000000000000000e+00,0.000000000000000000e+00,0.000000000000000000e+00,2.192607543256661073e-02,8.391952882359512977e-02,3.040204598969814889e-02,5.830661283703584413e-02,5.059131007189344303e-02,6.820441345258963783e-02,4.307969586703818549e-02,3.739880332045510819e-02,6.477378698267803603e-02,2.989093723029888003e-02,3.824915234620315796e-02,1.595872025953073980e-02,1.104785121184082702e-02,4.211163130999889814e-02,2.308098410061134101e-02,6.744406705150886305e-02,1.026158305334153586e-01,9.235255645525330959e-02,3.225286993542209046e-02,4.424052524619378340e-02,6.730855239857558292e-02,8.280236180574276905e-02,5.202138401634993914e-02,6.445919256679898124e-02,1.170020142097786403e-02,4.975616796721894775e-02,6.711480354860137332e-02,6.256499947289016761e-02,3.883825047905471034e-02,4.214275295084965456e-02,1.042461476836937379e-02,4.453794730345442959e-02,3.203287664602557511e-02,5.016229889858241781e-02,4.034992196464918385e-02,9.006989469093704126e-02,4.162955835563308254e-02,8.103164641209310848e-02,0.000000000000000000e+00,0.000000000000000000e+00,0.000000000000000000e+00,0.000000000000000000e+00,0.000000000000000000e+00,0.000000000000000000e+00,0.000000000000000000e+00,0.000000000000000000e+00,0.000000000000000000e+00,0.000000000000000000e+00,0.000000000000000000e+00,0.000000000000000000e+00,0.000000000000000000e+00,0.000000000000000000e+00,0.000000000000000000e+00,0.000000000000000000e+00,0.000000000000000000e+00,0.000000000000000000e+00,0.000000000000000000e+00,0.000000000000000000e+00,0.000000000000000000e+00,0.000000000000000000e+00,0.000000000000000000e+00,0.000000000000000000e+00,0.000000000000000000e+00,0.000000000000000000e+00,0.000000000000000000e+00,0.000000000000000000e+00,0.000000000000000000e+00,0.000000000000000000e+00,0.000000000000000000e+00,0.000000000000000000e+00
0.000000000000000000e+00,0.000000000000000000e+00,0.000000000000000000e+00,0.000000000000000000e+00,0.000000000000000000e+00,0.000000000000000000e+00,0.000000000000000000e+00,0.000000000000000000e+00,0.000000000000000000e+00,0.000000000000000000e+00,0.000000000000000000e+00,0.000000000000000000e+00,0.000000000000000000e+00,0.000000000000000000e+00,0.000000000000000000e+00,0.000000000000000000e+00,0.000000000000000000e+00,0.000000000000000000e+00,0.000000000000000000e+00,0.000000000000000000e+00,0.000000000000000000e+00,0.000000000000000000e+00,0.000000000000000000e+00,0.000000000000000000e+00,0.000000000000000000e+00,0.000000000000000000e+00,0.000000000000000000e+00,0.000000000000000000e+00,0.000000000000000000e+00,0.000000000000000000e+00,3.991484877381379359e-02,4.149152860792992142e-02,4.621277410744038805e-02,4.615228633349968690e-02,4.243830862463170844e-02,4.532338303395820611e-02,2.197174369478365960e-02,5.905305422445560753e-02,7.505923858883295496e-02,6.401387823522479426e-02,2.466595274718705669e-02,3.413235600054423391e-02,8.563229566161631445e-02,9.552252170427960598e-02,5.445139558750809045e-02,4.649237754374511977e-02,6.429078516206387928e-02,2.784878354567672798e-02,4.043110639541164925e-02,4.815624511553855125e-02,4.880395562095791312e-02,2.160128590218436673e-02,4.644018448845815827e-02,9.315109540514154851e-02,3.101543786089657959e-02,5.924717460905857408e-02,9.067207731412083027e-02,1.199713535635710260e-02,5.316062466837729455e-02,6.599754016350464769e-02,7.803468744607323926e-02,5.817485705424988579e-02,5.098030575398648789e-03,4.667008573402608301e-02,4.014870804670929438e-02,7.271594681104154301e-02,4.857123775091568008e-02,6.069710125656446742e-02,0.000000000000000000e+00,0.000000000000000000e+00,0.000000000000000000e+00,0.000000000000000000e+00,0.000000000000000000e+00,0.000000000000000000e+00,0.000000000000000000e+00,0.000000000000000000e+00,0.000000000000000000e+00,0.000000000000000000e+00,0.000000000000000000e+00,0.000000000000000000e+00,0.000000000000000000e+00,0.000000000000000000e+00,0.000000000000000000e+00,0.000000000000000000e+00,0.000000000000000000e+00,0.000000000000000000e+00,0.000000000000000000e+00,0.000000000000000000e+00,0.000000000000000000e+00,0.000000000000000000e+00,0.000000000000000000e+00,0.000000000000000000e+00,0.000000000000000000e+00,0.000000000000000000e+00,0.000000000000000000e+00,0.000000000000000000e+00,0.000000000000000000e+00,0.000000000000000000e+00,0.000000000000000000e+00,0.000000000000000000e+00
0.000000000000000000e+00,0.000000000000000000e+00,0.000000000000000000e+00,0.000000000000000000e+00,0.000000000000000000e+00,0.000000000000000000e+00,0.000000000000000000e+00,0.000000000000000000e+00,0.000000000000000000e+00,0.000000000000000000e+00,0.000000000000000000e+00,0.000000000000000000e+00,0.000000000000000000e+00,0.000000000000000000e+00,0.000000000000000000e+00,0.000000000000000000e+00,0.000000000000000000e+00,0.000000000000000000e+00,0.000000000000000000e+00,0.000000000000000000e+00,0.000000000000000000e+00,0.000000000000000000e+00,0.000000000000000000e+00,0.000000000000000000e+00,0.000000000000000000e+00,0.000000000000000000e+00,0.000000000000000000e+00,0.000000000000000000e+00,0.000000000000000000e+00,0.000000000000000000e+00,3.481030727851237849e-02,5.334877508460580259e-02,5.113819435571473337e-02,7.266907770570177338e-02,7.653420086173946812e-02,2.554616120215378802e-02,2.068992304545799049e-02,7.383968085159001160e-02,7.172346647105479200e-02,3.807470010170987268e-02,4.435388442380156643e-02,5.602556729099113231e-02,3.437410312300541448e-02,5.672745424179995860e-02,5.981845153149571714e-02,5.384731353868299486e-02,1.736459683421034961e-02,4.646328360325630707e-02,9.694992112764586056e-02,4.458723608810951505e-02,4.825636616916016697e-02,4.292246038798550045e-02,6.801787330696140721e-02,5.994994384297414741e-02,4.864326351664132603e-02,3.841301691617591413e-02,3.731459457136617613e-02,6.264744038753146393e-02,6.296557046266706981e-02,3.921121178444830768e-02,5.379498157717790136e-02,2.064062400675167885e-02,1.929890220890139590e-02,3.677242080790051049e-02,6.928999718994417745e-03,1.729724929544668513e-02,3.045418917114449744e-02,9.212885008034971124e-02,0.000000000000000000e+00,0.000000000000000000e+00,0.000000000000000000e+00,0.000000000000000000e+00,0.000000000000000000e+00,0.000000000000000000e+00,0.000000000000000000e+00,0.000000000000000000e+00,0.000000000000000000e+00,0.000000000000000000e+00,0.000000000000000000e+00,0.000000000000000000e+00,0.000000000000000000e+00,0.000000000000000000e+00,0.000000000000000000e+00,0.000000000000000000e+00,0.000000000000000000e+00,0.000000000000000000e+00,0.000000000000000000e+00,0.000000000000000000e+00,0.000000000000000000e+00,0.000000000000000000e+00,0.000000000000000000e+00,0.000000000000000000e+00,0.000000000000000000e+00,0.000000000000000000e+00,0.000000000000000000e+00,0.000000000000000000e+00,0.000000000000000000e+00,0.000000000000000000e+00,0.000000000000000000e+00,0.000000000000000000e+00
0.000000000000000000e+00,0.000000000000000000e+00,0.000000000000000000e+00,0.000000000000000000e+00,0.000000000000000000e+00,0.000000000000000000e+00,0.000000000000000000e+00,0.000000000000000000e+00,0.000000000000000000e+00,0.000000000000000000e+00,0.000000000000000000e+00,0.000000000000000000e+00,0.000000000000000000e+00,0.000000000000000000e+00,0.000000000000000000e+00,0.000000000000000000e+00,0.000000000000000000e+00,0.000000000000000000e+00,0.000000000000000000e+00,0.000000000000000000e+00,0.000000000000000000e+00,0.000000000000000000e+00,0.000000000000000000e+00,0.000000000000000000e+00,0.000000000000000000e+00,0.000000000000000000e+00,0.000000000000000000e+00,0.000000000000000000e+00,0.000000000000000000e+00,0.000000000000000000e+00,2.162434213533247218e-02,7.763124862963245720e-02,5.396230815968448835e-02,5.283363961545621545e-02,5.900729828377990205e-02,8.218482622433621876e-02,7.914770764234337064e-02,5.753241966688126680e-02,6.739349362017918454e-02,4.475645924829725619e-02,3.544044168677611129e-02,2.618271909746365533e-02,4.010341755534134467e-02,1.992273630957477892e-02,4.588603349803822840e-02,3.753103964639369072e-02,2.068856320530173751e-02,6.758264041468554917e-02,1.483414034279820215e-02,3.151596638564235775e-02,5.657535220672195442e-02,1.499415981352054950e-02,3.954545299388931290e-02,5.248561039975923465e-02,6.035956427423255777e-02,5.676433848111474972e-02,5.028620661927452745e-02,6.159831842289682780e-02,4.202183959416058712e-02,2.936962508306435390e-02,5.101467740701703252e-02,6.737005056528184987e-02,6.212818901582388420e-02,4.903478188412097732e-02,6.463523850682148519e-02,6.363071631217130653e-02,5.439647127387027548e-02,6.923129661529403567e-02,0.000000000000000000e+00,0.000000000000000000e+00,0.000000000000000000e+00,0.000000000000000000e+00,0.000000000000000000e+00,0.000000000000000000e+00,0.000000000000000000e+00,0.000000000000000000e+00,0.000000000000000000e+00,0.000000000000000000e+00,0.000000000000000000e+00,0.000000000000000000e+00,0.000000000000000000e+00,0.000000000000000000e+00,0.000000000000000000e+00,0.000000000000000000e+00,0.000000000000000000e+00,0.000000000000000000e+00,0.000000000000000000e+00,0.000000000000000000e+00,0.000000000000000000e+00,0.000000000000000000e+00,0.000000000000000000e+00,0.000000000000000000e+00,0.000000000000000000e+00,0.000000000000000000e+00,0.000000000000000000e+00,0.000000000000000000e+00,0.000000000000000000e+00,0.000000000000000000e+00,0.000000000000000000e+00,0.000000000000000000e+00
0.000000000000000000e+00,0.000000000000000000e+00,0.000000000000000000e+00,0.000000000000000000e+00,0.000000000000000000e+00,0.000000000000000000e+00,0.000000000000000000e+00,0.000000000000000000e+00,0.000000000000000000e+00,0.000000000000000000e+00,0.000000000000000000e+00,0.000000000000000000e+00,0.000000000000000000e+00,0.000000000000000000e+00,0.000000000000000000e+00,0.000000000000000000e+00,0.000000000000000000e+00,0.000000000000000000e+00,0.000000000000000000e+00,0.000000000000000000e+00,0.000000000000000000e+00,0.000000000000000000e+00,0.000000000000000000e+00,0.000000000000000000e+00,0.000000000000000000e+00,0.000000000000000000e+00,0.000000000000000000e+00,0.000000000000000000e+00,0.000000000000000000e+00,0.000000000000000000e+00,1.977008261661131194e-02,7.260965393991991590e-02,6.489239344188216241e-02,5.441960522065718286e-02,7.056649004883661092e-02,2.338549056781475885e-02,5.371041642086603340e-02,6.925988619359578491e-02,5.910625413041083187e-03,2.645440093703429335e-02,4.907528658669336324e-02,3.767393771108899780e-02,5.354968408480444836e-02,9.987919122362844127e-02,3.948866692916146171e-02,4.104921884475175309e-02,3.573959475432463007e-02,1.030653731553919095e-01,3.812861091134478464e-02,2.580643359982026999e-02,3.938752103168424029e-02,5.301425104027878560e-02,7.898737424133564500e-02,6.284481602657507326e-02,6.142150860290920833e-02,8.194818968084024990e-02,1.089567774481159657e-01,5.996425681177039446e-02,4.365863610995821681e-02,3.279602011708535048e-02,7.624593749896441119e-02,4.508406140947035512e-02,6.490340299894716003e-02,4.805025062148952919e-02,1.758725697588817138e-02,2.166972273795709711e-02,1.892253793247697033e-02,7.645533638096126128e-02,0.000000000000000000e+00,0.000000000000000000e+00,0.000000000000000000e+00,0.000000000000000000e+00,0.000000000000000000e+00,0.000000000000000000e+00,0.000000000000000000e+00,0.000000000000000000e+00,0.000000000000000000e+00,0.000000000000000000e+00,0.000000000000000000e+00,0.000000000000000000e+00,0.000000000000000000e+00,0.000000000000000000e+00,0.000000000000000000e+00,0.000000000000000000e+00,0.000000000000000000e+00,0.000000000000000000e+00,0.000000000000000000e+00,0.000000000000000000e+00,0.000000000000000000e+00,0.000000000000000000e+00,0.000000000000000000e+00,0.000000000000000000e+00,0.000000000000000000e+00,0.000000000000000000e+00,0.000000000000000000e+00,0.000000000000000000e+00,0.000000000000000000e+00,0.000000000000000000e+00,0.000000000000000000e+00,0.000000000000000000e+00
0.000000000000000000e+00,0.000000000000000000e+00,0.000000000000000000e+00,0.000000000000000000e+00,0.000000000000000000e+00,0.000000000000000000e+00,0.000000000000000000e+00,0.000000000000000000e+00,0.000000000000000000e+00,0.000000000000000000e+00,0.000000000000000000e+00,0.000000000000000000e+00,0.000000000000000000e+00,0.000000000000000000e+00,0.000000000000000000e+00,0.000000000000000000e+00,0.000000000000000000e+00,0.000000000000000000e+00,0.000000000000000000e+00,0.000000000000000000e+00,0.000000000000000000e+00,0.000000000000000000e+00,0.000000000000000000e+00,0.000000000000000000e+00,0.000000000000000000e+00,0.000000000000000000e+00,0.000000000000000000e+00,0.000000000000000000e+00,0.000000000000000000e+00,0.000000000000000000e+00,1.855865726379057543e-02,4.707810390035691711e-02,5.662848148662599085e-02,9.270781238016451153e-02,3.383178130399618067e-02,2.160744443104418294e-02,3.528360640919130098e-02,3.451566207349465731e-02,3.565272510849631926e-02,2.535071152098564151e-02,2.816326124716420076e-02,7.024789735064157492e-02,5.984804511423624795e-02,7.590948180683232405e-02,3.726487688946295007e-02,1.529311618663360683e-02,5.117560122806234790e-02,4.520356037013960326e-02,8.153664643376275223e-02,2.436817302533308277e-02,2.786202509610720759e-02,5.102882715683494663e-02,3.369978846629667624e-02,2.387990665180314900e-02,8.957925031095989588e-02,2.391970860880194422e-02,3.854407952348701955e-02,1.615265649317023516e-02,4.545212817780742987e-02,4.524112828968573224e-02,4.047375011135331824e-02,1.088878300379905045e-02,4.095268641067990878e-02,5.508716298557649743e-02,8.341779464814401412e-02,5.838580740730455604e-02,4.325733638246707924e-02,5.129734994896989475e-02,0.000000000000000000e+00,0.000000000000000000e+00,0.000000000000000000e+00,0.000000000000000000e+00,0.000000000000000000e+00,0.000000000000000000e+00,0.000000000000000000e+00,0.000000000000000000e+00,0.000000000000000000e+00,0.000000000000000000e+00,0.000000000000000000e+00,0.000000000000000000e+00,0.000000000000000000e+00,0.000000000000000000e+00,0.000000000000000000e+00,0.000000000000000000e+00,0.000000000000000000e+00,0.000000000000000000e+00,0.000000000000000000e+00,0.000000000000000000e+00,0.000000000000000000e+00,0.000000000000000000e+00,0.000000000000000000e+00,0.000000000000000000e+00,0.000000000000000000e+00,0.000000000000000000e+00,0.000000000000000000e+00,0.000000000000000000e+00,0.000000000000000000e+00,0.000000000000000000e+00,0.000000000000000000e+00,0.000000000000000000e+00
0.000000000000000000e+00,0.000000000000000000e+00,0.000000000000000000e+00,0.000000000000000000e+00,0.000000000000000000e+00,0.000000000000000000e+00,0.000000000000000000e+00,0.000000000000000000e+00,0.000000000000000000e+00,0.000000000000000000e+00,0.000000000000000000e+00,0.000000000000000000e+00,0.000000000000000000e+00,0.000000000000000000e+00,0.000000000000000000e+00,0.000000000000000000e+00,0.000000000000000000e+00,0.000000000000000000e+00,0.000000000000000000e+00,0.000000000000000000e+00,0.000000000000000000e+00,0.000000000000000000e+00,0.000000000000000000e+00,0.000000000000000000e+00,0.000000000000000000e+00,0.000000000000000000e+00,0.000000000000000000e+00,0.000000000000000000e+00,0.000000000000000000e+00,0.000000000000000000e+00,7.006770598772037173e-02,7.625622543878828041e-02,1.360968370681260586e-02,3.152181989532679141e-02,8.821306191128669427e-03,1.367201015862857388e-02,4.641948940863405842e-02,4.097210726389886176e-02,1.010143614062084527e-01,2.411046627497341610e-02,3.600980988859918408e-02,2.785928212766177955e-02,5.317747273187582724e-02,4.565274322391693618e-02,4.672696787124189927e-02,2.327507681918082952e-02,6.449410095446383995e-02,2.003074574462408719e-02,5.551206882307830465e-02,6.134654800776566386e-02,7.693953309217525793e-02,4.185818292073611308e-02,2.878398300651438535e-02,4.184399130006009881e-02,2.733027823908069226e-02,3.521259171509023844e-02,7.149910764247892347e-02,5.812493659790807232e-02,3.380680806874648142e-02,7.264590172883492181e-02,5.137084525580448702e-02,5.611353890365552294e-02,3.819274938153573162e-02,5.360482255158662696e-02,5.365160745851717261e-02,3.657318159062054874e-02,5.414048521702689160e-02,3.013809907300092628e-02,0.000000000000000000e+00,0.000000000000000000e+00,0.000000000000000000e+00,0.000000000000000000e+00,0.000000000000000000e+00,0.000000000000000000e+00,0.000000000000000000e+00,0.000000000000000000e+00,0.000000000000000000e+00,0.000000000000000000e+00,0.000000000000000000e+00,0.000000000000000000e+00,0.000000000000000000e+00,0.000000000000000000e+00,0.000000000000000000e+00,0.000000000000000000e+00,0.000000000000000000e+00,0.000000000000000000e+00,0.000000000000000000e+00,0.000000000000000000e+00,0.000000000000000000e+00,0.000000000000000000e+00,0.000000000000000000e+00,0.000000000000000000e+00,0.000000000000000000e+00,0.000000000000000000e+00,0.000000000000000000e+00,0.000000000000000000e+00,0.000000000000000000e+00,0.000000000000000000e+00,0.000000000000000000e+00,0.000000000000000000e+00
0.000000000000000000e+00,0.000000000000000000e+00,0.000000000000000000e+00,0.000000000000000000e+00,0.000000000000000000e+00,0.000000000000000000e+00,0.000000000000000000e+00,0.000000000000000000e+00,0.000000000000000000e+00,0.000000000000000000e+00,0.000000000000000000e+00,0.000000000000000000e+00,0.000000000000000000e+00,0.000000000000000000e+00,0.000000000000000000e+00,0.000000000000000000e+00,0.000000000000000000e+00,0.000000000000000000e+00,0.000000000000000000e+00,0.000000000000000000e+00,0.000000000000000000e+00,0.000000000000000000e+00,0.000000000000000000e+00,0.000000000000000000e+00,0.000000000000000000e+00,0.000000000000000000e+00,0.000000000000000000e+00,0.000000000000000000e+00,0.000000000000000000e+00,0.000000000000000000e+00,2.988803733096161500e-02,3.457862538681449882e-02,6.279075109108300801e-02,5.838080070580611847e-02,6.427991864304510861e-02,5.354927901671518997e-02,3.815775896269567313e-02,6.149628446615960226e-02,6.745955859083267725e-03,4.464673012769675153e-02,2.689796629706112802e-02,2.209132281452611674e-02,6.672197383426631268e-02,4.443178409233609905e-02,2.802669826116667082e-02,1.065962333462903283e-01,6.087723214851895048e-02,6.881739484283125319e-02,6.587141445635875947e-02,5.104176144716826569e-02,4.490500431593059255e-02,5.441231996644739499e-02,1.262243439803550221e-02,9.101889641934110542e-02,1.013790966304291552e-01,8.485533500996481071e-02,5.079855421574051844e-02,4.557166179426427183e-02,3.452488452348043135e-02,7.852053651300111570e-02,4.226600144145359339e-02,6.522886950526673999e-02,2.406697094539910625e-02,7.780803157930990532e-02,3.320283327663285655e-02,2.143006136066820388e-02,2.697901985692124915e-02,4.394927063391797922e-02,0.000000000000000000e+00,0.000000000000000000e+00,0.000000000000000000e+00,0.000000000000000000e+00,0.000000000000000000e+00,0.000000000000000000e+00,0.000000000000000000e+00,0.000000000000000000e+00,0.000000000000000000e+00,0.000000000000000000e+00,0.000000000000000000e+00,0.000000000000000000e+00,0.000000000000000000e+00,0.000000000000000000e+00,0.000000000000000000e+00,0.000000000000000000e+00,0.000000000000000000e+00,0.000000000000000000e+00,0.000000000000000000e+00,0.000000000000000000e+00,0.000000000000000000e+00,0.000000000000000000e+00,0.000000000000000000e+00,0.000000000000000000e+00,0.000000000000000000e+00,0.000000000000000000e+00,0.000000000000000000e+00,0.000000000000000000e+00,0.000000000000000000e+00,0.000000000000000000e+00,0.000000000000000000e+00,0.000000000000000000e+00
0.000000000000000000e+00,0.000000000000000000e+00,0.000000000000000000e+00,0.000000000000000000e+00,0.000000000000000000e+00,0.000000000000000000e+00,0.000000000000000000e+00,0.000000000000000000e+00,0.000000000000000000e+00,0.000000000000000000e+00,0.000000000000000000e+00,0.000000000000000000e+00,0.000000000000000000e+00,0.000000000000000000e+00,0.000000000000000000e+00,0.000000000000000000e+00,0.000000000000000000e+00,0.000000000000000000e+00,0.000000000000000000e+00,0.000000000000000000e+00,0.000000000000000000e+00,0.000000000000000000e+00,0.000000000000000000e+00,0.000000000000000000e+00,0.000000000000000000e+00,0.000000000000000000e+00,0.000000000000000000e+00,0.000000000000000000e+00,0.000000000000000000e+00,0.000000000000000000e+00,3.491189874269350762e-02,4.582189937080829306e-02,7.784234392931328739e-02,7.931477399459710420e-02,6.127025984938547915e-02,6.260541509483420752e-02,4.813008024152799769e-02,5.788354576643351540e-02,6.364825601069681871e-02,1.937599757758661986e-02,2.480937524183065429e-02,3.893809204864447787e-02,7.688446654917359402e-02,4.895249512464912994e-02,6.529226288186378013e-02,4.373883907750723138e-02,5.972273599450578924e-02,4.793674630756803584e-02,5.469082584265613084e-02,8.270120963147167825e-02,2.047739346258080698e-02,1.679295761054827585e-03,3.296534657687410358e-02,5.458260710221041201e-03,3.846433921401729711e-02,1.669229354515685410e-02,7.185342192570630393e-03,3.263587164734648577e-02,6.656067572921310627e-02,5.563827821249685279e-02,6.038784945583222652e-02,4.586819560161183029e-02,6.521019162618968412e-02,3.578901021943328015e-02,1.272733930690731624e-02,3.571872134410954830e-02,6.851563264422969035e-02,5.861564158520368023e-02,0.000000000000000000e+00,0.000000000000000000e+00,0.000000000000000000e+00,0.000000000000000000e+00,0.000000000000000000e+00,0.000000000000000000e+00,0.000000000000000000e+00,0.000000000000000000e+00,0.000000000000000000e+00,0.000000000000000000e+00,0.000000000000000000e+00,0.000000000000000000e+00,0.000000000000000000e+00,0.000000000000000000e+00,0.000000000000000000e+00,0.000000000000000000e+00,0.000000000000000000e+00,0.000000000000000000e+00,0.000000000000000000e+00,0.000000000000000000e+00,0.000000000000000000e+00,0.000000000000000000e+00,0.000000000000000000e+00,0.000000000000000000e+00,0.000000000000000000e+00,0.000000000000000000e+00,0.000000000000000000e+00,0.000000000000000000e+00,0.000000000000000000e+00,0.000000000000000000e+00,0.000000000000000000e+00,0.000000000000000000e+00
0.000000000000000000e+00,0.000000000000000000e+00,0.000000000000000000e+00,0.000000000000000000e+00,0.000000000000000000e+00,0.000000000000000000e+00,0.000000000000000000e+00,0.000000000000000000e+00,0.000000000000000000e+00,0.000000000000000000e+00,0.000000000000000000e+00,0.000000000000000000e+00,0.000000000000000000e+00,0.000000000000000000e+00,0.000000000000000000e+00,0.000000000000000000e+00,0.000000000000000000e+00,0.000000000000000000e+00,0.000000000000000000e+00,0.000000000000000000e+00,0.000000000000000000e+00,0.000000000000000000e+00,0.000000000000000000e+00,0.000000000000000000e+00,0.000000000000000000e+00,0.000000000000000000e+00,0.000000000000000000e+00,0.000000000000000000e+00,0.000000000000000000e+00,0.000000000000000000e+00,5.473608097446261422e-02,6.671856089682930147e-02,3.677018668649639083e-02,5.894093396516258271e-02,2.166273244196476738e-02,2.425764733597077227e-02,3.403412535531313843e-02,5.416353226155506961e-02,2.899879742126938373e-02,7.815903506585573923e-02,5.928496958368512093e-02,2.692471775957892832e-02,5.790808271519107264e-02,2.875807594554255497e-02,5.795006292572570106e-02,9.424384673522540057e-02,4.846531976207852505e-02,6.740934686302639534e-02,3.709854929189262962e-02,3.476085835727110024e-02,6.335267889466665581e-02,3.580490640338536423e-02,7.044613973068374058e-02,1.180667849288755816e-02,3.016127429940411095e-02,3.813053205996272399e-02,6.263494930633814461e-02,9.531180547713853646e-02,7.563843815782733682e-02,2.156054739511135618e-02,4.910029171263335934e-02,5.035249079313810355e-02,6.275815338045649672e-02,9.649441547592703394e-02,5.211738005397991563e-02,7.061978786442014988e-02,7.232842914261261580e-02,2.504382305999241359e-02,0.000000000000000000e+00,0.000000000000000000e+00,0.000000000000000000e+00,0.000000000000000000e+00,0.000000000000000000e+00,0.000000000000000000e+00,0.000000000000000000e+00,0.000000000000000000e+00,0.000000000000000000e+00,0.000000000000000000e+00,0.000000000000000000e+00,0.000000000000000000e+00,0.000000000000000000e+00,0.000000000000000000e+00,0.000000000000000000e+00,0.000000000000000000e+00,0.000000000000000000e+00,0.000000000000000000e+00,0.000000000000000000e+00,0.000000000000000000e+00,0.000000000000000000e+00,0.000000000000000000e+00,0.000000000000000000e+00,0.000000000000000000e+00,0.000000000000000000e+00,0.000000000000000000e+00,0.000000000000000000e+00,0.000000000000000000e+00,0.000000000000000000e+00,0.000000000000000000e+00,0.000000000000000000e+00,0.000000000000000000e+00
0.000000000000000000e+00,0.000000000000000000e+00,0.000000000000000000e+00,0.000000000000000000e+00,0.000000000000000000e+00,0.000000000000000000e+00,0.000000000000000000e+00,0.000000000000000000e+00,0.000000000000000000e+00,0.000000000000000000e+00,0.000000000000000000e+00,0.000000000000000000e+00,0.000000000000000000e+00,0.000000000000000000e+00,0.000000000000000000e+00,0.000000000000000000e+00,0.000000000000000000e+00,0.000000000000000000e+00,0.000000000000000000e+00,0.000000000000000000e+00,0.000000000000000000e+00,0.000000000000000000e+00,0.000000000000000000e+00,0.000000000000000000e+00,0.000000000000000000e+00,0.000000000000000000e+00,0.000000000000000000e+00,0.000000000000000000e+00,0.000000000000000000e+00,0.000000000000000000e+00,1.928297105478613688e-02,5.495094622061034301e-02,5.649725032980090766e-02,4.202156556323563552e-02,4.220634662363574596e-02,5.374558513252848668e-02,7.834884677960497756e-02,2.453662674383709497e-02,6.559098154071472953e-02,2.148712461013724262e-02,3.971582979239478284e-02,3.847430742616166077e-02,5.702056103832051082e-02,4.148582698326349488e-02,1.342000195452260070e-02,6.526583556305047551e-02,2.241063828855136691e-02,3.313069284203871284e-02,7.510189286900968708e-02,5.874659858415504782e-02,3.816753131147912481e-02,2.772278083155827952e-02,8.273660833095379530e-03,1.837933829311026376e-02,5.602171162580509012e-02,7.035072994845414929e-02,5.251503094531175669e-02,7.236832625591092805e-02,3.561074828469280168e-02,3.568484945410455716e-02,3.414814295561077045e-02,6.708181683768253689e-02,2.545252270896231767e-02,1.105538488731266228e-01,7.744403024259735591e-02,4.898948636733524431e-02,3.815184982709204919e-02,8.604407711382934532e-02,0.000000000000000000e+00,0.000000000000000000e+00,0.000000000000000000e+00,0.000000000000000000e+00,0.000000000000000000e+00,0.000000000000000000e+00,0.000000000000000000e+00,0.000000000000000000e+00,0.000000000000000000e+00,0.000000000000000000e+00,0.000000000000000000e+00,0.000000000000000000e+00,0.000000000000000000e+00,0.000000000000000000e+00,0.000000000000000000e+00,0.000000000000000000e+00,0.000000000000000000e+00,0.000000000000000000e+00,0.000000000000000000e+00,0.000000000000000000e+00,0.000000000000000000e+00,0.000000000000000000e+00,0.000000000000000000e+00,0.000000000000000000e+00,0.000000000000000000e+00,0.000000000000000000e+00,0.000000000000000000e+00,0.000000000000000000e+00,0.000000000000000000e+00,0.000000000000000000e+00,0.000000000000000000e+00,0.000000000000000000e+00
