5.171702936085365465e+00,1.580555557772495678e+00,2.552923222784521329e+00,1.233055972735949357e+00,6.067990140600083571e+00,4.482079336295004879e+00,3.617956970406527528e+00,6.281058342960868401e+00,7.958973642139725024e-01,5.682886180385906094e+00,4.498063624811154071e+00,4.515782847106846631e+00,5.514199196603313258e-01,1.835507223209890793e+00,8.565171131708062546e-01,1.597547528159761754e+00,2.603282205911881420e+00,1.371954537335827951e+00,7.711520139822565234e-01,1.632575918752575905e+00,5.092671055840614081e+00,4.079948378856318447e-01,5.300660166412112240e+00,5.916394567757327749e+00,7.138282893452484679e+00,1.343561510503580303e-01,1.832710328470308347e+00,8.261338716138217908e-01,5.351062453583077527e-02,4.558657764386046196e+00,1.126231061702392067e+00,1.509850507645912110e+00,5.646271297917146548e+00,1.068968415418422468e+00,2.079851302322283102e-01,4.000195745144827786e-01,4.160801780284329787e+00,4.093364527359344862e+00,3.705651719757797391e+00,3.546642401801701761e-01,1.555364347201931174e+00,3.119259749745366683e+00,1.224800079685203436e+00,3.164215369292081803e+00,2.190959996127132214e+00,1.244671748441415815e+00,6.294973213659276645e+00,6.800421767714452059e+00,5.752725903823258768e+00,2.267647121052677850e+00,3.413205210081667218e+00,7.929155272204058136e-01,3.228635472057744593e+00,9.807111054006818485e-01,1.090452093531129041e+00,4.779148715704194528e-01,3.483348821409963048e+00,1.730790534034736261e+00,4.815908262288276731e+00,1.811221617381151283e+00,3.660669074409323098e+00,1.472690967528178740e+00,2.774360644731904024e+00,2.689921772361611563e+00,4.141436941810106021e-02,3.217645495457211346e+00,3.357121663746976736e+00,4.618677551672860204e+00,1.765490884705689378e+00,1.285749675436580475e-01,9.128570711332456566e-01,2.242254770967059274e-01,1.613907701608557010e+00,7.018764540691388554e+00,2.098655649673964341e+00,1.693557461971058942e+00,4.763282376159278186e+00,2.448394371295145255e+00,2.697960680013284041e+00,4.873071281161703183e+00,2.841907424692815987e+00,4.380964219179313446e+00,5.169459078072804026e+00,2.975645036879805971e+00,1.760393662292534689e+00,2.738131459762422004e+00,5.378897908725890353e+00,1.374545396749447868e+00,4.689088101494397476e-01,4.034208755264711010e-01,2.443766469248395357e+00,9.697314078754826205e-01,2.045436253497112666e-02,4.348657068531571745e-01,4.674340736085460968e+00,2.587628832824064862e+00,6.581321813051586034e-01,5.657182853703193182e-01,2.159655767738811072e+00,5.640936478532097453e+00
1.695867996057347504e-01,3.265534575831472885e+00,4.843435077184917503e+00,3.277188708804747552e+00,1.745900285761575521e+00,1.208201864159050842e-01,2.624432809324197535e+00,6.433262664838492739e-01,1.319751757434300288e+00,5.711843162281935449e+00,1.709722773290549558e+00,2.929253261422344323e+00,2.549551501797256980e-01,2.890964604786467440e+00,7.348010137714446444e+00,1.192621679623860675e+00,8.321217467228689824e-01,2.583607210953636546e+00,4.198334836138858384e-01,1.142053544200295923e+00,4.803261007663410354e+00,7.043698699262945784e-01,5.646699821462520807e-01,1.446656405072852980e+00,5.815161360670613178e+00,4.897780560984237752e+00,5.012682305990688647e+00,1.875894366853259942e+00,5.386407488168331703e+00,8.204223132660550810e-01,2.312587877123659652e+00,1.883439979090375527e+00,1.868425047487272117e-01,1.317254929406896924e+00,1.236437002178313316e+00,7.552106388330343201e+00,7.964404095913598658e-01,4.176133107109697207e+00,4.883868740711418077e+00,7.903316169162595273e-01,5.008819995477887588e+00,7.381178470482515408e+00,5.771475606512366241e-02,2.758482149947521833e+00,4.427861069630783852e+00,7.456580090938803806e+00,3.189831591901984176e+00,1.174398222752608412e+00,2.506246032582665206e-01,5.446452637341715475e-01,1.958965491651044166e+00,6.645227188359709380e+00,5.000617284244518679e+00,2.715275049216005598e+00,1.389429546839336727e+00,2.902384691961012564e+00,3.747082341184134524e+00,3.213057072713978002e+00,4.274623385869891656e+00,1.555200974455731799e+00,1.016477351719461852e+00,7.206409182333339380e+00,3.728758725760649817e+00,6.824760817649877964e+00,2.691159732212989875e-01,3.903248567241037303e+00,1.779776917596595176e+00,1.527683945783413488e+00,9.515354118331900146e-01,1.009565938066314672e-01,2.608697943550871479e+00,4.406854474357324136e+00,4.157980953370580934e+00,7.058021149432966546e+00,7.726018504982012924e-01,8.181414216336269085e-02,4.261736606366008040e+00,5.587523916654666856e+00,8.413690369811069658e+00,5.263498413469305248e+00,3.705590946900064075e+00,6.862134765165900374e-01,1.000830568425882694e+00,8.154018770451820775e-01,7.932488725606975377e-01,3.636842514872133947e+00,3.262335543973738261e+00,1.969677609287003861e+00,1.676375793866895503e+00,3.780130157477862074e+00,2.581092407020313395e+00,4.590414424565764762e+00,1.045270245712859314e+00,4.851009715884243789e+00,2.479400889096638139e+00,7.666364574837152279e-01,5.145799702078591054e+00,7.430673189901240150e-01,1.917214766571886164e+00,1.713094841930077772e+00
6.718086692602531329e+00,5.619416964125301561e+00,4.632076398550834639e+00,5.863849819962551280e+00,1.794066426433732264e+00,2.353015026418860955e-01,5.350618766915909319e+00,7.984786715755518571e+00,3.735846809172113314e+00,2.670251518631727716e-02,2.321729259055712813e+00,3.529814207725826769e+00,3.350716750584654680e-01,7.789578559162794180e-01,4.480412614234746016e+00,9.302931474979652116e-01,4.231550570911730702e+00,5.569454604444854517e-01,7.693556464021233943e-02,3.472478494307051911e+00,7.406407499477918321e-02,2.746059050908769006e-01,3.119370546083729323e+00,1.252752623287458178e+00,3.035395157303125480e+00,1.923256706750294809e-01,5.053682489845279235e+00,4.478109461778288392e+00,1.412256553240112344e+00,1.111652638806954307e+00,4.432799780888164953e+00,4.055219849726245940e+00,3.591511197626996221e+00,1.591227371709357019e+00,5.894202532220647051e+00,2.840589519759451953e+00,4.326905872064113368e+00,2.090171326454769662e+00,4.945925377952317348e+00,2.067535187919840478e+00,2.333378532884077261e-01,1.581862471927322211e-01,5.896530329871942477e+00,4.375530570145906850e+00,1.985007206213560860e+00,3.898893594525725703e+00,1.970666446903797997e+00,4.633488271311776430e+00,5.253663757041047155e+00,8.712496559291784681e-01,2.874533966767205850e+00,5.501811623975393140e+00,1.871794442435789740e+00,4.267562884331888462e+00,1.139907231928618092e+00,7.198434242603019229e+00,4.905199894989715759e+00,2.016564247855441749e+00,1.266530392397782867e+00,5.602878822043177109e+00,9.035756819045792643e-02,3.208561531821601420e+00,4.662868027306527274e+00,8.798461784501942162e+00,8.640915505385879936e-01,2.981539944041521117e+00,8.247093361249981935e-01,6.409106768491890094e-01,4.248156501644952954e+00,5.969303786230708564e-01,4.041523849126140711e+00,4.375797402074035780e+00,1.146166850276718163e+00,4.493554820626626700e+00,8.213749212385518916e+00,1.157358341340630759e-02,5.634952583754893496e+00,3.000033417531067670e+00,1.632549208314411970e+00,5.012438487635400008e+00,3.938898319937663928e+00,6.251506232297717069e+00,1.211652283773875016e+00,1.279436353349328037e+00,4.025755163384040713e+00,4.023386236257856297e+00,5.652966896476366188e+00,2.202403466595636683e+00,1.863498832041595055e+00,5.634561460514150077e+00,1.337889751578010822e-01,5.330399702907595127e+00,3.522049045289564084e+00,2.652201999396630150e+00,1.221114811222447027e+00,3.076634836870560274e+00,3.135687193674305817e+00,5.269200841683793435e+00,3.846323115569508122e+00,5.426079120198981087e-01
3.281254648306839883e+00,3.083593343903680228e+00,8.151965929833706603e-01,1.189052774904633347e+00,6.270733121901721496e+00,1.314856233467003088e+00,4.004868590066016587e+00,6.917509979962341404e+00,2.225710205423710342e+00,6.684439833115977114e-01,5.896397485043483933e+00,1.217500358666162574e+00,4.794271082693230213e+00,5.616955413935825092e+00,2.802690970131559212e+00,2.793393320640319644e+00,3.103802891806094255e+00,3.874740967797206004e+00,7.331450915172943894e+00,7.647096051100815473e+00,1.812760696248476133e+00,6.756285743607751471e+00,1.612965244156397526e+00,4.134285977572004889e+00,3.004208866361393060e-01,1.552022598290397237e+00,8.236701235387461351e-01,5.333125860125216278e+00,6.019550353776602414e+00,1.347488782578263322e+00,6.183171047591144998e+00,4.034523936438580982e+00,3.577404790016680103e+00,5.568549175741612789e-01,2.822010664551980685e+00,4.585436242105216387e+00,2.858586630875328272e+00,1.671705662733500075e+00,1.167890616512727409e+00,4.903510034030844622e-01,8.743746051940748387e-01,3.163176800901172481e+00,2.500533291801206204e+00,4.687955396666670715e+00,4.192910565085761654e+00,6.971864773816473182e+00,1.404683283662124360e+00,2.536648966266037419e+00,7.337549666918234514e+00,6.259807405575545047e+00,4.505549524838411202e+00,6.193602518007695679e+00,7.744210479753019793e-01,3.540933640316031195e+00,5.246748255279566564e+00,6.983363775294648690e+00,5.508722279123621224e-01,3.098457082206905078e+00,2.090238803684873581e+00,5.343582649997302703e+00,4.045177235212017663e+00,3.294343097235399309e+00,4.314339708668201823e+00,5.609277748210621084e+00,2.736367090536836688e+00,2.804966727762981282e+00,4.007164515069297828e+00,5.468681515657626946e+00,9.808597417534425933e-02,6.858017115288411070e+00,5.252132213306987651e+00,5.456985673425376326e+00,1.807611589538916430e+00,4.219312684643401035e+00,6.478585026712862849e+00,7.465209269067951681e-02,2.590549434694385589e+00,7.351930859224489190e+00,5.960783941473973613e+00,1.965567713714482911e+00,5.171255426710219538e-01,1.784472884491620226e+00,5.080624656690734042e+00,7.114826194844502405e-01,5.382203195355044656e+00,4.897279259353151559e+00,3.686278448621451265e+00,6.327911861734803800e+00,4.370552247141574753e+00,8.558438466843367731e-01,6.147396707729392951e+00,4.735870809046765828e+00,4.874490408697656818e+00,1.708093880741627935e+00,3.363296307234659110e+00,4.274534933269817039e+00,4.275654582839710116e+00,2.550176420829819879e+00,6.598519330080852896e+00,4.047517024182806011e+00
2.197695551611598574e+00,2.690916921835637687e+00,1.130932064230571577e+00,1.380257267809986033e+00,4.615487220854739281e-01,2.830380791818877029e+00,5.012884218593935515e+00,2.666499623261791463e+00,2.636939984982045182e-01,7.919063393747775015e-01,2.261942537443994983e+00,4.478502534324681150e+00,5.309433558989445245e+00,5.106197055800982376e+00,3.871454389485783576e+00,5.072804376755398970e+00,3.898909310599615985e+00,4.567236382460145627e+00,1.013958568902256552e+00,2.220701589555764688e+00,5.956081792443445266e+00,1.009673737966424456e+00,2.006645497266326572e+00,4.597974731360708667e+00,4.573780817433392709e-01,4.135681393069225997e-01,1.368797485635893540e+00,1.559192565953759768e+00,1.285364732868882420e+00,3.190004757445275008e+00,4.488458624908168382e+00,5.656509159297479883e+00,7.978226558694631043e-01,6.172367722532207779e+00,3.879880440681793718e+00,5.050660737772401987e+00,4.542293759439672840e+00,1.331814218877238387e+00,6.110753968555858728e-01,1.447886367369904947e-01,2.034107471839056824e+00,8.121462365046884235e-01,2.493684380651307819e+00,3.507808656556292703e-01,1.177853771725679621e+00,1.435031045453618148e+00,7.936514194856205684e-01,1.419561954759642752e+00,2.116792035877292477e+00,5.519890087946200730e+00,4.084182916700116017e+00,1.968745515691420644e+00,7.271380585276960851e-01,4.482238780313163140e+00,5.051770450559509573e-01,9.243963623011799413e-01,4.916961784435488703e+00,3.655931947696305251e+00,1.042116532506115911e+00,5.612227707259082266e+00,4.043280980770676436e+00,5.394480920066560437e+00,1.325473337724001555e+00,1.111911847711934298e+00,9.710110308779662525e-02,5.139572468552751516e+00,7.145487417556914966e-01,4.811728662143319291e+00,5.151668091295448448e+00,2.973279873354739422e-01,1.942418961616297013e+00,4.602026995548695432e+00,5.187734517289820602e+00,3.181701069430161510e+00,1.063504157779218362e+00,1.010055322552709356e+00,5.536654521329060330e+00,6.795681204486517579e+00,1.679549178016344069e+00,3.097039191348690323e+00,8.299741368057361735e-01,5.005992757099497759e-01,1.879883444662040493e-01,1.458337911252471919e-02,2.955899116864670884e-01,3.698592879359696717e-03,1.342059725049595365e+00,6.300998200865686183e-01,9.350968920965907483e-01,3.805359424568174553e+00,1.285898881791014414e-01,2.993899721379984058e+00,6.666864720665864219e+00,1.722031908521186594e+00,2.115200390173558986e+00,3.043941437140050610e+00,6.019944110451371344e+00,1.621132617504309259e+00,2.832193751421736128e+00,1.589361539450775407e+00
3.330156636855578611e+00,5.105179954229990269e-01,9.069772658387984521e-01,8.320810089935060105e-01,3.688513242831007455e-01,8.120109590308199898e-02,1.559538129459252076e+00,3.540463593664992192e+00,2.839261324994207136e+00,2.557985778128629484e+00,4.064896084734012760e+00,4.025018586232164353e+00,3.614886644486338341e+00,4.887245367304480226e+00,7.872792740018919044e-02,5.835474808344926601e+00,2.009592652945529245e+00,4.732888285212119017e-01,3.669823911601926891e+00,5.377914196109134792e-02,5.190339506823336002e+00,2.390209722809057524e+00,1.120693779936410284e-01,5.877733012193982809e+00,7.078223852596157606e+00,6.760969969446918526e+00,3.088551473986105300e+00,5.015967230818680456e+00,1.611426653841310230e+00,1.582382907260416527e+00,4.773948040722582498e+00,4.001431823285673595e+00,3.510384518707328816e+00,2.069248887936482317e-01,3.694084451362183330e+00,3.030815721414377162e+00,5.278246866593477193e+00,4.406158333377483416e+00,4.609390352404085789e+00,2.931151326066902207e+00,6.410847263251799877e-01,4.371216009258640511e+00,2.317016507724511509e+00,5.464171564053998953e-01,4.388989450352337229e+00,1.876259679878641284e+00,4.032585663731980574e+00,4.602982074446235750e+00,3.509576367178118161e+00,5.174540697980363646e+00,4.123927925832918007e+00,3.369711471854971441e-01,2.473703103944059345e-01,3.523751572207300065e+00,6.418033634099462148e+00,4.801755673443921069e+00,5.135999610102244262e-01,3.661979953284049571e+00,4.345925362789618163e+00,1.118708440384981628e+00,1.332543673333933087e+00,5.367637554958669455e+00,5.503372121921857207e+00,3.741829249376111388e+00,4.109565143755300909e+00,2.025198747563179413e+00,2.938145875980276989e-01,2.826460505003204338e-01,5.942174891971077955e+00,4.973823901404281322e+00,1.849147044827659236e+00,7.165915654950529401e+00,2.365630744876105584e+00,6.432579769587716711e+00,4.799707294070705288e+00,9.818144800957440133e-02,2.332924787194075478e+00,2.560088617243823528e+00,4.603796106944987976e+00,4.043312179465310408e+00,6.387106287096466772e+00,6.907928163603039629e+00,4.501272390428522341e-01,1.123459849564040214e+00,2.038949728204970668e-01,1.062876713217623559e+00,1.818065472254474901e+00,1.004670145768684408e+00,4.460349867953421032e+00,1.173481351024593167e+00,5.588930187388731596e+00,2.168900694434531928e+00,2.022110650930403208e-01,4.005164866025468839e+00,4.236301199140974028e+00,5.090854614390323718e+00,3.378883291172890324e+00,5.552286898862933917e+00,5.390339328939970365e-01,6.079037033288660297e+00
4.760054940440885396e-01,2.187929401112550298e+00,5.922003526010390928e-01,4.450298060724429128e+00,5.486374931254502485e+00,1.770374769597475861e+00,7.812774048150380457e-01,5.047572602301186429e+00,1.716988216240100673e+00,6.759131855167164193e-01,6.286322724681069118e+00,6.685488956247407799e+00,2.502715070032892619e+00,2.441623967732902134e-01,3.479498502169619201e+00,5.501332992893038565e+00,4.017304255175556449e+00,3.779444386296411107e-01,6.728227028044012847e+00,1.047639300543695473e+00,4.607538613252502024e+00,5.570316588520058954e-01,2.558217831861939295e+00,4.683847634296713913e+00,1.947079092739532946e+00,5.043838033282050048e+00,6.914800927658767415e-01,6.834505911579613624e+00,3.585095052329118737e+00,8.452116326592939988e-01,1.422138341051241373e+00,3.342248479230147229e+00,2.638263956909242314e+00,4.137921140407240905e+00,6.668635159743065088e+00,1.179735102901781074e+00,7.635964349719468469e-01,1.232730351159778470e+00,3.992188936635765906e+00,1.357232335040248206e-01,1.505463646627544616e+00,4.530524530444572484e+00,6.245736814975053619e+00,1.068503513328843191e+00,2.232745353173488656e+00,9.225429220876157910e-02,1.619210193688052080e-01,5.262139509553934502e+00,1.150268238916464014e+00,3.200259376096668884e+00,5.013894478445855896e+00,1.800537145520442195e+00,2.223092043593668521e+00,5.961045239385336814e+00,4.185424117894180895e+00,1.252067907833655180e+00,3.901951271492682061e+00,2.078330836567834350e+00,5.460572385106599036e+00,5.983387317075876233e+00,8.877173133429884899e+00,8.118488213606980253e-01,2.029714298831533092e+00,4.983711516941550457e+00,9.641635280099767336e-01,1.670492978290538666e+00,1.362775797961955693e+00,4.288299712344316283e+00,8.929277595498363862e-01,2.387695767283865678e+00,1.467611152033253319e+00,3.893347947266534437e-02,6.887175902994780330e+00,1.421127691914241709e+00,1.319217533843250356e+00,6.215998873660192325e-01,7.041602735358726051e+00,1.233101802633194799e+00,3.601389790892868259e-01,5.507482646679169314e-01,2.206049518837111645e+00,1.261991412527395884e+00,7.158455994803414324e-01,4.263378456425653162e+00,5.525927271615458380e-01,2.207044001255999977e+00,1.921943441739891067e+00,4.066718543468107683e+00,8.060961472981547082e-01,1.162219590253597667e+00,5.125035790003680702e+00,6.318123854376224813e+00,3.935263972470652405e+00,8.386255796299867393e-01,2.310525927585427297e-02,6.481899493610809415e+00,4.232732427499430017e+00,1.663399478228409833e+00,1.779410065617013093e+00,3.471880872342214985e+00
9.628797811676415019e-01,3.441244834190873902e+00,1.321604574180647695e+00,5.472244970206837422e+00,4.952640152420350717e+00,1.823533960546821930e+00,2.383833213862962985e+00,2.015890547877377426e+00,5.683774420571713115e+00,2.567152918422334729e+00,5.234053729099607644e+00,4.128710792870973201e+00,4.534316481504852447e+00,6.121201670708360965e+00,1.953810594499951758e-01,3.028923785069020269e+00,3.465709068641582569e-01,2.162457085419678293e+00,4.324728640495485443e+00,2.741243935770754980e+00,4.708035779676567500e+00,3.510402572544956357e+00,2.204368130261012970e-01,8.455328231279879425e-01,2.874455855792048542e+00,6.108779684717472236e+00,4.233769656497393896e+00,3.193806767385699352e+00,8.072309248055897779e-01,2.569320859227967713e+00,2.293064740854329209e+00,1.171866540548320845e+00,5.008775213296861040e+00,6.048478736884884910e+00,6.031446188807330078e-01,3.108540836039077604e+00,1.789095721088673541e+00,2.101463933583676003e+00,3.665121011670219975e+00,4.162697266098343007e+00,2.516575292349918058e+00,5.480538932827191623e+00,6.738299002877927713e+00,4.870919596086412007e+00,6.739645252218595672e-03,2.039371646534897664e-01,5.384738874763501659e-01,2.472101369796672055e-01,1.999230373626275759e+00,1.562003256491182768e+00,5.040319343897010640e+00,2.651396590044005297e+00,3.744133979626373510e+00,4.659816020065253861e-01,3.490236664848045400e+00,8.575658703754180934e-01,1.138773499751189355e+00,5.097102861399106288e+00,2.173123165082393449e+00,1.097888848778648008e+00,3.362788762784484575e+00,6.053943819202804555e+00,1.915424528937018644e+00,9.013612408355861083e-01,5.756533468193118175e+00,5.102730872720696809e+00,5.035689962841066958e+00,6.958001710324999145e+00,2.629157757530335093e+00,1.330611540670171955e+00,5.401633266333803363e+00,6.238405866319918225e-01,2.428399843119677382e-01,1.106218924291050509e+00,4.931659172909292899e+00,4.374799122722199840e+00,4.419075003048217987e+00,6.404772688896608557e+00,1.584524964981621542e+00,6.158047656487593002e+00,3.487238040217507162e+00,6.683680675214014322e-01,6.247076913616340654e-01,6.615237627560381029e+00,5.655595879433995776e+00,1.185992186628969547e+00,5.114523286833934534e+00,1.626044926639272248e+00,1.759575832268914120e+00,9.292386206182493558e-01,2.192858365921064312e+00,2.612351730323410504e+00,3.717228298896587679e-01,3.696743289031141355e+00,3.353102849968084609e+00,4.378798632411594838e+00,6.278163643471568189e-02,5.755607832584189509e+00,5.333552224980812717e+00,4.221051493498937823e+00
3.872420459839676532e+00,5.159607249697531373e+00,6.625466997517030165e+00,1.531951744837943163e+00,7.559750534582927450e-01,3.760459621612326941e+00,8.470263969021931683e-01,5.812499560292331502e+00,3.717667900905716305e+00,3.877081037362554383e+00,1.082161600446083449e+00,2.481939489257106946e+00,4.082667295232684790e-01,8.999429767774961286e-01,6.854259519362293496e+00,1.907495148259081397e+00,2.953807661072120894e+00,4.929674864631727438e+00,3.277108417465402379e+00,6.717988320779451961e+00,6.506904213342462606e-01,7.969523612745047503e-01,8.195783935758876870e-01,2.431637664200680060e+00,9.483943080615730992e-03,8.678017830952395872e-01,5.138292800967002805e+00,3.329803205192098936e-01,8.119122395178839824e+00,3.207536243883036597e+00,3.718459867213775638e+00,6.894344140989924208e-01,4.821990093429658231e+00,5.176079752583997440e-01,6.600054775761512893e+00,4.198358151641093272e+00,1.392534993905343521e+00,5.814722742203676020e+00,4.873998609131096060e-01,2.076213918356998089e+00,3.061674464763020076e+00,4.415625026499268024e+00,3.103875253079557250e+00,3.850459250564190139e+00,6.969962883842562462e+00,2.492073668127650077e+00,3.101524300776891785e+00,3.741305846068172514e+00,1.787346568629004651e+00,8.067361101169379101e-01,4.495030987234924780e+00,6.156924669475797529e+00,4.635173509798238278e+00,3.632219315846252350e-02,3.695106085961716857e+00,6.541030950752697137e+00,1.597637423846356874e+00,9.910939667470545222e-01,6.170298942127956376e-01,1.271408902182949330e+00,4.168810802789336023e+00,1.182506350395287509e+00,4.219501026108661179e+00,4.286938465752212934e+00,2.071834271777470260e+00,6.748212475940800203e+00,1.132766671903423283e+00,4.396222879760758318e+00,2.124723667742412392e+00,8.594789958334168034e-01,9.281679584805879735e-01,1.245694875357950426e+00,1.296553465321159893e+00,2.049840180858628180e+00,3.762896482774250595e-01,2.518028825702071316e+00,1.312962439837330741e-01,4.600475799949848010e+00,4.588283191432729780e+00,1.132406914522493979e+00,1.263528287331103561e+00,3.539931987684681758e+00,6.304211505345935773e-01,5.046848426409420441e+00,5.512124851822553850e+00,1.066388229856026770e-01,5.492581748307546086e+00,3.055551028827848903e+00,5.966851839253541456e+00,1.266002437984911522e+00,4.366210574187752158e+00,7.676203201084497163e-01,3.459138067568354735e+00,5.076620819570633714e+00,1.030915254924496427e+00,3.291375996377803315e-01,5.777669379136597172e+00,6.497166920479044983e-01,5.144136730787632672e+00,2.215844805264006734e+00
7.648472131834277432e-01,2.225203785501965292e+00,2.004294695381968250e+00,6.596696070363822884e+00,9.354906123568731413e-01,5.224604467745926684e+00,8.123623163507998513e+00,4.919656907624245790e+00,5.472372046582737681e+00,5.580577079237269977e+00,5.263665068524892021e+00,7.951743398429990117e-01,5.334802797047388800e-02,5.791580687068713651e-01,5.183109595392344282e+00,3.650660263438767483e+00,4.402077089097509166e+00,6.214292118525206021e+00,8.471168986479601370e-01,4.116326719861686634e+00,3.243543369544782395e-01,2.184901142274675578e+00,2.617187090527957061e+00,5.420940079057396055e+00,4.630348680038699483e-01,4.944802787632851526e-01,5.662344850398699947e+00,2.942432706308353296e-01,4.931696628130800564e-01,3.224225335207280274e+00,5.514364721799667635e+00,2.003290517665656800e+00,5.883391867686861509e+00,5.742984255735079646e-01,6.004609636918673665e+00,5.765771343456535192e+00,4.044555017299914512e-01,3.046850649122764487e+00,5.910313435966465079e+00,9.074475348964634591e-01,2.450878224142483575e+00,1.754292865550155955e+00,1.193130186314073082e-01,3.768708293540167453e+00,8.542226463272692971e-01,4.479214196726162278e+00,8.245076398916653559e+00,6.376596480282165302e+00,3.756383374517919371e+00,1.862332977440405823e+00,2.390144656746560070e+00,3.520488469560182132e+00,2.580051784889445976e+00,2.140342089464780440e+00,3.602234302298750190e+00,3.036374595879856919e+00,2.598586987231183087e+00,1.107157158123253327e+00,3.673070389926896828e-01,4.759091829756456615e-01,2.195499373927711773e-02,6.730339641023345365e+00,2.104609409399547104e+00,1.017659734358207224e+00,2.469466923088532884e+00,6.584502289921811524e+00,3.098484895072642686e+00,4.164347574865669976e+00,7.153563414279267008e-01,6.717996796798088255e+00,4.659690734606519058e+00,2.925222872139478625e+00,6.695376536926088917e+00,9.580127106819535943e-01,5.807914176478781165e-01,5.695768149299784255e+00,8.237377946819945951e-01,9.033313327935177384e-02,7.415189752570510162e-01,4.484166023282867286e+00,3.045017511954760003e+00,6.997860787730317611e+00,4.811098068509086723e+00,1.519868204977527837e+00,6.189141259977558818e+00,1.286153428222919004e+00,2.785093983442115118e+00,4.138188926298237647e+00,4.564625939154887568e+00,3.346555127567150123e+00,7.540351302609021644e+00,1.104621615135404022e+00,8.758050864758222254e-01,3.849838349080458855e+00,4.801207308090395642e+00,4.544460497647380137e+00,6.344642052785154362e+00,5.830346870356936329e+00,7.403978998105693599e+00,2.673667387705297660e+00
3.603209025838960855e+00,6.454767495809027977e+00,4.174351574578754054e+00,6.140824599799497463e+00,1.319898701637921334e+00,2.160284168758940915e+00,2.108783170056540701e+00,9.713955049657752028e-01,4.567864261362353240e+00,1.842876721838331289e-01,7.482000698036221920e+00,3.564715789973092797e+00,4.358787573142690164e+00,6.732885321056674144e+00,6.440305979869306086e+00,5.107979461637534691e+00,5.764452547686659933e+00,2.115788269425761037e+00,2.552582987005680870e+00,2.300654168249570475e+00,2.397501324158295422e-01,1.562255677385002706e+00,3.700324636602529083e+00,1.974630691564358109e+00,5.131146897183970879e+00,4.483803666888965367e+00,1.087333253013942569e+00,6.869988418629611182e-01,3.010226083492740123e+00,2.174661512510501993e+00,5.687141412100132243e+00,1.566129377768901376e+00,6.137132289794111628e+00,2.282175267009237674e-01,3.318812441955330428e+00,1.807691751173541084e+00,6.195534253164305838e+00,2.117899952505165384e+00,2.066280501256689828e+00,6.954505060591170684e-01,8.400959409649594312e-01,6.456404646575775175e-01,1.662425461345854227e+00,3.099374414373815334e+00,1.391096629063689916e+00,2.135740624850952507e+00,1.183666594422945195e+00,1.506280585763616564e+00,2.364469169500429402e-01,1.430623132136764397e+00,7.451878053136327118e+00,8.874734562633471713e-01,3.350539769783206445e+00,3.226285587318701076e+00,1.379361439011944190e+00,1.329018061150764041e-01,5.099444779793180782e-01,6.545889101929415865e+00,6.682153477577856826e+00,1.651175407668243889e+00,4.187857500158070678e+00,7.214279616881125179e-02,1.210222499106560212e+00,7.603061959472685594e-01,2.809020935865170987e+00,2.433072292832309635e+00,9.263086978537026228e-01,1.398963425077047518e+00,1.133077416289539396e+00,2.048472494765760654e-01,6.625826966425276687e-01,3.207086160916801099e-01,2.057894751650406473e-01,1.993651493039784173e-01,2.185127805231227294e-01,9.086532311160011588e-02,1.089785169399419829e+00,1.037636041444825574e+00,1.078431128687624474e+00,6.398687968746810117e-01,6.749686281778122243e-02,5.063762111696828327e+00,1.469316912167504263e+00,1.824967288655111597e+00,1.049117511536151737e+00,1.396697620182591137e+00,3.608270952284487798e+00,4.140526900443987302e+00,4.385749665790142693e+00,3.492897143860552944e+00,4.173763339545988771e+00,4.331173248426972933e+00,9.287516089380907225e-01,2.811163896817409746e+00,6.349483699546898396e-01,3.840321934679467031e+00,5.207380648358648223e-01,3.379991561975305814e+00,3.657692652947746037e-01,1.415535480564394044e+00
2.536383457386257589e+00,1.226402229985766867e+00,3.875672083124856115e+00,3.005403678523419053e+00,4.954852368187604661e+00,2.864599739615956153e-01,8.978404283608494296e-01,3.213318680431438423e+00,4.592310971083540805e-01,6.352139819594730952e+00,2.630733835782232521e+00,1.710396522631661753e+00,7.134535896448230829e-01,4.881217210005380780e-01,4.605940957568302352e+00,5.237278940662344340e+00,1.014734036799600725e+00,4.641186539560646196e+00,9.553243923112532121e-01,1.221155193486282320e+00,6.353155539712697086e-01,5.586200167735572819e+00,3.213963743310568333e-01,4.037251040110902522e+00,3.939933818112744124e+00,4.604395706689329515e+00,5.381877893535166990e+00,7.959817617338477147e-01,4.652031481755358300e+00,5.868669722914823694e+00,5.138590506328743146e+00,3.112653317620640792e+00,6.089079722585714727e+00,3.288725613704099882e+00,1.731336468703211784e-01,2.828602589788996369e+00,3.482420182939587328e+00,2.238914357500429109e+00,2.884626508460608196e+00,2.320111963727434112e+00,1.314423736043180524e+00,2.013724004561581182e+00,2.213528660620347033e+00,9.408020509984093005e-01,5.440089866616385272e+00,6.640689055507489336e+00,7.806464220833840173e+00,5.984719744435160749e+00,8.197000310240842857e-03,2.576650571494406350e+00,1.417146051331040768e-01,2.444585367012489741e+00,2.403684391522183272e+00,3.525800655524029548e+00,1.251136780094211254e+00,4.112264793597889323e+00,6.990690091776587956e+00,3.787264784315952593e+00,2.287317527743619738e+00,4.656161737550839064e+00,4.291113790459379018e+00,1.716181199484800413e+00,6.014544695061614377e+00,3.209616538246506945e+00,3.030580981522004169e+00,3.147673698348940174e+00,3.413498692343552854e+00,5.460971049359569562e+00,4.778728635274877234e+00,5.433269345556497321e-01,4.446879901375023536e+00,2.073188525963032269e+00,8.963528082720753076e-01,2.834864867130603816e+00,5.143974899236216647e-01,1.043571411258179538e-01,2.206452246447318188e+00,8.241606877617488891e+00,4.732722636096742264e+00,3.679159219915233425e-01,6.195966728450094330e+00,1.582809717775162994e+00,5.208419330298733385e+00,6.571966748512814149e-01,6.422672494640951690e+00,1.209498557176807987e+00,2.000574165561243012e-01,3.828923268107967459e+00,5.208281329071919430e+00,4.146055033512972443e+00,9.037062955648615947e-01,2.775587814903628825e+00,6.873581198884907373e+00,3.896012155760763207e+00,6.435711131838245391e-01,3.948243516060339076e+00,4.162051367109542710e-02,2.785893979914099816e+00,2.350718470027674201e+00,1.055065037494822278e-01
4.635214108270437450e+00,5.322130514531643541e+00,5.206862887138045792e+00,4.517127776007654028e+00,5.191603005150895456e+00,4.494803912646140098e+00,1.439724560354806560e+00,1.453213034338989296e+00,4.927931412853231663e+00,2.609252325831536545e+00,6.893818396958913297e+00,3.124019226223053280e+00,2.548274082740833002e+00,6.312867672161253552e+00,1.026557017739009758e+00,2.025013777753923438e+00,1.595979539803034086e-01,2.837779027231924767e-01,6.791645515602263705e-01,5.837365483229047136e+00,6.512915375836473286e-01,5.810678956891212721e+00,4.644470730757453980e-01,2.015218366371326120e+00,2.003741206456170154e+00,5.410044074709587036e+00,4.313108678681582653e+00,6.091554144854669062e+00,2.057398777338628193e+00,9.699338269648070110e-01,2.751385532984819804e+00,3.697420127089676711e+00,3.862874828927806536e+00,5.901278973024201235e+00,6.727086884341964890e+00,3.294578362360014889e+00,2.910708979331173563e-01,1.884726403418126583e+00,2.099725460470266647e+00,1.161023392548479194e-01,2.979353186431261236e+00,5.412862801455585737e-01,1.430581297443263900e+00,1.536146864688989755e+00,2.657156189377062105e+00,8.065674193296634709e-01,3.682546149441034089e+00,2.029755721134601787e-01,7.402773729288365523e-01,4.931911619902786370e+00,9.081358350092657572e-01,3.220903285825217344e-01,3.278646238015686443e+00,3.051531985597484287e+00,4.469899402108590269e-01,3.655127104389133130e+00,1.258549637646971364e+00,2.171474063095568230e+00,4.478853084602341106e-02,3.502411829616087324e+00,3.871321593078818957e+00,1.327806793495704074e+00,5.770352193006806019e+00,5.413436363443798527e+00,9.504785185562303340e-02,2.010398223549552554e+00,3.081347111077506362e+00,1.095922806374337366e+00,3.717040857120601505e-01,3.890028976599456012e+00,1.671203226631294836e+00,3.152292927558630886e-02,1.134073764167270681e+00,6.889399829854647717e-01,3.252188794018588958e-01,2.880922866063637233e+00,4.047820651748978094e+00,1.070950598970183743e+00,3.884818753490482557e+00,5.861121068425054759e+00,5.432320314040625320e+00,2.008183602397156875e+00,3.833232646895794460e-01,4.588781192677193754e-01,5.328535547380724324e+00,3.147380755195144708e+00,2.218951491501854001e+00,1.187927139729972659e+00,1.993288193653746099e+00,6.561596494989943906e+00,5.136149031166405088e+00,1.093053647366143410e-01,2.059903711954031102e+00,4.448387007913474633e+00,3.066922779200154103e+00,3.403938204538616841e+00,2.320442387197612977e+00,1.693753631366205603e+00,5.887702008178789193e+00,6.206014912103910319e+00
3.022569408609682373e+00,4.833458517637608587e+00,3.573651593314411290e+00,1.330266239492855274e+00,3.292979376039995021e-01,1.922708612467762368e+00,5.771878492552194651e+00,5.566901607844758182e+00,6.223596971719788762e+00,4.304267667020735821e+00,1.210541159689915158e-01,2.159968141471602543e+00,3.895868726714493580e+00,2.139521348343211837e+00,3.478743832499552102e+00,5.284638360874398089e+00,6.357377638803286324e+00,4.059082134366319927e+00,5.483372960629852244e+00,1.566987350415445679e+00,5.821978920441956973e+00,4.848413596494901334e+00,3.888635311718524612e+00,7.774074456730613036e-01,2.646208306869864302e+00,3.352090642649954155e+00,6.003294400086235605e+00,3.114288382920223697e+00,3.897316380749627385e+00,1.542627505870138194e+00,5.036515350417553272e+00,2.064888348931140705e+00,2.860977464141500448e+00,7.391500667556523130e-01,2.209739908875532066e+00,1.356296379850510991e+00,5.341079063131449978e+00,6.543820919619792065e+00,5.227217165456329973e+00,4.424190920686388750e+00,1.915344396031134266e+00,3.743912962559155844e+00,3.024984271846849815e+00,5.125906034036611381e+00,1.437838365444293443e+00,2.509569794155185107e+00,1.003280497699600149e+00,4.400553104630821721e+00,6.297063174107708328e+00,3.320098677961436096e+00,5.653189483667659943e+00,5.958736994442138668e-01,8.164144095879442009e-01,2.255823792096101954e+00,2.609091614854988528e+00,3.858829148735265946e+00,1.645281278122768365e+00,4.236116174771690446e+00,3.275117846095656926e+00,5.380563647125245375e+00,2.670881951362313877e+00,1.929485917605516132e+00,4.183827593178357063e+00,1.712868433473703211e-01,5.880638793613988113e+00,6.674538076297921840e+00,1.477453841277002411e+00,4.196107376263928046e+00,3.744344506455525856e+00,5.443781944478307544e+00,5.254696422597665340e+00,2.834258315346262158e+00,1.149245394318476610e-01,2.331968374577320535e+00,1.412795145912460804e+00,6.061258555143573368e+00,6.417136889223670870e+00,5.988661314057493357e+00,5.669186794658694240e+00,8.182982136701568709e-01,4.741729551519553887e+00,2.042968276417292728e+00,5.197420938328683349e+00,5.451305270958262561e+00,2.830624955274945176e+00,1.016459000284166692e-01,6.849119028600076931e+00,6.986632942073951469e+00,1.207880944218362007e+00,4.760251643507226182e-01,4.783040231219279903e-01,4.541161362458719708e+00,4.135451574321904467e+00,2.492629855640162262e+00,3.682656204093897045e+00,2.812547727969262112e+00,7.170798405690215205e-01,4.363132613300275686e+00,4.288163940690432163e+00,6.402930038534519142e+00
5.370770405611265730e+00,4.017527065439026046e+00,4.466489234281400655e+00,5.678408347570811365e+00,6.481397232681521681e-01,1.053081092459461132e+00,1.152735942950789960e+00,6.392085913941220277e+00,1.293080244936793299e+00,1.340434621055842657e-01,2.706064673586626057e+00,1.834216031686288773e-01,1.800865575846820832e+00,1.681412910114441495e+00,2.309407268465352381e+00,3.922927802240312900e+00,2.960512169144532635e+00,3.968522794478972493e-01,3.071919311063100455e+00,1.152958303476796731e+00,2.822353422647240428e+00,5.665898423038866483e+00,2.158133406596164594e+00,7.706676289620418840e-01,3.179481386125368569e+00,4.061515764200527290e-01,1.183448545680974684e+00,5.837934348071129875e+00,1.202421438432746070e+00,5.338348924884924962e+00,2.108632632276830954e+00,1.179336198332209928e+00,4.356645183202997096e+00,2.612761483010228591e+00,4.920253268999964291e+00,9.980039157406739303e-01,1.314594132637401325e+00,3.333676459259554914e+00,4.265390095477315846e+00,4.151082681069112823e+00,6.389597535393283234e-01,5.569210939937527804e-01,2.783533531216606516e-01,1.202601246036263616e+00,3.244063279094289598e+00,5.479819911145500377e-02,4.789367623969111420e+00,4.140897836967943668e+00,1.997431746530753172e+00,8.715787370575051041e-01,9.759194022754389408e-01,2.320415166056120526e+00,4.845575923298160781e+00,4.172927730608902763e+00,6.140118612018063970e-02,1.616819352188283432e+00,3.535393348896886057e+00,8.052282327061051070e-01,2.978369033825055912e+00,2.418384329843202174e+00,6.085161677809542979e+00,5.610712804056793956e+00,3.371808680102972300e-01,1.062330583935634509e-01,3.405223540657244197e+00,5.110341071083838393e+00,5.306642086467109998e+00,3.656902371817660757e-02,3.041980432099187226e+00,4.138934834675378482e+00,1.488793214901401596e+00,3.659696448075340669e+00,1.572773202011834570e-01,8.339734947826429323e-01,2.548605100893710951e+00,2.051810546806428270e+00,3.618369358139314595e+00,3.298507461017475828e-01,2.205150567705138620e+00,4.700381254594651281e+00,5.076607958229661932e+00,8.416532619988690289e-01,6.022238973568455611e-01,3.365257494786120240e-01,3.034980481542175923e+00,1.260955476140014353e+00,5.643139963812757287e+00,1.537620747051797077e+00,1.814094529107554754e+00,9.875355229484314989e-01,2.435074360170056629e+00,9.161443001274031106e-01,1.593623211334394885e+00,3.072436238463676972e+00,1.234189411952280269e+00,5.378949797411533673e+00,6.107444341799486143e-01,4.457467040120348223e+00,7.519981372080514204e-01,5.500330956500565804e+00
3.564769883304899523e+00,4.797675440621165244e+00,1.111975773915045984e+00,5.026186085547870164e+00,3.340039617053372822e+00,8.505803017622348694e-02,4.217622790656708531e+00,4.292262163308437906e+00,4.657773614232968207e+00,4.306603169605533132e+00,6.721153384254941798e+00,6.668454133299663411e+00,4.819891228262888738e+00,4.721395030584751851e-01,2.097012235822576010e+00,4.628831976993752484e-02,4.004657052640092196e+00,3.605210589328025961e+00,5.540542933950113991e+00,5.137573698475295991e+00,2.587714867126983620e+00,4.131645413034431336e+00,4.191222039636278041e+00,1.586148600413199494e+00,3.471539323290935730e+00,1.346027346105402422e+00,1.230647119221710328e+00,1.889221075190142152e+00,5.185298756073668081e+00,4.798955729833132011e-02,3.333262583755995045e+00,6.497575754453706054e-01,3.102859029973004557e+00,5.441300250031674279e-01,1.995983313202614573e+00,4.023999720631135091e+00,1.257594970440069737e+00,6.113829898270015661e+00,2.128312861007103152e+00,5.540733966286577328e+00,1.761858397680382993e+00,6.644566856916822584e-01,8.733781607273767289e-01,6.283669140713191048e+00,5.556421696250665399e+00,1.461108863034024985e+00,3.234404442255017997e+00,4.648403144581554347e-01,3.811012982855539910e+00,1.755434932679176274e-01,3.759731825733583221e-01,4.056196230814339110e+00,3.491150185555787822e+00,5.259742537812354790e+00,6.565454635375925996e+00,6.322045431081917854e+00,2.892171532282164836e+00,6.826281960958303641e-01,4.721989826099002308e+00,6.659710183876389245e+00,3.086581600203418319e+00,3.294903592546003512e+00,3.210601953130329811e-01,5.276572291029709483e+00,6.219843211766587388e+00,4.712169371132853612e+00,3.606966952416554406e+00,5.030633789116702559e+00,5.412535280590403453e+00,4.322627914809147320e+00,3.539404439902334776e+00,7.235261875225843298e+00,4.845631896114828585e+00,4.809789223862291685e+00,4.623338465436617639e+00,4.685706700946865588e+00,4.599737002343411874e+00,1.183172816616625100e+00,5.552220222887113366e+00,5.207620673851150350e+00,7.371803721515918006e+00,3.602440034959876414e+00,5.654658817982417318e+00,1.430779243814700008e+00,2.111264725577931323e+00,5.229777788945675354e-01,5.065315422448171567e+00,1.234862792578379942e+00,1.738062265830645270e+00,4.587473537675208490e+00,2.876682251896097497e+00,1.677795714390512227e+00,7.788628782159803254e-01,7.495682279033339945e-01,7.026255341485816430e+00,5.869829448956052076e+00,6.161713342146063255e+00,6.897620175314216340e-01,4.903404635368624476e-01,4.438377136798332678e-01
2.787626155261084371e+00,1.065629367418129636e+00,8.715733491909567476e-01,3.999915245328256930e+00,4.262755492811099778e+00,2.166087407108040708e+00,5.305886794556924357e-01,3.028692457431215956e+00,1.912627030227789238e-01,6.942214963530497496e-01,5.450560769723178378e-02,2.338286855737132797e+00,2.898351122391055856e+00,2.367227867230140337e+00,7.817255486867598080e+00,4.486687456967693777e+00,3.977425077931250108e+00,9.532519668909327226e-01,4.081640892221360950e-02,3.316345286648950896e+00,3.089251737353550187e+00,5.395185793841148492e-01,7.138237661340596230e-01,5.801091735352899903e+00,4.475943031681365314e-01,1.758992232934627253e+00,3.272548537765204824e+00,6.144183000529189087e+00,4.118780936836954343e-01,4.090980231961321323e+00,1.264521706228594722e+00,5.287973842286701753e-01,3.983155241218542253e-01,5.089231758706261211e+00,3.462959581177158075e+00,4.727257456837005156e-01,9.446091839526433720e-01,5.961598440776938901e+00,2.804353768445495554e+00,1.082260662408778051e+00,6.697752855248724657e+00,2.738976837390062258e+00,2.881419971213662334e-01,3.675018672817786936e+00,4.179785642979197746e+00,3.653302635650773844e+00,5.871800136741687659e+00,1.371539523184806209e+00,2.335876273827333094e+00,2.525496487192353534e+00,2.071179431832359974e+00,8.922995314434423175e-01,5.426069396270283285e+00,3.054656979847113707e+00,2.228285277053088098e+00,4.834661682416331097e+00,3.212248728824002697e+00,6.667250793160504063e-01,6.359820872490286270e+00,1.445222316261262741e+00,2.349613964245506281e+00,2.283181235233159079e+00,4.509590620822067741e+00,1.664758687322888342e+00,1.172403491308358525e+00,7.383706416777157777e+00,5.026965312578474787e+00,5.225756349150136870e-01,4.683981372254935494e+00,3.505441092124068181e+00,2.268215486457194174e+00,1.792465751680913932e-01,1.402795702592942728e-01,6.584089566256929871e+00,1.837326490117493494e-01,8.765021606209617566e-01,2.474331158531249741e+00,6.396055507830326725e+00,5.167876189244526408e+00,3.872818668052300239e-01,1.241254192031526538e+00,1.047426890395851906e+00,2.502681881721555257e+00,7.279836208146044374e-01,4.390647235639498769e-01,3.927455202954718061e+00,5.549554867054358631e+00,7.110401570597709053e+00,5.327052701199767704e+00,6.697282245186047867e+00,2.920464464663765192e+00,4.105788759287548828e+00,5.830043029166338542e+00,2.662882310916172557e-01,5.415514925077820507e+00,3.281088899486348076e+00,6.239305906751958730e+00,4.950731121114866795e+00,3.618598496914062768e-01,5.374747750031086291e+00
1.204506896202180766e+00,6.690003978816591257e+00,2.300978180737768053e+00,2.069632182190127345e+00,7.001604714590666134e+00,1.092135356625082654e+00,2.956793219355819069e+00,4.277217080294274609e+00,2.797469129819443179e+00,4.299086679066104200e-01,6.251443750759081430e-01,2.340168591303425139e+00,7.339649296518865107e+00,1.778993247747187922e+00,4.353070811112336180e+00,9.123975574014179246e-01,8.292180064317559385e+00,2.058059937946728368e+00,2.568538831120281252e+00,2.021676204887574713e+00,8.585583233517483093e-01,3.846060779461158319e+00,4.764389993279877444e+00,8.209428422021245453e-01,4.081845328529006167e+00,4.055636838003117361e+00,4.763766107390095428e+00,1.051104374159274046e+00,2.223644618765068248e-01,2.237580568502691936e+00,2.200797606659059547e+00,1.143219882517738428e+00,5.166682095245896278e+00,5.908472518756783920e+00,1.707959028530856571e+00,2.578870012369002263e-01,3.613956160110548765e+00,9.568193659674451013e-02,5.057933133768601763e+00,3.491037840002220616e+00,1.951879446242096305e+00,4.225041207109507813e-01,6.783429236605617696e+00,1.422745878775513395e+00,1.721742111792445851e-02,2.727478530440205162e+00,1.804262884114844923e+00,3.309230055101689771e+00,6.675332173894896748e-01,3.623015598172825591e+00,4.905912454925553945e+00,4.648641446759937068e+00,2.896363176526760341e+00,1.379157142423964366e+00,2.598646356037488836e+00,6.897141147729278998e+00,6.894714488767376359e+00,1.498659356353300609e+00,1.053147311370401518e+00,1.029965046034145182e+00,3.322166775640225111e+00,4.498364122407358501e+00,6.781015245136439162e+00,2.514067415071401523e-01,4.950691345369107488e+00,3.255800106983853137e+00,3.361636421617276937e+00,5.475950240571878513e-01,3.254329515604811318e-01,2.818508434031856247e+00,1.525186565259455396e+00,5.256701243755718345e+00,5.935429854386526927e+00,1.159345936798882981e+00,8.723188159947694587e+00,2.478737502783598501e+00,1.317878128117575320e+00,1.694224435062168688e+00,3.728937636501850950e+00,3.761485460101097189e-01,9.764310218098406491e-01,2.392731764228885005e+00,2.140706074538496040e+00,4.402443681992939339e+00,6.169029902852147806e-01,2.041931926939330122e+00,4.803752064148360645e+00,2.507806273996700419e+00,4.195781284449177306e+00,1.471703064992100352e-01,1.433801248597333711e+00,4.446665964193176279e+00,4.862049426100059080e+00,2.133230710405845665e-01,2.582013848812651169e+00,1.724011093188934529e+00,4.578196100646787059e+00,1.495439169331654661e+00,5.683888296049033784e+00,1.043945558568970533e+00
2.069340638787200870e+00,6.572849066024845754e+00,1.679485381257897814e+00,7.970948043257486404e-02,2.221584504881340294e+00,5.549298370640031841e+00,6.380872290259116397e+00,3.078469625542339383e+00,1.402154519007540401e+00,1.479677776048029525e-01,8.866866524246369563e-01,1.115642615805237714e+00,1.714726241025636533e+00,2.325074913441014246e+00,6.298711278628962518e+00,2.584323485854256752e+00,1.702363384174794714e+00,3.428103165732228064e+00,5.318248307624509508e+00,5.185177915739016541e-01,4.586755465519429364e+00,8.886908182471193740e-01,5.390403614154530842e+00,6.678253055395320104e+00,2.413954463282094842e+00,5.832830410305251512e+00,6.416871164984407905e-01,1.110663036005078652e+00,1.717285819822584880e-01,4.947348345063867114e+00,4.592526600372474732e+00,4.976342403234474077e+00,3.073422616692831344e-01,4.045222128138337148e+00,5.294699696146198953e-01,6.186907826488896589e+00,5.650363031436366867e+00,3.653743547329901364e+00,1.527535342308463662e+00,1.650454579263798571e+00,1.012730775163161567e+00,1.656388399706026249e+00,5.317135992444872450e+00,2.931083705455699295e+00,4.659337202591591343e+00,3.687628062481245639e+00,6.802685369940060234e-01,6.786393603756364357e+00,1.096057927838353097e+00,2.200133787680732311e+00,7.160390243784331421e-01,3.983817022834804877e+00,8.570072378524494772e-01,6.111122044222954131e+00,4.684410139569308740e+00,6.216628634588199809e+00,3.443926804222706473e+00,2.559302230806356437e+00,4.999176197462036342e-01,4.906898941518632817e+00,1.964962994046838052e+00,2.344549089317869317e+00,2.751227221215769347e+00,1.585143083068645264e-01,8.181230999377382407e-01,3.407442551110039464e+00,3.308788865684323177e+00,4.508109299160236283e+00,8.739527957421977522e-02,2.250878449882074861e+00,5.523449896577798945e+00,3.613006833530368889e-01,1.873675633655462747e+00,5.964965849986564983e+00,2.271796399342790096e+00,1.306434616072850607e+00,3.863280535327152876e+00,9.792487003712834204e-01,5.523398345303867085e-01,3.434022226189519689e+00,5.675993041236610637e+00,5.118591890356730012e+00,8.418178737137290701e-01,5.741436002085325896e+00,1.147287945671211284e+00,2.774041493744598075e+00,5.553012869167933019e+00,1.973041536186770362e+00,8.835373089172628980e-01,8.677684647334842349e-01,5.085759791951169007e+00,3.680253549490685838e+00,1.455476680442695958e+00,5.233347456600304426e+00,6.997793037211124556e+00,3.545104868211407911e+00,1.011043311761287589e+00,8.157475502911881726e-01,5.808656804100436943e+00,4.286855109971755562e-01
3.412029787464541108e+00,3.296565068940823906e+00,2.266874826193899573e+00,7.989410758327357698e+00,2.176748118999038084e+00,1.772252503321607442e-01,4.169353359746409637e+00,5.157062831734545938e+00,6.769535861707236535e-01,2.778553800288987130e+00,2.191045260570448683e+00,2.881251695524492007e+00,3.207478038751032656e+00,5.514576468500901996e+00,1.802838273016263315e+00,5.306404737180214326e+00,2.837039875145690004e+00,3.169816744312841550e+00,5.294646873603840120e+00,3.801481964184754148e-01,3.776835101976827147e+00,3.631568486016993447e+00,6.543630305565480754e+00,6.429958212170265419e+00,4.628408333464763658e+00,3.007079393608338425e+00,3.239667811187633362e+00,4.699453176254489328e+00,9.237869212570544164e-01,5.644721362096627448e-01,3.492319680725722630e+00,1.621992950975042147e+00,5.031105574139752790e+00,5.377786979884243479e+00,2.424121346307873459e+00,5.361331334135563509e+00,5.267459609101951656e+00,2.753750696089992900e+00,5.104257363422498806e+00,5.036447294820386666e+00,2.643649362178916107e+00,2.233756663788016184e+00,1.617862182125205939e-01,6.604833675267448356e+00,5.262978953357370315e+00,4.544192254426413058e+00,2.129071529876820357e+00,4.003504867669676948e+00,7.674077096884632354e+00,3.028890899530544800e+00,4.055440814057824639e+00,1.319348836308486872e+00,4.067531614683671748e+00,1.418536040482849758e+00,1.225411310978375745e+00,4.141307593687325372e+00,4.319799021239922876e-02,5.535055727062365705e+00,4.627470750341721839e+00,6.201497772445736523e-01,2.270900310690605828e+00,3.217965359471307796e+00,6.123752775732502762e+00,4.387694646491733241e-01,5.588131443794220665e+00,2.709470661323276630e+00,1.481219847922883970e+00,5.817982117370414485e+00,1.640486815935517928e+00,4.778376132767659712e+00,1.013326486318638642e+00,6.599546590407960878e+00,7.326562951397196599e+00,1.705710821604247585e+00,3.589912777494035367e+00,2.462864682739251521e+00,4.075778111337363008e+00,1.239428026290034568e+00,4.252223374391006061e+00,3.674518157903094995e+00,4.835883225267966878e+00,6.586488544582498328e-01,4.235269235625662709e-01,2.668789880966726535e+00,3.255448965115230742e-01,4.571213668930372620e+00,3.579018638200924141e+00,3.583733252542079306e+00,4.429941160794012234e+00,4.814476652429720005e-01,5.388047405175053761e+00,1.406333906033465864e+00,6.109051549650071244e+00,2.281744114548833302e+00,6.300461806839066981e+00,2.721644455875693147e+00,3.952448494694547065e-01,3.188581501448988220e-01,8.506675196437529785e-01,3.460631304630797267e+00
3.959983532786882421e+00,1.002377010910682209e-01,2.142112485088347729e+00,3.198531251688521593e+00,1.558853158250611326e+00,4.548206812780387409e+00,1.209945252086112921e+00,6.582753204546094583e-01,1.802131537002626960e-01,9.850490326767160632e-01,2.856461171843419855e+00,6.298991751892114577e-01,1.430145153500326671e+00,2.220420919532283932e+00,3.706064318804976221e+00,1.742753154531825999e+00,1.167717234332170673e+00,6.429232482946705574e+00,2.000348342691328440e+00,3.978211252321457447e-01,5.380405623870552212e-01,2.046864102762088855e+00,2.214051477189094008e-02,3.925583402929881505e+00,2.046830529793407294e+00,4.006830418363178659e+00,4.166916536441196417e-01,1.579075412211241591e-01,1.855217422913054914e+00,8.642803476388034589e-01,5.433141033659556030e+00,3.066519642088246567e+00,5.243099308878013787e+00,4.588317339789115934e+00,2.006820038755011026e+00,1.727023951222759646e+00,2.105256826953586513e-01,2.397436860754582177e+00,2.850920804125527397e-01,5.753486298604713056e+00,1.047461833821976773e+00,5.502956002132120439e+00,1.894705631666403711e+00,1.339650319658222566e+00,4.615129131254258610e+00,3.511762255063214155e+00,4.737676606073113028e+00,2.434342724994531970e+00,2.175407047795946625e+00,4.995987465903199976e+00,1.674893822066625404e-01,5.991219837058132658e-01,5.078401617661269185e+00,7.697441238954316756e-02,2.523110998011994344e+00,2.387315498388631774e+00,5.170099944639090950e+00,6.091314681916441209e+00,1.054104429417846545e+00,5.401758718509535484e+00,3.234080137646966779e+00,4.902322479473394168e+00,7.521467984393597206e-01,7.726211765196202563e+00,1.459983118647108391e+00,2.995994474573944188e+00,5.618701905736087632e+00,1.534956492837102893e+00,4.858293435821641193e-01,5.741510061899425033e+00,1.782742966212174984e+00,3.795234163035114072e+00,1.596040174746254925e+00,4.957754377326966555e+00,4.154074817232294770e+00,7.154200570540438786e-01,5.495792614067434911e+00,5.147109545059369573e-03,5.450862857052883648e+00,2.343748795872905077e+00,3.758849165257238223e+00,6.251785521706761273e+00,4.659159381885163320e+00,2.106737026424580161e+00,1.442284284941044437e+00,2.627374403743394371e-01,1.330295566914753813e+00,9.074316320687958459e-01,7.492451893222882298e-01,5.711332016763874364e+00,1.772793963474144530e+00,8.104231345999668434e-01,8.879444850857980409e-01,2.490037850341078052e+00,4.853933527052562980e+00,2.676067767493429450e+00,4.051485289656303612e-01,5.162443305776506897e+00,9.302107542904973769e-01,1.132270439141993101e+00
4.378302088487218136e-01,6.603960450513075564e+00,3.347338009405397496e+00,3.759820017653504820e+00,5.214955070101449763e+00,1.380692203308860000e+00,4.616437211048515010e+00,6.595214034439106365e-01,4.811730699224678887e+00,1.914004622386445531e+00,2.454770282137427539e+00,1.852310469545795923e-01,2.074850475166364561e+00,1.178032166001247161e+00,7.267736118504322107e-01,2.847800762036809097e+00,9.710270924139521309e-01,4.188188380328095484e+00,4.711649718130544784e+00,2.183841328022085193e+00,7.627152329187456559e-01,6.466543548359426019e+00,3.598645979000220319e+00,1.308904934740383386e+00,1.052935557104142550e+00,1.948606539964435225e+00,2.217965595650347232e+00,5.470560703452147955e+00,5.097952984027126710e+00,3.620907338195839209e+00,1.963518485311271045e+00,5.712397856750085268e+00,3.085541107638981595e-01,3.433368564642767851e+00,2.165253018401274598e+00,9.931873516913221067e-01,3.975749928455477811e+00,3.960775946561394978e+00,4.197783855617833737e+00,2.497410887087632148e+00,1.198700440362946429e+00,3.193790234325581068e+00,6.547894232950296711e+00,5.755094114122623949e+00,2.449496759520013001e+00,1.686632338969527911e+00,3.218324195282464828e-01,2.413149408415709019e-01,5.882869360580654572e+00,2.246276804320565201e+00,1.906958567182371889e+00,1.977827080372293267e+00,9.182027521771656264e-01,6.000116682407737878e-01,4.239141784830444237e+00,1.807857123262532451e+00,7.215897057781440971e+00,4.949139732809543446e+00,2.935698134257798131e+00,2.264742634477539429e+00,4.383499478366025492e+00,1.137537722896631909e+00,4.808601256277654779e-01,5.297445087832882704e-01,2.504990272578572430e+00,5.722782470916459863e-01,3.699020961280657716e+00,3.180277676255562014e+00,2.918326183400030249e+00,4.624173068287676713e+00,2.120478115583281919e+00,4.221457732662734941e+00,5.192953348123841906e+00,1.896173984649335065e+00,1.244814779283865747e+00,1.151159445374583257e-01,1.101230255900552901e+00,9.359414228828790705e-01,6.229499587609623745e-01,9.565795527026337286e-01,5.113472166227782445e+00,8.121313759806056964e+00,1.280110449209763690e+00,5.250942492365436642e+00,3.234227012969961290e+00,2.190280093235974057e+00,5.784269708741942573e+00,4.310452979745975632e+00,3.850878991718079458e+00,3.135365840824831940e-01,9.705737427711225163e-02,1.457559991810139843e+00,7.240375254186487419e-01,8.712820808054211330e-01,2.678671363577013853e+00,4.022280032154190721e+00,5.338045600230881149e+00,1.369343030383854964e-01,4.459718657521415608e+00,5.200860002429437579e+00
1.124032815736352386e+00,2.368460752552739912e+00,4.217240769918681131e+00,1.407820922756908510e+00,6.010708380712546983e+00,1.867335853827755798e+00,5.622106753649922517e+00,5.184197807398177815e+00,1.123583839251713901e-01,2.498859591062633001e+00,1.371974370005833999e+00,6.989151088809364865e+00,2.413329402268509671e+00,1.974141061040025624e+00,3.106616475871315508e+00,7.294596558117167895e-01,3.426599718941220285e+00,1.183364672223047087e+00,1.322518792851349767e+00,7.826577591274086476e-02,1.496521408032483569e+00,3.608545025050313715e+00,3.742317357936268074e+00,3.576809551526454634e+00,5.788890288373536919e+00,4.234617960190696806e+00,1.050216104369930736e+00,6.567589596934105600e+00,4.852382235547690881e-01,2.840998601778431443e+00,7.434378782640264305e+00,1.202698482347367426e+00,1.463919369686874639e-01,5.541802088552221228e-01,1.500775816029936927e+00,3.145154707814070250e+00,4.082052634379846445e+00,1.852509966393957486e+00,4.969582830365330217e+00,4.517763359037964221e+00,5.149348659826767260e+00,3.459182487349701685e+00,2.436443451398826454e-01,3.276858784562031168e+00,6.568189463246507209e+00,1.222273663478788075e+00,1.794602629929861859e+00,3.319084160069730505e+00,6.713044189692489283e+00,8.478023705779502706e-01,4.265084795262606754e+00,8.440183463066073255e-01,4.334607547297377295e+00,1.319726676649008557e+00,5.045358691010933150e+00,1.984411153134881811e+00,2.493476209609190697e+00,3.249027052110796898e+00,5.014629577233166380e+00,2.156812040178923251e+00,5.014536397491097475e+00,1.225744135612182983e+00,3.227145036455925542e+00,7.445591282117589582e-01,1.343570692831315583e+00,4.411395466085257233e-01,9.165473621635222834e-01,6.328333346969483131e+00,1.703921165930781800e+00,5.097812768918239534e+00,2.413567079598456289e+00,5.430218150712664560e+00,1.802758010638579877e-01,1.804264487230250236e+00,2.586619533939614080e+00,5.107240821300639944e+00,4.878207696061128473e+00,3.650131200099896223e+00,1.618005388472560924e+00,1.855112918427798796e+00,2.656327758403852490e-01,5.990243277550300505e+00,1.267285296183022325e+00,3.873105584589412675e+00,4.981305762198718901e-01,4.598040969111373499e+00,2.308520631241766541e+00,4.015792776865785285e-01,3.004139362375182198e-01,3.230279120326876807e+00,1.829765346136111415e+00,8.744403004132450530e-02,9.027616440707247891e-01,3.800078757021763565e+00,6.646134527966005567e-01,2.533410909078143147e-01,2.390880586062802404e+00,1.069509581016538924e-01,7.415120241031214476e+00,2.930175981716213851e+00
6.059113378287381835e+00,3.821475217274450387e+00,4.662387795126511136e+00,8.841407828473064612e-01,5.289665402022241114e-01,8.119218689561936486e+00,3.734028214782830979e+00,1.252088587114892793e+00,6.888652676215031079e+00,1.161891411817574937e+00,4.422814646751072054e-02,5.539443022414093143e+00,4.950602860785145998e-01,3.469227817532388514e+00,6.467631874931250913e+00,7.322552702567673988e-01,2.105516777099838421e+00,1.880423889497161660e+00,8.836235143467038311e-01,3.865572742024459885e+00,8.344923562437546183e-01,3.019242898266579544e+00,3.103903119835338842e+00,9.412096747994382895e-01,4.414959014986488128e+00,2.027842330036554230e+00,3.251900137675376445e-01,1.480861191451769976e-01,8.923780258031915880e-01,4.094495303570640843e+00,5.028355172424268105e+00,9.301428740363254732e+00,1.327482368212524966e+00,4.291614582883076068e+00,5.847247279231303274e+00,6.058875269343495518e-01,5.178138787172557045e-01,6.692171834666792662e+00,4.510678831547268786e+00,4.161856989815949426e+00,1.091972656883100523e+00,3.308852983681149329e+00,6.685984794370331663e+00,1.786071885194034703e+00,9.548464691967875062e-01,5.405695921334384479e+00,1.541939574679723091e+00,4.954165404511846615e-01,5.669064161342530772e-01,1.344670560708822293e+00,1.361877706306415581e+00,3.645222763802101973e+00,1.804764786359547069e+00,7.661298720380087524e-01,4.155153203538243467e+00,2.882876872578302052e+00,2.288685839913817688e-02,1.027249550670651157e+00,8.604129268990938328e+00,1.948019561094027630e+00,4.632349319546680277e+00,1.707018808883219885e+00,3.935706733917660571e+00,1.854571838924549132e-01,8.186181794089886665e+00,6.837774834580606864e+00,1.886166936075513334e+00,4.546779694098020741e+00,1.595335567399485566e+00,4.313182864327776755e+00,1.677713401931677062e+00,3.030881189741283510e+00,5.404240590368296182e+00,4.738118717601358831e+00,3.396067656241156474e+00,6.662092051315504193e+00,2.791617299733426094e+00,4.883702606054279194e+00,1.208883538683833248e+00,4.336368132300483680e+00,3.568933341806800996e+00,3.115331470053747331e+00,1.871024655509897938e+00,3.659207797871167678e+00,1.831619831488297212e+00,5.497056823253604563e+00,4.578187428496569567e+00,1.398122963397520735e+00,1.695324256784627170e+00,1.074258374319588816e+00,5.532002267369219517e+00,5.696394785416105222e+00,1.518092342136387440e+00,7.880653116659741553e-01,2.000168603317944438e-01,1.089266554891622496e+00,3.228362966570697878e+00,5.601269104670210552e+00,1.455730110206931993e-01,1.515113467704983563e+00
6.747118443374842123e-01,4.039737216680109100e+00,5.015852989990145616e+00,1.579787856962115100e+00,4.433557325606578559e+00,2.919038257164555450e+00,5.421685024856337520e-01,6.184091578430976455e+00,5.742042495599140040e+00,5.394788884836597020e+00,1.146926378534082858e+00,4.467396708895299717e+00,3.109616696437397465e+00,6.621389902479076994e+00,1.034371381173491367e+00,4.395657088153441805e+00,4.531276877413967341e+00,6.027705835643949683e+00,4.043039822390772642e+00,5.981194706572848574e+00,5.480845069285411597e-01,1.607283650244476725e+00,1.708453496850178110e+00,6.301153359650442987e+00,2.129929971543783607e-01,1.583416952211557538e+00,5.304473455361168988e+00,1.456139511458799385e-01,5.138091745106739161e+00,5.075656268195237075e+00,2.533749073450382916e+00,3.381066613089801276e+00,4.857733498190601296e+00,3.276114231500949714e+00,5.620905264217272546e+00,5.336111694319217946e+00,2.806499196451277101e+00,5.384292536536933405e+00,4.795473425024577852e-01,4.510258582384284232e+00,5.216448001654228506e+00,7.030100074551455691e+00,4.755312025109690310e+00,4.651149949507223269e+00,6.298196955746544923e+00,7.692256475054650267e+00,3.989824670766891845e+00,4.318873659377825192e+00,5.072487514987741974e+00,1.459131001609392797e+00,1.096206255636573257e+00,3.862042263298599565e+00,3.604715635959334197e+00,6.069339566991994950e+00,3.422440309883064913e+00,1.744365503639294879e+00,4.434341877805705323e+00,2.127419661841753573e+00,3.450437851043803850e-01,1.907339520013868528e+00,5.911569317267685086e+00,2.382127312257736218e+00,4.100453469139393459e-01,4.300704353333593133e+00,1.990165936978423922e+00,3.019813290343219769e+00,4.683396473842611485e+00,2.224030491794481978e-01,1.382598772261975917e-01,4.406143303567805702e+00,3.217986593865314937e+00,3.030633106392946807e+00,4.234917160493889554e+00,4.670836875512483388e+00,1.610656461907962633e+00,5.738112476082339874e-01,1.845578124896105177e+00,3.322517783915148737e-01,2.823606683280665663e+00,4.733322092035481710e+00,4.182840149749596392e+00,4.878623544767009435e+00,2.489914631688080693e+00,5.245781550605855159e+00,6.819937350386017449e+00,5.852759031644110266e+00,1.235424463656112026e+00,3.043920120509692850e+00,5.513195836659678051e+00,5.763053274715366214e+00,7.889653364507493993e-01,1.241896859789593854e+00,7.350223182643533804e+00,8.134826009077877895e-01,3.613598599062027628e+00,5.076763547227127749e-01,5.407997275729872655e+00,1.046483287514221594e+00,2.834408200744373829e-01,5.193913891965154406e+00
3.884281427121330843e+00,2.042480391236270343e+00,4.055268676734864464e-01,3.411845235927064568e-01,7.922154451481493442e-01,4.257879065648694450e+00,5.048981059231647528e+00,4.213490111287165441e+00,4.007010550007912286e+00,1.994423423878783463e+00,3.393583105630844532e+00,4.720096707937092795e+00,2.552655790996514185e+00,4.097569222514078291e+00,4.899910062791890120e-02,4.775868936659312780e+00,8.061305781324100694e-01,2.978951705463826372e+00,4.109198732897611173e+00,3.123851650266018520e+00,1.837054139966749489e-01,1.198491327643172566e+00,1.504962456253541303e+00,9.187937322490544734e-01,5.112803599311583902e+00,3.796304869930716031e+00,5.891144989247333541e+00,1.514653017935420731e+00,6.784738970298933580e+00,4.440954484633823363e-01,5.839108751667726693e+00,5.590498796593764474e+00,2.699834897950921242e-01,2.096345258836724845e-01,5.816853708295578684e+00,5.723950987018825209e+00,4.580876398679658124e+00,5.159314200720516830e+00,4.602875187424023018e+00,4.837371645761262329e+00,3.025756617729029152e+00,5.180384027530934077e+00,3.291543461676613269e+00,1.414565644555862534e+00,7.122817782202100823e+00,4.538529769704902073e-01,7.102789269857703314e-01,2.363232735795439687e-01,7.704082845961547354e-01,4.847267673939144039e-01,5.302713960325401432e-01,1.520374291231966657e+00,5.902185324415922807e+00,9.063898918426918083e-01,7.697317697392215274e-01,1.967926114519086500e+00,3.971820740265489924e+00,3.416533773741403657e-02,4.491590505266567668e+00,3.095031043642244128e+00,2.640771546305760165e-01,3.453526911217327466e+00,5.389146694203261312e+00,5.548542787835325285e+00,6.168640255684431750e+00,4.589470228572513300e+00,6.874889979353269176e+00,1.371131112187489842e+00,4.501941488999538166e+00,4.105785397193910669e+00,1.168407465570956649e+00,2.056892515958944401e+00,4.031023547315291999e+00,3.037966259747166831e+00,6.127537130001789123e+00,2.743968579095497518e+00,3.786718154212068033e+00,1.758686987661600032e+00,1.098890324720822376e+00,3.252586231536033878e+00,7.639985983182355778e-01,3.065756431563225526e+00,8.006745519829547852e-01,5.160618847052933944e+00,4.428537843532982521e+00,1.893046178898559528e+00,2.266330561539014354e+00,7.399347066879479184e-01,8.911642569522979507e-01,1.884403843922371591e+00,4.020796946998842714e+00,3.094991583159364623e+00,1.337464476069873953e+00,4.640840020266984389e+00,8.212120571064608354e-01,6.202937241438419846e+00,1.300692203723371909e+00,4.371302876758084155e-01,1.044399604465550579e+00,1.829732063754919036e+00
1.526417959761772192e+00,3.002205966888135791e+00,1.071549227666195314e-01,5.693185631701487281e-01,1.973656505464684408e+00,1.590506161643215233e+00,4.333619818590642048e+00,4.656064590603559594e+00,2.667630736752317322e+00,2.096681569708735982e-02,8.663390187304226275e-01,1.044580258429441244e+00,3.891140583917260809e+00,3.256969513546624562e+00,6.338290697383202055e-01,8.435295450284854279e-01,2.212899939880713873e+00,1.445815195035873302e+00,3.404870740311881860e+00,2.021509963900624207e+00,4.665506181461458013e+00,4.770905475086560932e-01,8.633955076142023621e-01,1.469104941406494724e+00,2.856375223461916413e+00,2.490826778986079404e-01,5.442342278521007159e+00,5.889923985703379827e+00,4.194788029332309875e+00,2.140616676615275438e+00,3.050955171442066849e+00,4.128909778854469081e+00,5.992443599999652815e-01,4.567996324637998207e+00,5.772105796630928154e+00,4.340034697540430031e+00,2.163850614945334039e-01,2.709960184683020135e-01,2.001620232275135969e+00,4.139475820107687554e+00,2.066197383065481397e+00,4.971451695273032545e-01,1.153136948678339824e+00,1.433959495456726962e-01,4.406801080703999673e+00,1.014319243730978704e+00,5.714459372227957523e+00,1.281594185125974228e+00,6.451718176926649839e+00,8.784760282865817782e-01,1.672265095823992631e-01,1.049992634057821839e+00,2.401229410133012276e+00,4.162169795061678279e+00,3.848880105596681034e+00,4.686109299558532726e+00,1.905738685548787004e+00,8.468711637018154770e-01,3.624687928527531300e-01,2.344711865071099410e+00,4.722200728104491319e+00,1.089513932005056418e+00,2.001671398037337291e+00,4.199067331831657590e+00,5.889845890703396591e+00,2.327404206100796902e+00,7.018903036341528345e-01,1.110090310419547643e+00,7.942940246391727577e-01,1.258132841834937565e+00,3.555735148230150244e+00,1.471022120824181378e+00,3.677327332495076817e+00,6.955838387887345320e+00,3.355317259556984233e+00,4.535447538233382758e+00,2.944639091053089963e+00,4.036273469745498055e+00,4.518315962336212799e+00,1.339869983989930180e+00,9.785751250635131848e-01,1.944819622382389923e+00,2.912760539438857599e+00,5.185715443012058223e+00,5.665402577342241841e+00,2.753267094111909508e+00,1.067028970600128135e+00,1.330662321175495322e+00,5.567543628430271951e+00,2.098528929017888345e+00,6.123546714642709610e+00,1.248602892551057497e+00,7.869259255520250074e-01,1.634529057926577877e+00,4.211174130478555711e+00,1.927499687385911598e+00,1.580552634612634400e+00,2.178978384922665157e-01,7.368926947251763782e-02,2.820331137555011303e+00
3.331283396164213428e+00,3.493681125622232653e+00,1.309538378861275776e+00,1.390873738242938806e+00,5.350911275402775225e+00,4.004524159380560278e+00,8.828474355496238601e-01,4.662258469088035540e+00,2.838180841252172293e+00,1.795796531477884539e+00,3.150353379293925560e+00,3.370915760320340127e+00,1.101144191206051559e+00,1.217253182734788330e+00,1.589110907358175062e+00,7.173162683271581130e+00,2.844845909946556173e-01,2.858278674659152863e+00,6.365197575339689884e+00,3.078299043951002734e-01,6.830113998036567713e-01,3.724384399769194331e+00,9.611619635933987826e-02,2.134191347744463840e+00,3.140675087517027286e+00,1.088037384981750177e+00,2.565170994522287806e+00,4.267625802193776963e+00,6.644449420433419462e+00,3.540533158307154871e+00,5.768008773917348897e+00,1.032039784291978624e+00,3.618101515263996149e-01,1.735007913980621819e+00,5.127278743827684337e+00,2.875048239797107774e-01,1.004896823475272205e+00,1.751626040440047660e+00,4.009989535503677427e-01,3.268936450638024738e-01,3.521439128603642832e-01,4.820327443232008235e+00,6.376405270966887251e-01,3.322358831476275753e+00,1.107171763186648450e+00,1.044236287952989173e+00,4.318810138276544031e+00,4.349720796343024887e+00,4.741903993917868654e+00,1.343095165513207512e+00,3.633104243721567705e-01,5.079304571546958691e+00,8.845549900570690571e-01,5.768131299513061805e+00,1.749413983175571952e+00,2.420422864894645976e+00,1.327636146680561513e+00,3.785280068864214087e-01,4.597452572283960981e-01,4.771739393478911850e+00,9.158086005849186417e-01,1.064127349529458755e+00,1.481405782883449262e-01,4.099561441582761923e+00,1.188742773169088274e+00,7.642334510376542767e-01,4.742473979158817521e+00,8.135004250936495040e-03,5.377632160224083080e+00,3.970015726011677515e-02,3.477999920448877624e+00,6.419910547715279581e-01,5.366485612482874146e+00,2.391035363662394886e-01,2.619553589413821548e+00,1.241731300823531559e+00,4.381456611832086345e-01,1.475680606993768906e+00,4.557574053766293432e+00,6.816178291122950483e+00,2.438593702899684246e+00,3.005110625574260119e+00,1.371361142281899426e-01,1.507704785650082258e+00,5.981286150601117235e-01,3.725973787391025027e+00,1.501860028499544253e+00,4.432982952108693198e+00,1.605968298715402476e+00,4.605721182548119685e+00,7.280053553321432780e-01,3.289488560736375522e+00,7.840510483938667008e+00,4.692615987286076207e-01,2.805392872218780198e+00,1.351555520682845568e-02,1.002173029620559763e+00,1.184295055404503083e+00,7.384526008923248952e-01,3.666833193599664753e+00
4.635234678079618309e-01,3.042204918827576599e+00,3.959730832601108474e+00,3.200265803393896213e+00,3.739658938493249707e+00,5.217168508796831361e+00,2.154880521617841715e+00,5.058229783730107343e+00,2.612566081557594178e+00,1.880401145980072464e+00,8.855160970154417610e-01,2.783575540672106996e+00,2.741800493176659081e+00,2.582888196004304859e-01,3.069773081980317730e+00,2.797422094648122082e-01,5.959109539151051571e+00,2.091804201044977329e+00,3.622390755707355359e-01,6.062213052364501920e+00,1.424054842722060954e+00,1.236849301366603759e+00,8.341561086511410039e+00,5.751282655070693028e-01,3.462990377765235994e+00,1.823921362745204888e+00,1.007985249060607602e+00,2.210273612719707792e+00,1.117228692422759462e+00,4.725320725966820845e+00,2.831100086073367050e-01,5.632337671644156885e+00,8.229732181094988164e+00,6.831078366898385212e+00,1.073256591673187543e+00,3.273641921206891237e-01,3.690318556148031615e+00,2.357236890023617359e+00,6.243591102160712225e+00,3.763123569548365577e+00,2.215604310791652320e-01,1.635399073672181292e-01,4.762609516877153171e-01,4.393386853939737158e+00,4.815843192434842379e+00,1.855330544506530233e+00,3.294530023021566834e+00,2.072728976755112917e+00,5.213497679922773465e+00,9.753401777029480080e-02,4.478888220321122660e+00,7.601430065504021227e-01,7.818930948138762549e-01,2.919527863913227161e-01,5.406585189661980984e-01,8.093648581483732229e-01,4.289970359000587763e+00,5.242358452994435147e+00,6.168338270999792705e+00,5.713526467976810075e+00,1.712912146472709729e+00,6.795658821735308663e+00,1.278697315968309489e+00,6.240227072533683916e+00,1.215734264734109615e-01,3.148703806811289141e+00,6.036124166954111026e+00,2.720046418866363114e-01,4.780517105394939570e+00,2.095441311445168431e+00,3.976651167478779669e+00,5.595946109569366556e+00,5.197856690632013388e-01,1.497231906490708475e+00,8.366899072329743170e-01,5.199209411763586530e+00,3.860788311916707904e+00,1.139575542730292934e+00,6.515122633486245540e+00,3.233016451605765340e+00,2.282981088915322587e+00,2.088712179293688020e-01,1.568553541060548229e+00,4.501221176443168659e+00,3.984462052523354281e+00,2.179011887864308772e+00,4.177466494921315388e+00,5.512217455546640110e+00,4.748770973224749170e+00,6.177552052733561894e+00,3.316010848400796629e+00,1.655176471085917367e-01,1.818817701363680595e+00,4.333553185579191336e+00,4.060077460257915050e+00,3.274531745806854577e+00,3.448093872080177480e+00,5.435416897337485231e+00,3.337683784545232957e+00,3.908527657585321169e+00
1.584244119125248318e+00,4.133674971770787465e+00,8.736386341300976799e-01,1.547242974439200669e+00,6.109032229944324044e+00,4.327079404468353374e+00,3.905501369538955103e-01,1.498389740142883397e+00,1.198936841510377382e-01,2.436741890711816350e+00,5.494850642403783958e+00,5.574559991108285928e+00,6.550623652345355374e+00,6.091661316172876539e+00,5.749234239624697373e+00,3.984532106936992779e+00,5.038766431926324785e+00,6.004932617500349679e+00,1.656685703832545542e+00,5.549480733813985545e+00,4.314793493214823528e+00,1.402534478920270500e+00,3.732583304863571705e+00,1.013899515744349333e+00,4.459251968633388685e+00,5.496368370670692727e+00,1.214502622015847688e+00,3.705812566458646096e+00,7.984411238927014764e+00,1.821766291403245974e+00,6.884757128623870681e-01,2.672203024941001814e+00,6.785893295027219274e+00,1.629857998802663133e+00,3.249945439634845279e+00,1.155646928446192767e+00,1.370603894169015735e+00,5.384567904588312359e+00,1.281512714887292681e+00,4.518826943268695828e+00,1.396352076014055976e+00,1.023135771350581091e+00,1.833371107884714579e+00,1.493468034853865589e+00,4.817055121900514436e+00,1.360749648647217924e+00,4.390535115336895444e+00,5.560489017586848881e+00,3.188436915011518824e-01,1.370895127114507783e+00,6.753984110525744100e+00,4.224393643954481803e+00,6.810019256541262056e-01,4.433968717625820233e+00,1.464251018783999658e-01,3.133780185165133236e+00,1.644859095333365495e+00,8.396274673606413108e-01,2.012476014716411576e+00,4.238924192541242419e+00,5.663066077977590318e+00,1.066135298583000379e+00,1.311722699760934141e+00,7.518714150204086621e+00,3.667260477849155986e+00,1.079123274651589304e+00,2.757664184934435436e+00,8.809926336276512338e-01,2.926049864237940223e+00,2.446404001237336701e+00,5.764111324022058724e+00,1.291189519469334135e+00,5.026253610831096452e+00,3.818216114391160154e+00,5.024170274746064813e+00,1.302199735848989404e+00,2.323259314104988427e+00,1.760729129227382117e+00,3.576485035118326827e+00,8.964003100365691701e-01,1.549634391601538930e+00,1.730648587934213500e+00,1.821744133197808146e+00,5.403130762780348206e-01,6.510031418639041778e-01,3.995724371910395423e+00,2.322503748631180809e+00,4.084863112061011492e+00,7.294684521703782565e+00,4.380198602147295617e+00,4.300269886069973957e-02,1.234128459221842222e+00,5.115820819225261218e+00,2.021899848887676043e+00,4.937375478232331361e+00,1.919147463083663130e+00,4.139257904170815294e+00,2.067302017738580133e+00,8.781641331381683235e-01,6.669082983015986343e+00
