8.177735225388471640e-02,4.546609862534961799e+00,4.183627195853754976e+00,1.239530262743691935e+00,7.202924773555880122e+00,6.366788437263483758e+00,1.911197053503530974e+00,3.476178356723823359e+00,6.592711701935970448e-01,5.761728176999825202e-01,6.088040170661286332e+00,6.713033955173284717e+00,3.113064649329314815e+00,1.516931900095020325e+00,6.074000912979944822e+00,4.581764342402605550e+00,1.245418893308723352e+00,7.733451658047957977e+00,6.712588984844789053e+00,7.527015250155713488e+00,7.384123066708471406e+00,1.195786392987002511e+00,3.745143708624597778e+00,3.625072596368835498e+00,6.578393959067696528e+00,1.092761650249044481e+00,1.023852860357488348e+00,3.749143869741223600e+00,7.255470944397945487e+00,4.314993231134232943e+00,4.344877212872821914e+00,1.867880860219729877e+00,2.373107894756205649e-01,7.131345496767030667e+00,3.712040101672976711e+00,6.391096571917135982e+00,1.980521997896532271e+00,7.769087874938740423e-01,6.013467370743154738e+00,1.987867984862260240e+00,7.658593284492679842e+00,6.178642000817079705e+00,7.299147978927047475e+00,7.359083015821479279e-01,3.822983565525234217e-01,7.573821046302908755e+00,4.436793985149545705e+00,4.006319370566167493e+00,3.781879861970158352e+00,4.889434410434568834e-01,1.426866634731801531e-01,4.227409327908373982e+00,6.016286680824739719e+00,7.640109676364736480e+00,7.794234811412342090e+00,1.865582375399865711e-02,7.978414329449277087e-01,3.049623055523180248e+00,4.968400310406394738e+00,1.683268643138846166e+00,7.117240159932332055e-01,2.594682069539254510e+00,2.343358110923414728e+00,5.660332716366415440e+00,5.477994063899576105e-01,2.151980972102978118e+00,2.749733298469990483e+00,6.392176956236465202e+00,7.806570151674661950e+00,3.157616603237746844e+00,1.009540617226867942e+00,6.715104846654981863e+00,5.683911314789671820e+00,4.950948810215264118e+00,6.556446289895744961e+00,6.733622164733851889e+00,1.455821615984747908e+00,3.446333426557470769e-01,9.697025635119167930e+00,6.222047056164468071e-01,7.059340489325370172e+00,1.868738778217026830e+00,5.806365332397108503e+00,1.185489090326337758e+00,1.650863848829269287e+00,7.947703920600547534e+00,7.237597302482166484e+00,5.584731194268791832e+00,6.329246521307100970e+00,7.897100336653840813e+00,7.719303983167651317e+00,3.369105866562751572e-01,1.113478294273913427e+00,2.272094960256961560e+00,4.329875608747182802e+00,5.798146185808676023e+00,6.899079226646041008e+00,3.849870031790152414e+00,1.293238137360552820e+00,2.452759117821623036e+00
6.291861787015129437e-03,7.415807719245622209e+00,8.199785737199158930e-01,5.407348003202632647e+00,6.946335166421928164e+00,4.301690253525831231e+00,3.101142953616456976e-01,5.930052237127265258e+00,5.094971069263845465e+00,7.329196879134987075e-01,6.673003114842422256e+00,5.087039825796326742e-01,9.010097973668955706e-01,7.678538747688070654e-01,1.558132254978121800e+00,5.915844559144606052e+00,6.704190289427504723e+00,7.165923156358301682e+00,5.112739642617674107e-01,6.530267622992586674e+00,5.581555698125638010e+00,5.144636323330673555e+00,1.306634050453979734e-01,2.845013620441516622e-02,1.041248415332296728e+00,8.324460392404011699e-01,4.749996972433825349e+00,4.979768043296219915e-01,7.456348733219527958e+00,4.811033341606083535e-01,6.282755862575691852e-01,2.210141344898669535e-01,6.153932516997207003e-01,4.315792870597748632e+00,2.128760040558766775e+00,1.063870907055515680e+00,7.379272966828633429e+00,1.399063900043732378e+00,6.652653440943273822e+00,5.894371071225703584e-01,3.755565335203214339e+00,4.779238152814284213e+00,7.122933452477225202e+00,2.923392280031322343e+00,4.077056044365782839e+00,4.804106965185332978e-01,5.738136630227069546e+00,3.091365988270435849e+00,5.270039565296351647e+00,2.035099163939967148e+00,3.388015094937939065e+00,7.473464181988338062e+00,8.348327544464808625e+00,1.442206723563516757e+00,4.733470739046832243e+00,6.968587488917636463e+00,9.506203134933030041e-01,1.852218458990608774e-01,6.572916646362781279e+00,1.112839771876153794e+00,1.436012563402696784e+00,9.459154160500764519e-01,4.779082603883820113e+00,2.220276004680854953e+00,2.192349577384222759e-01,2.003579111997229045e-01,5.575428579453569622e-01,4.005550335587914290e+00,4.372658571219443235e-01,5.371190587216154722e-01,5.431120941414457448e+00,8.890720084553107583e-01,4.439575633230026241e-01,5.017441928916146487e-01,4.837661345617040531e+00,3.064926578496893761e-01,2.453502335251486866e+00,1.128247738309506865e-01,6.597172096824612808e+00,1.885334072791168492e+00,1.529224735802091395e+00,8.431666914679489366e+00,1.022202526365949105e+00,2.437302933610939082e+00,4.444430997972360409e+00,7.890955573516884591e+00,3.685581212481288560e+00,4.468733678294823930e-01,7.817019244554359148e+00,5.665463989061919392e+00,1.541395405647855155e+00,3.738859579496256913e+00,1.731165567561774532e+00,5.686741358201116370e+00,3.270224643112434215e+00,8.657144437160325667e-01,6.178933430576247332e+00,1.444181414261401786e-01,1.645593621891857428e+00,4.847836069702862183e-01
7.686938183532712188e+00,4.121764515036284493e+00,1.910526644702960741e+00,6.612105313198663126e+00,5.712461461382627448e+00,1.375871087052193520e+00,1.084526757868485403e+00,2.998668297717399511e-02,5.825620439022169528e+00,5.934219812303023200e-01,3.249941443077407399e+00,5.046671975990782322e+00,5.479062809593271410e-01,1.002746715547992995e-01,6.871290464886354421e+00,7.990183163770874231e+00,5.437615866793661823e+00,8.223547652833875787e+00,5.716360625231693859e+00,5.933278609588676034e+00,8.687789522671188536e+00,7.084786036289690614e+00,1.504913347670726154e+00,6.521761038473107952e+00,3.534103703020719855e+00,6.497723093040981723e+00,3.090070054213628126e+00,2.360792282119393626e+00,4.833345192111562216e-01,8.777140056607088958e-01,3.673019483059058565e+00,3.507611473717053840e-02,6.277151411820710791e+00,1.283795667530670537e+00,6.133365294569421700e-01,5.139518481874461031e+00,1.108476758804449958e+00,2.602900473597864917e+00,1.301962023524104728e+00,6.734606651559230883e+00,5.434918438839053678e-02,1.412883279374487655e+00,5.178237989159437227e+00,8.907069197549663642e+00,3.133291557090345236e+00,4.316027269741524286e+00,1.822768233132896043e+00,3.717500991802734633e-01,3.714748460004262398e+00,3.160369303581156419e+00,4.717376338535956837e-01,3.262458528081058073e+00,2.129460176934847571e-01,9.285932845030014926e-01,1.121543669559376788e+00,5.744736143999379152e+00,2.116983547867818061e+00,2.036628128200939525e+00,6.191142193814803463e+00,7.773389754524630213e+00,4.213907543259212574e+00,1.933991507246439312e+00,5.917696817942421639e+00,2.919897163046474731e+00,4.441971574244645282e+00,3.182249472451690320e-01,8.455779970955102698e+00,6.461162859574631767e+00,1.239089298785173376e+00,7.456341288197938511e-01,4.346610111325416526e+00,7.549863558478518755e+00,9.354821873046015313e-01,1.951236737111194497e+00,1.364167257590481741e-01,6.545801684421838296e+00,7.096954390560881620e+00,2.797436091306194417e+00,1.928506047285121650e+00,1.910766872917470938e+00,2.174919522039224340e+00,7.046222627185768417e+00,2.237121357670970312e-01,5.583398480850588541e+00,4.212179522263196141e+00,1.519414318615427195e+00,3.853920133358229361e+00,5.591553465816977209e+00,8.286308649281044492e-01,2.410280526548935320e+00,1.137748404629891352e+00,4.032637825941097098e+00,4.824173805110552493e+00,1.659731693754513682e+00,1.135111390686266208e+00,5.958254343733797587e-01,6.340879582993642627e-01,7.204639506903207646e+00,7.627690633864193437e+00,9.039812258246600063e-01
8.269669954926628375e-01,6.757973184103142295e+00,4.962229830202752323e-01,7.473453850648146712e+00,7.264686185459491297e-01,7.472449963422994834e+00,1.978667118712083894e+00,1.913662860862397785e+00,5.729178541296851002e-01,1.941869358047715766e+00,3.746972665002423764e+00,4.993325516970630318e+00,6.033229535747187455e+00,5.936601593831635881e+00,1.199511735298089299e+00,1.310982034265925744e+00,9.263697253462765957e-01,2.008838702825360478e+00,3.637078473934016731e-01,2.852518317833770967e-01,6.006132242664129706e+00,6.680678000989148657e+00,7.317258922771184615e+00,5.236662847063448645e+00,9.433527910855703524e-01,1.033608248431619803e+00,6.576368896038802259e-01,8.599046934559898547e-01,5.112875359811648757e+00,6.424034247299251099e+00,3.750063440346152799e+00,3.166656228088904346e+00,4.173272988355756219e+00,2.218665333391061090e+00,3.455174847202403310e+00,5.698752775208347998e+00,4.876535744922215976e+00,6.811280619600131203e+00,2.607186018523955262e+00,6.521409194639456786e+00,9.138018799910209822e+00,3.372020080999754477e+00,3.959440918510360063e+00,1.380000933646916117e+00,2.968446606197983506e+00,6.595585612619288440e+00,1.987373654489542174e+00,7.656209595122126288e+00,3.887855714158995557e+00,7.972051053149690425e+00,4.302865286815612755e+00,4.647501304071176342e+00,6.955902608210051241e+00,2.279808077268580258e-01,1.137910053727109183e+00,1.732704315430350528e+00,2.623455095736675347e-01,4.576304792268128807e-01,3.830369601309382421e-01,1.262767674265107942e+00,4.523989078280594711e+00,1.669182313816129248e+00,1.836484665415788697e+00,3.096485111087346365e+00,2.312438708134007648e+00,5.952177897252057370e+00,1.323661844975291046e+00,4.073979272442157518e-01,9.746514744034037170e-01,2.151051896480022485e+00,4.611888478238096667e+00,3.340803733673603393e+00,4.776282414924084563e+00,8.074166120330133367e+00,7.185055899856580552e+00,4.298784301119957796e+00,3.785986470839569629e-01,5.343983383368611229e+00,7.991399687976222133e+00,9.522116894085206340e-01,7.398725870208174626e+00,1.581445257963005169e+00,1.505183700441444117e+00,1.196652368988588400e+00,1.539329477986278505e+00,3.510897784367017493e-02,6.511322589487660295e+00,5.151859884556606595e+00,5.948938559398438741e+00,1.186166440526620347e+00,6.614623134765059476e+00,6.871884077708036997e-01,7.955195899373363133e+00,2.538837875976079905e-01,5.842523117009222666e+00,7.009489518781331086e+00,2.478589284799476822e+00,1.497626768422280152e+00,2.666315482615357890e+00,6.756151278004693950e-01
1.357129526236302564e-01,2.229893863406880783e+00,4.315055262076809228e+00,6.263614713361672415e+00,2.313081996643922444e+00,7.140746745649517280e+00,5.485334251413062745e+00,5.623710871513603049e-01,2.445830740312781693e+00,2.577812748233480278e+00,1.366930594574824687e+00,6.569897083575837016e+00,7.275321341175920997e-01,4.083444120056615390e+00,2.513146620794650232e+00,4.249272729385755731e+00,4.736422190513758679e+00,3.464340331661064365e+00,3.399589155294183485e+00,6.692484796232755606e+00,2.760391241728927803e+00,4.262164619211462835e+00,8.111169483296745142e-01,4.581873465922239319e+00,5.225182487181455393e+00,1.237487713849460880e+00,4.300397522630087010e+00,8.314970204243951057e-01,6.210920629643405633e+00,4.048553096322107692e+00,4.614608662048397925e+00,2.095732437425757766e+00,2.276496552674214247e-01,1.862645811160776432e+00,3.489427357395977758e+00,1.491383201907206635e+00,6.339884764302827769e+00,7.060922753801350815e+00,6.838717022259656275e+00,4.014492983849028640e+00,1.765953365602646041e+00,3.932846171000299762e+00,6.140046040723807330e+00,1.470644004510593295e+00,1.848302530988740866e+00,4.245012826458252952e+00,3.336178049699136672e-01,2.602368645482017406e+00,4.800889943431788431e+00,5.070152939866308106e-01,1.792595478914578155e-01,7.742562734265356461e+00,9.082104746745486068e+00,6.353101793091068927e+00,4.127006320662792049e+00,6.384226005851132868e+00,1.428721307603196600e+00,4.447645849942424512e+00,4.763080183443794136e-01,7.260973937156463442e+00,4.114615224950248340e+00,1.369652370333545033e+00,2.030690651104565259e-01,5.021657763949358255e+00,3.087105100816375014e+00,1.476893949211142143e-01,1.243782713835404063e+00,9.681998115035095331e-02,1.164495716040966133e+00,1.659198912062908482e+00,4.190433118156480674e+00,1.344066769756091739e+00,4.741930649920296226e-01,1.544118582643168036e+00,1.242907317727146133e+00,4.445378211173332872e+00,8.577252715183696363e-01,5.678055339284691083e-01,4.398863488556732371e+00,2.098871120425514825e+00,1.282530034160303423e+00,1.376359119195426084e-01,6.063000746737479574e+00,6.221119067199241570e+00,2.331351497442636367e-01,1.490151201489751109e+00,3.882162914399908793e+00,2.401818665231151506e+00,5.085018594801231195e+00,3.898921147371701146e-01,3.881642540534300689e+00,5.396875716665579858e+00,1.892736838342282013e+00,3.873683642766954094e+00,2.575410498170601414e+00,7.194445261915412004e+00,1.727276661623652565e+00,1.251942769794923693e+00,5.711056316793895249e+00,2.168116733720888867e+00
6.568091035589908699e+00,2.372915851748429894e+00,6.270563993116171631e-01,3.591923490060036528e+00,6.734589616859041339e-01,3.783296055016127202e+00,7.548149679614958529e+00,9.999958441432944545e-01,8.557628475045533367e-01,6.015859173919455571e+00,1.080924257186399062e+00,3.774983317477709210e-02,2.053237787897156608e+00,5.134851374336331986e+00,7.089616162939467614e+00,6.787147140114006660e+00,5.281092360160245747e+00,5.273897813802850720e+00,8.578117192279991698e+00,3.577815110562655221e+00,6.812245347713135502e+00,2.130020030389201402e-02,1.336242618130078386e+00,6.085078624719097107e+00,4.277760279992584458e+00,9.850443642045544346e-01,2.568289679487623545e+00,1.401016065895149154e+00,8.925957671284365347e+00,6.396245827923035421e+00,2.281170845810167158e+00,8.425088922873120723e+00,2.544136561339040981e-01,4.955470137450784129e+00,5.391956662554539648e+00,7.253700058554644059e-01,6.906829335723010388e+00,4.504910195692604091e-01,1.020154144963168585e+00,7.716403990132245649e-01,5.482239445512555598e+00,1.519857095042906447e+00,4.776523757018859229e+00,2.860112983665776376e+00,2.876963616811472946e+00,7.806706121106619989e+00,5.780380788750243859e+00,6.754621530360236825e+00,5.184336065509901559e+00,7.237062414059108661e+00,4.872255292699942508e+00,6.282519554626200708e+00,7.397243259555456696e+00,6.545494406917105934e+00,7.858117665964825527e-01,6.198025550068257949e+00,1.480757127469542134e+00,6.041312699671557596e+00,4.018743805638214539e+00,2.338691536670987059e-01,4.795863678690071019e-01,4.319301301025567419e+00,5.373318091145611319e-01,5.686055803601164360e-01,5.314037850611805780e+00,6.259535393930857339e+00,1.715544423720865463e+00,2.150411502359333760e+00,4.017384347603295325e+00,5.969009886702674628e+00,4.746005839928653103e+00,9.764716030984521566e-02,5.480620975146047513e+00,6.191743153140919276e+00,1.666402250213975478e+00,7.271099637951220274e+00,4.351533942328131843e+00,1.658785976554222330e+00,4.530780514595373454e+00,1.105105717261553933e+00,6.623779539761757817e+00,1.866832207555483514e+00,1.173480030171133448e+00,1.217611263370417252e-01,2.152216278290373985e+00,6.805537790841781343e-01,1.727485098812047370e+00,9.744599685255015409e-01,4.208943197033776507e-01,5.667933240299656283e+00,6.760861340588627755e+00,3.341570439747675980e+00,4.509512417425587394e-02,7.556329681720979963e+00,4.986720758802309916e-01,1.103260553834580548e+00,6.938563408555962653e+00,6.035496821387423161e+00,7.311525043109035060e-02,5.073847727751544134e+00
5.918323478833430684e+00,6.544696725217738376e+00,3.134982069769776114e+00,7.170361036081422057e+00,6.651681894811677154e+00,3.971635515819094131e-02,4.915818659397908519e+00,6.777606249921715786e+00,8.600378337943896945e-01,1.746790396168356407e+00,4.191759623679640612e+00,6.658726308638068581e+00,3.176450543832443074e-02,1.494079010531756291e+00,8.394565415067475334e-01,1.380054952122106826e+00,2.182948760703908420e+00,7.184492372843082286e+00,5.354827934244017484e-01,8.479639456463868186e+00,6.925695600347802738e+00,1.333883323904105689e+00,7.507984934137731159e+00,1.879490032694691504e+00,1.376289153793281539e+00,6.319800209951812242e+00,1.132508523117276011e+00,5.983476754699923461e+00,7.438245785750460470e+00,5.740511050526709624e+00,6.087582351757065524e+00,5.254549871297732544e+00,1.794902764828287367e+00,2.129505430740640248e-01,3.135102670063259822e+00,5.584184196172266024e-01,2.352704895636652527e-01,1.384340989846611247e+00,1.730377455950940391e+00,1.948106425954133858e+00,9.988836118181346757e-01,5.716242521746860206e+00,1.003219531337797843e-01,4.960819326935609119e+00,4.574338078749073944e-03,8.081962631709334488e+00,6.785314124644242995e+00,2.431738320581104951e+00,2.276645506523971907e+00,3.413903535610849360e+00,6.602885522829740061e+00,1.357533931043055864e+00,3.026571948249125565e+00,4.902196898977408956e+00,6.092296279291472771e+00,5.984322652226651940e+00,1.691752298830547785e-01,4.850709408462916095e+00,1.841687263157575583e+00,1.599890179120599054e+00,3.649271184117062194e-01,1.000773308565710229e+00,4.665908270184752737e+00,2.167825036365215396e+00,2.704793592829251025e-01,7.706118317438104270e-02,5.228198454779773741e+00,1.855924919932161687e+00,8.606038689362929262e-01,2.664763737408804012e+00,2.303800625727610019e+00,2.193222202114299968e+00,5.884597676151070544e+00,6.144506704895774440e+00,5.263110124146221480e+00,3.176176292712530547e+00,1.933494278788674414e+00,1.790690833335328414e+00,7.065164782703115876e+00,5.257937268671593500e+00,7.718717635692694534e-01,6.871308354324090928e+00,1.634012987842531128e+00,1.578439678090666209e+00,4.676928256561283526e+00,5.717534247087336041e+00,7.493590214542403594e+00,1.339245953798872790e+00,5.376962537853959390e+00,7.311967999918533856e+00,2.386459755211446376e-01,9.061260686868188863e-02,1.756778625743614652e-01,5.087073247993629366e+00,2.157880148380895147e-01,6.921432644856399641e+00,1.136046311735197101e+00,6.743485111028382217e-01,4.983901923757018793e+00,6.585043495611746067e+00
9.066297157813585361e-01,5.841397473659251105e+00,1.389642001080293010e+00,4.498216209590436554e-01,4.881578059750832033e+00,4.240818374791246015e+00,1.480691407504286072e+00,6.383266707580302679e+00,5.076663583679568603e+00,1.489954214613508077e-01,1.033726175583049356e+00,4.866871958679156229e+00,5.012508586815790146e+00,7.416845613707211626e+00,6.294290269795563830e+00,4.061451602739042599e+00,5.299903849293930769e+00,4.209157627233905963e+00,7.238333850268348968e+00,4.728327384387850607e+00,5.145018465255586371e+00,1.405933808264657747e+00,1.722285350934342762e+00,7.522245123180852033e+00,7.149255593754006100e+00,7.366100227398316491e+00,4.410523726167076219e+00,4.880547110673030708e+00,4.415533077818007968e+00,5.520624184503503784e+00,1.189224139915578515e+00,6.689223129594608963e+00,5.848808775597195364e+00,6.475060041095149765e-01,7.363539908861819860e+00,5.191196293134891171e+00,5.078023047283580560e+00,7.871492545929164919e+00,1.983596049497511782e+00,4.694876660039400962e-01,5.560577056730123147e+00,1.354229698494840983e-01,3.064607537488340805e-01,8.547637293095147193e-01,5.087671516341177202e+00,6.745250112933562470e+00,1.110168652018144408e+00,6.304733279365727583e+00,6.570459515464156297e+00,2.054910576545846190e+00,4.711438422066419385e+00,5.345437207169478455e+00,7.356646960101819843e+00,5.484775706113214078e+00,9.382510659270700826e-01,6.552626489099827367e+00,5.748586183597853783e+00,4.085351454340903077e-01,4.292657560819526097e+00,3.111418202544804501e-01,1.638234679269821026e+00,5.289466879870496907e-01,5.418833644801607008e+00,1.702475871175012312e+00,4.404587103255347635e+00,5.193104778198014415e+00,5.295753195326658336e+00,6.697788819826583584e+00,4.979486465085301461e+00,3.507898580798783250e+00,7.985973063168709807e-01,4.808246267169215216e+00,3.153867652932212273e+00,9.936485647378456854e-01,5.576772993352682839e+00,3.956336133535518940e+00,1.186112241902165465e+00,6.391302163168520956e+00,6.498584291931145174e+00,1.367088456846542233e+00,4.133359776375774786e+00,7.004154138785445127e+00,3.118833253210061329e+00,2.914391707708118950e+00,2.896410503981572404e-02,4.117265885985323948e+00,7.165796579484972062e-01,1.090330329721246327e+00,4.945303344572486992e+00,6.142102636884833267e+00,5.460963727612173635e+00,4.109118067236668281e+00,2.007987474681271145e+00,8.225417794525164084e+00,4.927513633348880262e+00,7.777841458328053292e+00,4.905745944209776166e-01,6.470397225170892774e+00,3.004474692564002680e+00,4.955642528312149686e+00
8.452154234196958882e+00,7.238210520036862050e+00,6.088077382888101852e+00,1.283982964577442543e+00,5.197671242118838464e+00,6.503874798271478852e+00,5.895328646667161721e+00,6.062153070669260124e+00,5.875217299882525168e+00,1.448846305473830531e+00,6.283381088668805070e+00,5.710398197481623583e+00,5.629451164865477697e-01,6.389669902256112977e+00,4.365795132606250739e+00,1.091582868532414485e+00,3.751410116974690512e-01,5.397257410611357109e+00,6.731960096252930903e+00,4.776152474841347528e-01,1.599314191317809053e+00,8.295753282397111406e+00,1.531792684365646418e+00,7.526105183467524995e+00,1.878109529685589862e-01,3.131110295593807713e+00,9.622477400176432383e-01,4.230545743289301441e+00,5.607442456219647653e+00,1.134704110297884760e+00,5.112909496972788403e+00,2.291356194450347994e-01,2.230259048706801916e+00,1.823912328839272234e-01,6.474328159874114696e+00,1.716442107317537324e-01,3.179019943007355131e+00,5.766304175786558517e+00,5.405366353258824752e+00,5.318713278869844352e+00,5.845624859232021464e+00,6.891928669254541617e+00,6.127335420416113010e+00,1.331441178729672492e+00,5.130321729024492683e+00,2.863967693769353673e-01,5.393460944111795996e+00,9.033134113861279735e-01,2.117681383276035945e+00,1.378770287022268226e+00,4.737844187027162590e+00,5.568425016064781907e-01,1.458901073151688488e+00,7.140900401288317489e+00,3.676736961210795407e+00,3.510454725997910863e+00,1.019028652235899779e+00,5.383203935057377265e+00,5.477835872531978900e+00,4.065885963585769147e+00,1.082160274648043430e+00,1.760608416461952430e+00,4.205737946880304001e+00,4.921992804174856184e-01,1.689168089849097054e+00,6.767264940033737020e-01,1.931938710605823672e+00,1.700438250949580787e-01,4.976574017249603132e-01,4.822440519352836574e+00,5.777949370145602614e+00,5.603279130589720047e-01,1.750100549682784390e+00,4.045313966361542057e+00,7.875129616669051202e+00,1.163221660829647064e+00,6.090748233243112431e+00,6.870945783674981655e+00,6.155473196447279527e+00,6.464705025263831395e+00,5.997073984120806500e+00,3.559481074794428324e+00,1.300396118357143083e+00,1.171509315740909551e+00,1.304547469697312501e-01,5.853493224644406467e+00,6.772086928158443264e+00,1.180713812139212227e+00,5.638617448072418270e+00,4.051704312866331037e+00,8.046806262821463163e-01,5.363675121716954486e+00,8.036904915990636056e+00,1.987836817180422821e+00,4.256674789539383497e+00,1.752602235917771090e+00,3.623733702006695090e-01,1.965122606713106457e+00,1.853649923465719329e+00,5.779599980351339816e-01
4.359298511942449883e-01,2.833582473080198394e-01,5.147861550187658786e+00,4.459858722225469307e+00,1.695658234399869624e+00,5.476197626773657845e+00,3.202698074838685738e-01,1.189091804824811582e+00,3.634727203326331146e+00,7.342520162364004399e+00,1.381369355984169989e-01,6.381159914146652401e-01,6.430138118781517420e+00,1.692594784027107169e-01,7.776477017193888841e+00,8.709714624297737462e-01,4.393122053577901198e+00,6.014269523268241713e+00,3.115993711602133232e+00,4.367940730460395216e+00,4.967516074322694486e+00,2.899330754921547459e+00,6.693911277201770815e+00,1.551754993324500731e+00,1.041701580312217601e+00,5.901924358195614673e+00,2.470019376352831308e+00,5.703096083789565895e+00,2.439055436312699499e+00,2.889423042538368680e+00,1.647036780318809956e+00,1.087834947561163945e+00,6.335594412943982512e+00,5.457161851153114362e+00,4.387786499729289247e+00,5.212085168592477835e+00,1.341053473358072123e+00,4.273061511175445304e+00,1.332491007994949239e+00,1.426322784080535255e+00,2.010770379399924312e+00,8.783535978936696242e-01,5.771671448914701408e-01,2.308631625810134480e+00,4.681069923905736729e+00,4.102497132498342580e+00,5.179569129136482708e+00,2.078465158361815668e+00,3.484342167570406268e+00,2.542079271027087195e+00,5.296860815339374806e-01,4.985619518457227173e+00,7.618408427329636190e+00,1.218648718415909382e+00,4.643071298429745086e-01,1.374766549689660833e+00,5.286004438850286036e+00,5.598888524608116590e+00,5.313249288034080031e+00,1.494892421932358495e+00,3.481359374824372077e-01,1.838664416536881951e+00,7.153301325992150739e-01,2.639646573892990400e+00,1.063380790092466999e+00,4.635026371582991800e+00,8.639571253722289068e-01,3.094451845959515612e+00,3.023028756640131931e+00,1.418069355199376602e+00,7.674566549016363481e+00,1.029937991150697840e+00,1.828416406563428076e+00,6.753076093266157542e+00,5.632125309971604210e+00,1.467294571247516721e+00,3.697109806313415792e+00,3.201013164166272018e-01,1.200369087332300300e-01,8.050756439781509011e-01,5.600376307207858950e+00,8.770203760762171896e-01,7.119226889738103914e+00,2.635942961680444618e+00,4.132586727621496259e+00,9.713667804440913045e-01,6.113875657238201367e-01,1.388485097264222201e+00,6.699071737761840284e-01,1.707093404943213599e+00,1.067890007855509804e-01,7.454613236670779575e-01,7.232797391767056272e-01,3.387088671211362811e+00,3.930763890720498033e+00,6.872441413707235824e+00,4.655968437716831332e+00,5.091550483000586436e-01,1.374104142337747581e-01,6.970316859125461839e+00
5.149121242360229722e+00,4.806307157980658218e+00,1.009619923071440217e+00,4.228401084907599028e+00,6.236024595499014556e-01,4.622305442836036615e-01,4.078778956956085722e+00,3.620106482636968881e-01,3.039937520065925103e+00,4.586241788294514343e+00,5.832245771100752485e+00,6.865997336250996064e+00,2.000024763179110820e+00,4.785803471038438950e+00,4.436577497429765593e-01,7.122177268085711610e+00,6.356487009561480050e+00,9.418700005482905091e-02,6.374358481377469410e+00,3.910973277356424749e+00,5.361475759591156631e+00,6.427145434681513336e+00,4.791060000635141591e+00,1.618491871442756525e-01,6.743139013201199461e+00,6.009316658261512067e+00,4.511767971283063616e+00,6.215101265818409715e+00,5.313290373883286399e+00,1.728286341290476980e+00,5.076860518822137180e+00,6.817611692176015481e-01,7.076564917146219713e-01,6.567929932191675313e+00,5.735699547108858098e+00,1.270534182682514057e+00,1.690948805636333319e+00,6.004735484015189861e+00,2.049167626062001979e+00,6.458571185085137945e-01,6.597193737404653646e+00,4.668530942928819982e+00,2.080101475000937228e+00,5.353797119166345819e-01,1.268551964134177146e+00,6.070041278556097097e+00,1.246640395742829144e+00,3.393748629609561362e+00,8.388993107400754212e+00,5.128759469609465604e+00,6.076885470862156247e+00,1.534966864053493030e+00,6.482065865215647982e+00,6.060711422997624442e-01,3.314595918149107590e+00,1.356287787688559732e+00,4.697627385939216360e+00,3.366358387178173928e+00,1.315929895934448979e+00,4.140656957953085637e+00,1.301792015261374891e+00,6.691243915824469646e+00,2.491060325669758324e-01,5.033542546861559330e+00,7.664752630714762205e+00,5.686775768901446426e+00,3.197654703709494228e+00,2.434030905389299448e-01,4.007073885946649483e+00,4.121436505762521296e-01,1.423106892308159122e-01,4.764554749088903307e+00,1.851327512879314519e+00,4.180651846932966542e+00,4.397722387099151753e+00,1.568102123092776079e-01,4.636636983181070093e+00,6.064617252427502159e+00,7.014328922182876624e+00,2.184826420901622157e+00,1.138787317224758233e+00,6.907421043095280488e+00,4.009269748916533871e+00,6.595450574144973821e+00,3.995133157590878836e-01,4.637732663555385493e+00,6.136683028337887258e+00,3.587105417684516295e-01,4.586847133323896486e+00,6.990838620896288269e+00,9.765787642404011315e-01,8.348838275103604545e+00,5.835000552318055256e+00,6.949109714248375980e+00,7.143432452660642085e+00,1.319621622489777657e+00,4.595128160834931030e+00,5.223142563716275388e-01,7.723816358056724951e+00,5.734524528648741182e-01
1.585258609905612737e+00,4.043084124697715609e-01,3.560982918878555115e+00,1.248134057350889448e+00,1.446593674608116054e+00,7.505755903428357190e-01,7.968084685400276257e-01,3.906622686598720140e+00,5.870855799535039665e-01,4.701401193783274479e+00,5.852786497283112510e+00,6.460451632067167882e-01,6.369474865908447470e+00,6.175548469698474818e+00,5.563944391343522256e+00,5.901051865393201368e+00,1.808655118512388471e+00,7.771200087698620251e+00,9.202059951415368921e-01,6.734005491065596871e+00,6.188412504367744482e+00,7.216675351952339668e-02,6.702173187013657163e+00,6.501797562287071841e+00,8.389322079512385955e+00,6.131565853097006524e+00,2.732087520378066348e+00,5.421151036443923488e+00,3.464042065611220522e+00,1.261398708836901639e+00,1.101065360774720503e+00,5.970916324813593690e+00,9.116217427110836491e-01,1.265169609513874693e+00,3.908386622327578941e+00,6.469754972567005602e-01,5.681578793369760128e+00,5.343369292718935348e+00,9.868584943654086228e-01,5.374115346417539740e+00,5.764881745571885929e+00,4.875845090815374760e+00,6.606615273509371278e+00,4.325487480714117261e+00,1.912377335903232556e+00,9.741938069695640356e-01,6.728255579439371914e+00,1.814918859830808806e+00,7.651089132393945391e+00,8.539128298398910744e+00,4.201067535356370897e-01,2.333163071323938631e+00,4.927233747968904787e+00,4.037751617260761705e+00,1.668240284502832793e+00,1.939063774271644114e+00,4.702494725878713311e+00,3.178061243713217188e+00,5.262150224772760509e+00,3.806168303170421208e+00,1.948676247544550266e+00,6.796916813420765813e+00,1.011045240828361669e+00,2.180320148537502778e+00,6.455023305999924688e+00,5.579294348397281667e+00,1.491085718692267026e+00,7.677010372139094763e+00,4.795051133727237236e+00,4.402162329131511509e-01,2.841532116231476834e+00,7.003210255737306600e-01,2.066444463759113503e+00,1.159318999974437325e+00,5.178309231971647719e+00,7.521683229119786596e+00,3.515271596624520711e-01,4.073728237511027750e+00,5.392151378066635914e+00,5.642627511960902620e-01,6.614182293261361423e+00,4.786664534136924942e+00,2.685270788814200227e+00,5.844246904698640055e-01,5.319586011153946359e+00,4.055947705040020779e+00,1.304690316300127328e+00,2.908859296144639117e-02,5.160995342483508885e+00,3.263322757649688377e+00,3.952234780351870036e+00,1.319021981913590214e+00,6.652573129749772995e+00,1.033790994223286797e+00,5.815249535321838970e+00,4.370349671659567115e+00,4.754098365259276093e+00,7.831990475231623172e+00,3.682823306129976437e-01,4.298463629466680480e+00
3.578368763651325501e+00,1.759463587752744917e+00,4.418064285061815255e+00,1.123610309325274059e+00,5.562595629304544431e+00,6.648527904085231199e+00,3.471139930420591213e+00,6.140844053644877398e+00,3.972373146028481461e+00,2.262504450353378882e+00,5.342029818310822797e+00,2.270030354067622547e-01,4.600186459347918699e+00,9.547475783014086614e-01,1.656550247379474872e+00,6.146276691253817148e+00,1.509668880757295550e+00,4.080388550767566347e-02,5.988557840867152038e+00,6.581133670532509861e+00,7.563457757427586969e+00,5.571134931898569675e+00,5.472681053010514107e-01,6.238505538147761875e+00,6.094132197883281421e+00,2.154577646366021781e+00,5.183873430596039000e+00,5.035763853323797612e+00,7.970452799120312903e+00,7.329038494519860336e+00,2.035869519793638283e+00,1.351530293208187850e+00,8.599334026226682637e-01,2.072153909382316250e+00,6.319780492392779170e-01,1.260691111833301736e+00,1.631849742088992139e+00,4.022791673990712136e-01,9.745391108645626854e-01,1.353821782586602573e+00,3.894680264289175353e-01,2.408056813351084013e+00,1.808277687338660122e+00,6.763307830286119371e-01,1.009952484874544254e+01,2.575318757642811374e+00,1.361151779648835269e+00,5.836635800302758526e+00,6.977041286327391845e+00,1.120593387722553569e+00,3.810142709816004558e+00,1.796469983794042768e+00,8.775361060550477266e-01,3.789141804076605169e+00,3.089951190374133461e+00,4.921966547372408129e+00,1.709389775823220159e+00,5.077824409043410370e+00,5.583567062820850246e+00,5.055565131673347423e+00,6.687026051158009743e+00,4.330709884101192841e+00,4.576372524257837249e+00,1.396079193730925372e+00,7.958284619275455718e+00,6.463741274019921157e+00,7.027716406815608607e+00,5.149688394518066481e+00,6.993274778576311412e+00,3.526257514163563922e+00,1.507542345652809868e+00,3.121870029301465621e-01,5.676573551940966578e-01,6.486998580833767569e+00,9.742020496778844851e-01,4.039325106044611147e+00,2.751437310526763991e+00,4.165224689157456250e-01,4.343358019527657099e+00,4.762894142929838814e-01,5.364584479390149596e+00,6.481924212380197226e+00,4.342811312082019981e-01,5.066205988140968230e+00,3.801799202801511068e+00,3.748698079708100206e+00,1.634535588148297247e+00,4.142349765018088270e+00,8.237273165487162263e-01,2.889684054204371133e-01,6.646071619679324805e+00,7.771702396799858192e+00,6.015076052774359638e-01,6.481079945390967323e-01,1.381093959213350875e-01,1.314059604740938969e+00,2.771662473003612348e+00,1.851314454757642780e+00,7.915706281159070379e+00,5.512336672844782903e+00
2.636332792784836787e-01,3.136462379893768526e-01,4.309874877380604374e+00,3.248904322076130669e+00,1.596086411750294420e+00,7.725938115762623681e+00,1.330228245058828751e-01,2.594782842417655555e-01,1.623525264938363355e+00,5.755237684667307008e+00,3.574462516101007292e+00,3.047185989262132466e+00,3.884176495153723430e+00,7.511302125240990613e-01,2.874006519799303661e-01,4.332540960881638981e+00,4.578118447264531987e+00,1.090926077533284300e+00,1.193912825502922104e+00,6.021862290233096493e-01,1.128182994463920563e+00,2.366347849400556314e-01,1.487530032571029670e+00,1.260950286505049700e+00,4.176384018700165512e-01,1.523811195183698342e+00,1.681697132354615931e+00,1.801195107944407070e+00,9.374485757209559011e+00,4.470791863978482716e+00,8.638715215037255035e+00,8.068984399632435078e-01,1.450074809665823139e+00,6.423245103652457821e+00,1.142666471345388457e+00,5.276318796342549078e+00,2.903051155395028449e+00,1.473095459262657725e+00,1.856264177343012189e+00,2.786237547147123461e-01,8.320857847197430601e+00,4.551629087141161989e+00,7.107534735653949554e+00,9.309069298435725948e-01,1.561934816352514410e+00,1.703473918220270278e+00,2.792741000264138407e-01,7.971778648506844256e-01,2.100186333333419419e+00,2.698387410566938094e-03,6.166243951952655067e+00,1.944960542551359417e+00,3.322875341581081443e+00,5.698149355310495601e+00,1.088463808300605962e-01,4.640043617175511059e+00,5.515973878229095462e+00,1.026635226375028465e+00,7.009079140422926457e+00,5.756065157733990745e+00,9.021650919805012103e-01,2.895413400937690618e+00,6.781918171288956465e-01,7.249969492768509660e+00,6.366891789153901193e+00,1.887237363259674172e+00,5.168926345794397914e-01,3.250080213745243363e+00,1.878635524314510308e+00,5.816104944870230220e+00,6.151100181301629277e+00,5.350135582608404938e+00,6.865488798338192922e-01,3.496212005559920399e+00,4.792645247197808267e+00,4.855302698284202911e-02,1.159299592936055001e+00,8.331912453977341482e-01,3.174584673554632364e+00,5.286238389391666459e+00,5.832808749451107388e+00,6.946221222372450654e-02,6.847936567316102341e+00,2.856597369944352316e+00,1.763870237241730088e+00,7.747815122011876277e-01,1.841214898808474665e+00,4.061032701388281652e+00,8.890228550611167790e-02,8.653611560951003367e-01,6.965551145377071762e+00,4.071442380249331805e+00,4.477358870676106939e-01,2.375810102321655570e+00,4.121180310361224564e+00,3.182101344904778806e+00,1.122294905621874506e-01,4.026645650321178493e+00,4.079707576477936470e+00,9.601237402222917439e-02
7.031726880826374426e-01,1.315630829218505493e+00,5.099031797458288828e-01,4.899999450833023573e+00,5.302514257718326185e+00,9.405271745855079413e-01,4.620205483863132123e+00,5.115262901817311914e+00,5.648837190500487493e-01,2.334261428780151526e+00,4.461961428668715257e+00,2.039785750062345748e+00,1.329345908424065970e+00,5.210390806191517399e+00,3.178620176174997702e-01,5.154908173076833577e+00,7.524319292492306355e-01,7.249765615150425280e-01,5.150713398172421797e-01,3.718538034946843318e+00,1.899863856602594936e+00,8.440630760489428175e-01,4.000735786649681991e+00,1.397421759800681285e+00,1.343378811487627944e+00,9.684191344078176833e-01,4.966205789905055568e+00,1.018886986779558912e+00,7.582620224816035481e+00,5.977935439474739709e+00,8.266164459086252636e-01,2.469970475375795615e+00,8.081388279278365339e-01,6.534995259636536602e+00,2.617972574575758493e+00,1.397427075583890232e-02,1.353558607678650327e+00,7.410966358590538761e+00,8.915013776280609203e-01,7.721100441669759284e-02,1.765173092275837963e+00,1.051310959713882331e+00,1.549574428600672071e+00,4.915620362239870644e+00,6.796984783508794870e-01,5.237445499289014705e+00,3.749816594229781197e-01,5.702684298360431114e+00,7.769498618949114643e+00,2.418598001271607956e+00,4.050847663469496762e-01,2.478349627610154648e-02,5.587089849568716460e+00,4.597001284646802688e+00,1.587894085223313434e+00,5.056413140065239009e-01,2.450558201093405719e-01,4.155381622189189272e-01,1.460863004766159712e+00,6.624378198221632985e+00,9.071430969067456607e-01,1.486509055222326126e+00,2.109332741586595894e+00,6.214105584803013116e+00,5.349862688888512352e+00,6.127337379320225708e+00,2.174632199348129902e-01,1.213727193711633401e-02,7.064882251607157215e+00,1.154999980087407563e+00,1.606390955292918310e+00,3.625697136903177853e+00,6.801359601021299106e+00,5.606614268715349070e+00,3.264544213485292001e-01,4.274013303966254895e+00,6.077822267461952421e+00,1.450366581976041180e+00,5.448230236484993050e+00,5.525828180329384054e+00,1.220303976187331330e-03,8.024584354651821627e+00,2.955946578107420564e+00,5.290373462142548888e+00,6.580536497088683490e+00,1.576719314217344348e+00,2.987227675574510855e-01,4.266314956405652392e-01,4.356509482298663194e+00,3.010463993269604011e+00,5.778046993654140095e-05,7.318666615845881296e+00,5.083370358038021841e+00,8.104277888897948312e-02,7.544912519894012348e+00,6.800614467815715436e+00,5.949690556313762535e+00,6.050353307734209096e+00,2.312799410560146818e+00,1.337878646081840595e+00
5.130565479796363348e+00,2.642696945847613499e-01,1.692788261397824456e+00,6.474446472320859236e+00,3.250926283237020042e-01,4.594224936594344388e-01,8.095792030198204481e-01,2.041321175467144755e+00,5.358057612474015130e+00,6.541521466426304166e+00,1.912508192012932096e+00,8.922848275786279260e+00,6.489675228615066516e+00,5.573792718107022814e+00,3.636640498862190096e+00,9.617098193381207194e-01,5.510628845548362520e+00,3.278952053464821326e+00,6.980382869596395423e+00,9.342988267936032099e-01,1.523488755597574684e+00,1.673375917825256298e+00,1.067550877680976784e+00,5.496517768558708994e+00,5.720124632342074023e+00,6.191501211089404322e+00,3.148617525431986142e+00,6.211479352261386033e+00,3.810253433213496965e+00,4.181329943163977880e+00,6.388295656065595907e+00,4.752897203551095018e+00,7.029438096555785442e+00,7.554708978556592847e+00,2.577141211445714397e+00,5.161845589430622105e+00,6.377419981577498120e+00,1.029661456977126477e+01,5.252509049911589400e+00,6.334847619357191206e+00,8.146889972901917076e+00,5.902419486187617359e+00,5.165444259450141296e+00,4.931441861710164964e+00,1.809461840568307167e+00,3.736444486561281586e+00,5.047336392456903909e+00,8.361306542030639832e+00,5.302164749609048044e+00,4.026208345178705628e+00,7.527308844624153172e-01,3.630077126256765485e+00,2.030453734431501900e+00,6.419172946096752597e+00,9.936189390372024421e-01,4.139573273879854298e+00,5.830686851787718616e+00,6.649014135857709284e+00,1.383436220192216570e+00,6.080623359991749410e+00,1.408448972392989829e+00,1.623407494557036923e+00,4.683703145798745915e+00,4.772716060758684264e+00,7.744818083486475047e+00,1.615299725986304225e+00,6.187260818728159251e+00,5.848242557895019900e+00,2.367798778286889227e-01,5.202037739625303914e+00,7.486370594184848848e+00,4.466259128213418528e+00,5.030639913026983656e+00,1.906055380804672961e+00,3.124347238625310830e+00,3.939623452695030226e-01,2.656316521467239511e+00,6.775091175939236265e+00,3.183563030158626184e+00,5.463461537706912452e+00,5.192985277231340291e+00,7.371554822456184652e+00,5.627001196765357705e+00,3.884515353003952232e+00,4.778539826735893392e+00,5.180734417164711836e+00,1.191708815300566160e+00,4.782818130805796208e+00,2.327871491278925120e+00,5.892866228944914297e+00,6.146184368369977058e+00,5.195189572902862096e+00,6.382785247125765338e+00,4.905810145887284257e+00,7.549694150494842271e-01,5.099679917009299679e+00,6.033271608700369271e+00,2.489629461936802457e+00,4.700616934226212962e+00,5.715081198900651138e+00
2.416416762422768372e-02,7.593513821807464481e+00,4.302353009522793315e+00,9.077495771532614333e-01,4.159574536586124971e+00,1.446050847997405686e+00,3.236969545718378249e+00,6.967160126428912470e+00,4.458791012609811588e+00,4.257979306648476125e+00,1.122125834000162747e+00,1.886201497191237308e+00,9.271903752461255754e-01,4.842811060928088551e+00,3.285564404803194449e+00,6.314913371256094976e+00,3.121804387202041786e-01,3.754106232695921364e+00,6.057243363682904835e+00,4.265324485015252520e+00,9.509706386042272586e-01,8.089777823291505854e+00,6.499877723519576378e+00,6.644694953045512165e+00,1.339482579489335023e+00,4.806118456155012097e+00,5.718415490576317595e+00,4.031996198922201735e+00,3.968707527704251614e-02,6.218844833780463155e+00,6.259402066181255719e+00,1.031637780138347615e+00,2.349046860697490136e+00,5.477727735289992239e-01,1.118868140493074925e+00,3.375229518910705551e+00,5.790356481783660580e-01,4.330875749642494554e+00,4.631987731450425194e+00,2.390554949667934803e+00,2.301914332875148350e+00,2.715694488150933061e+00,3.092907221725734068e+00,5.399258196368931451e+00,4.370432219548666453e+00,5.650487705757253565e+00,1.367948557229664797e+00,5.809378155504617780e+00,1.780437851224327517e+00,6.011978203098337303e+00,1.330225515171553630e-01,1.746764145831992909e+00,1.457444864921406680e-01,2.092555219554432355e+00,1.251048671025085213e+00,5.430744475904059065e+00,5.708705275429210246e+00,3.196879280513259758e+00,6.961807078469431920e-01,4.159878561105031736e+00,4.879844806276401492e+00,3.483906134739938931e+00,6.645710752271133614e+00,6.835733005178470378e+00,7.183900917822859666e-01,8.212728247469769371e-06,6.948280640712196643e-01,2.933567651410007748e+00,2.685029798355270003e+00,1.876143124661324268e+00,2.860570876234332260e+00,1.317943892911156212e+00,3.631812255576586157e+00,2.675622519885878514e-01,6.814971819262948260e-01,2.143413745649959345e+00,5.466258671309907058e+00,2.420792442564003721e+00,5.836336845237068971e+00,6.451342759848769148e+00,7.415293112610000570e+00,1.785981600294202831e+00,2.430923677052259535e+00,4.934264415296398809e+00,6.988113698204965196e+00,1.550367115018122410e+00,6.998967970217139012e+00,7.092848235757815090e+00,1.658189317365042381e+00,4.336748306210848725e+00,3.624222843461274435e-01,6.806097700471376299e-01,7.588060796561525656e+00,6.277394518922967848e+00,1.567454594678042490e+00,9.887940444456271294e-01,6.100506231205436336e+00,6.710076209284089543e+00,5.401673161398488077e+00,3.218167288581527785e+00
3.106494557445164784e+00,5.252583334923284220e+00,1.553296373781218653e+00,1.809859172702077634e+00,3.378092212345680245e-01,7.243505942222714378e-01,6.674754627850234101e+00,8.721396678761335064e-01,2.723503547172053452e+00,6.059093335512617529e+00,4.804310792212067582e+00,1.606077169341511457e+00,1.706288500489002935e+00,4.114705621839899408e+00,3.346832167578027484e+00,5.399151985508161111e+00,2.074394257249021045e+00,1.308775539065043514e-02,3.400874764585899879e+00,1.834608164054716717e+00,7.277385527069568205e+00,8.120721411549302049e-01,6.715469475728879090e+00,5.778751501340872565e+00,2.252078359777864858e-02,4.519305095907172998e+00,1.241442654581702998e+00,1.206089213711632802e+00,2.736845137674019490e+00,3.857697815479212089e+00,1.333476615855031522e-01,4.573108535167656363e+00,2.407041233080965403e-01,1.416432390830512311e+00,2.152113468267539353e+00,1.621762047838791521e+00,3.685225156260052426e-02,1.887941689090632424e+00,5.086328274968490604e+00,1.795357238822914203e+00,8.666336062947208596e-01,6.692274106612675633e-01,4.402976190073148999e-02,2.379699815764753090e-01,4.320243605117659591e+00,2.465737012171498321e-02,4.351043820614528101e+00,2.110177161415866642e+00,1.048666002735421765e+00,5.235463014183766361e+00,7.134133786985485948e+00,7.487503088020340591e+00,6.276267715141803372e-01,4.003439520096995219e-01,6.696491097669811765e+00,7.795948096356294377e-01,3.134786509753875183e-01,3.277570351647239644e+00,6.692250066012430665e+00,6.236190990244804055e+00,8.691837602596965695e+00,1.451504982378061470e+00,6.393589226918829027e+00,1.559621898853610578e+00,1.030942577620068690e-01,3.357347402862643992e+00,1.383774391724708064e-01,7.122412497938730880e+00,1.102373291707803071e+00,4.844449936008288660e+00,5.748145156342823192e-01,1.388950366000503811e+00,3.651345148323648093e+00,1.664672513538989485e+00,1.059968385437375815e+00,2.465448348730380879e+00,1.111123015297622807e+00,5.504711158968703444e+00,2.198185880852000285e+00,6.615719108984558616e+00,1.398359612243415429e+00,5.663550721711782643e+00,7.388936807815877472e+00,2.497167083863790715e+00,4.931954936563544223e+00,1.186745814689691425e+00,1.876329620037353152e+00,6.603362044475384884e+00,2.054322558968376455e+00,4.580748022081604365e-02,6.548719407718197161e+00,7.556496360550960745e+00,6.255555390007489613e+00,2.773464486596644907e+00,6.206855059016448628e+00,4.838142279647764887e+00,7.382108132433435888e-01,1.361005607784437688e+00,6.406113145942992304e+00,5.063281801571033469e+00
5.755999170086301575e+00,1.925064977449550963e+00,3.587207489235714863e+00,5.462006937921599636e+00,4.539085621144625549e+00,7.207968915383458075e-01,7.818381253815448240e+00,6.881333230641033971e+00,4.825361118889298417e+00,1.833992461566858800e+00,1.551515454078443046e+00,6.496752588076354584e+00,6.254526575952278122e+00,5.613719260217823859e+00,6.857717094067522723e+00,2.360588040542677124e-01,5.755764358878137088e+00,5.385928951867423597e-01,1.540930795821713772e+00,5.553533800118013453e+00,8.314429976126298527e+00,6.068545862661732571e+00,6.917486277857320509e+00,8.430665963576055688e+00,9.225434123807410458e+00,5.123733718339576804e+00,4.315244201290458825e+00,1.822089083049444280e+00,4.176502193008477803e+00,1.098980571552410135e+00,6.702307594218144260e+00,7.794910642818184243e+00,7.935473134558550079e+00,4.988701608044917357e+00,2.559743298253516208e+00,2.623023600835747704e-01,5.651280594009053360e+00,8.190882689618209866e+00,2.727644529131309170e+00,3.425074364481192069e-01,5.665357334161560843e+00,1.194058248109365783e+00,1.238012774347752476e+00,1.664741959160247031e+00,5.143164731497006592e+00,5.027633816371057662e+00,1.445108838546705687e+00,4.676751776542216632e+00,1.409304740899795849e+00,3.938946916300463563e+00,6.998221880877817824e+00,4.308772195858406207e+00,6.692184134753342839e+00,6.830470832708026130e+00,3.078418313301706011e+00,6.051133345991680734e+00,2.319066072961973646e+00,4.304137988269883586e+00,5.437457986081499328e+00,5.813825867891731392e+00,2.191330850654454210e+00,1.779768720721176756e+00,1.398557678344437560e+00,7.723935456384606546e+00,5.537763741636912984e-01,6.214690813696956084e+00,2.367726126488440386e+00,9.356694973118497849e-01,1.107997108554328314e-01,4.233319992516197949e+00,8.083660768907074967e+00,9.130739852464371253e-01,6.477457814410350956e+00,4.017862725897282772e+00,1.589705103057192925e+00,8.036876601567023215e+00,6.821175663318809868e+00,1.097339702414149576e+00,3.735340484697294627e+00,6.358581880084635429e+00,6.738885070838191993e+00,1.438241714855260422e+00,2.329807609231747456e+00,5.599020133780353348e+00,6.857009133909784282e+00,4.900754559414823852e+00,7.136720961197498880e+00,1.128944986580587617e+00,2.226715321747794185e+00,5.010778252245772002e+00,4.756913741306608934e+00,1.746616588690244942e+00,4.854030893605798536e-02,5.448327105063654585e+00,4.893691229177542290e+00,5.334135162357709348e-01,5.537448219807234118e+00,1.119377439368892890e+00,8.548833893636174075e-01,4.120183199389665596e+00
8.590920335268338093e+00,5.561990434486531854e+00,1.725686304382074709e-01,3.101761280786851316e+00,4.952074651039000130e+00,2.318601442652714173e+00,3.621781696078608670e-01,2.133668180870027520e+00,3.167992281315714642e-01,2.651443187862891904e-01,3.137264689064258594e-01,1.466128953984694006e+00,9.006679844875893348e-01,1.173844463767096835e+00,1.245466812589879568e+00,1.401503646903071276e+00,1.108891254470513621e+00,5.282253646186436669e+00,1.510127213572101335e+00,6.160579521803202674e+00,2.145467314980368023e+00,1.440010303928864754e+00,5.618717918778964204e+00,5.527615084344907004e+00,1.912882648088377602e+00,5.384567267564606574e+00,4.984461724339835920e-01,7.036856091677545777e+00,5.456504091568264769e+00,7.955697451317162994e-01,1.481688081420704517e+00,3.315739777767543472e+00,3.421365494985101341e-01,2.291122204709855836e+00,1.169361445975180214e+00,4.315188960689680719e+00,7.607222797849566120e+00,8.984889137861924446e-01,2.272891533018015942e+00,4.091769485158629927e+00,6.090661274559054483e+00,4.284317213530072443e+00,7.149433493988188726e-01,2.449775734492773971e-01,1.353954160756145608e+00,2.229306992912509777e+00,3.349628096271106692e-01,4.788343550797964809e+00,3.158977826422739721e+00,2.660670437283694234e-01,4.933409084554210899e+00,5.746528143345859263e+00,1.721640500641242744e-01,3.294556379141851954e-01,3.987655987568221150e+00,9.267870711236074754e-01,6.868720137351849608e+00,1.428802282407554136e+00,6.761645427632720917e-01,1.216537822195482121e+00,3.564949630817578097e+00,7.581041197242226914e+00,1.759348571968315511e+00,1.271030389803659677e+00,1.603881158130228579e+00,6.793412993056929139e+00,5.831219541889305358e-01,3.236948595449431920e+00,2.038648265919347224e+00,5.777003206357500531e-01,4.481654271553521252e-01,6.021581066759391199e+00,5.381076899657477597e-01,7.005008138259129602e+00,3.824317683133551249e+00,6.570127437680662652e+00,9.709608228353419079e-01,1.951518069278135314e+00,2.550793250109943955e+00,1.020110908480992951e+00,1.153370480708016510e+00,7.400941841886119477e+00,5.533785672889175444e+00,8.442998696071042364e-01,9.180426494366660251e+00,1.558082545688227460e+00,5.462786484032285728e+00,3.845848943832486988e+00,7.860731056986853815e-01,4.766998444978900906e+00,6.160367299027313948e-01,9.724515077613503644e-01,6.898359026013173967e+00,4.599647284692278681e-01,7.908527284843152039e-01,6.925718274667692853e+00,2.254752868121164155e+00,7.112273130614755523e+00,8.457647109462119062e+00,1.318584201040639226e+00
7.584815727664147467e+00,4.783275761923470704e+00,4.606986646282397402e+00,8.727263081411396062e-02,2.077388353765496021e+00,1.861924940865467004e-02,2.154789305606734651e-01,6.748567584014745435e+00,6.030930574702844105e+00,5.398012650295331838e+00,9.473442288230314867e-01,2.681081626989830546e+00,9.542701407226581445e-01,4.188845203075021395e+00,3.414316103674567060e+00,5.451112563169770553e+00,1.467466197040111942e+00,5.942987537237934603e+00,2.370293555142539255e+00,4.532535960289517663e-01,1.625200150796645815e+00,4.385186790563008863e+00,1.704185248802505548e+00,1.738718123199676224e+00,6.780934639671398756e-02,6.266234098842095257e+00,3.725278899210283656e-01,6.992673859856024521e+00,7.250000428824591836e+00,6.042039867949534404e+00,6.220908525947402623e+00,5.360311972440661599e+00,2.872905714463252380e+00,7.081204568646315423e+00,5.069783879496611689e+00,1.379981219126646508e+00,8.659953936409512387e-01,6.366354562461677968e-01,5.221702860362226417e+00,1.347137372511849396e+00,6.464416027952424315e-02,5.204249336398643955e+00,1.178029734841161691e+00,6.651496585322492550e+00,1.670157230291940964e-01,6.172407320631007055e-01,5.792604030471614429e+00,5.742416705737101168e+00,1.275630036978793402e+00,6.693938638656010021e+00,7.424269632176818234e+00,6.702386390197578869e+00,1.965257440296777514e+00,5.198809694141244719e+00,1.172330196364335553e+00,5.729004840725581360e+00,2.204239906860482989e+00,1.181003203148863756e-01,2.333293097941533834e+00,4.479085541935046599e+00,1.132480512264568917e+00,5.040637110810330057e+00,7.454419909137883771e-01,5.733850351379941479e+00,5.210717276288661992e+00,5.008474105926261188e+00,1.847291252324002375e+00,5.556776350904380379e+00,6.889840650321281679e+00,6.607834404577607401e+00,3.918008938183297207e-01,6.821596589387252330e+00,1.170554628967246380e+00,7.672560696871953967e-01,1.586701248949408338e+00,7.033374422657455938e+00,4.287952175863629201e+00,9.459613474014868517e-01,4.093846121028515306e+00,1.764765368655445865e+00,6.293905819613588193e+00,1.025931415875016572e-01,7.300017244981461317e+00,6.032935320734466700e+00,5.060441777177988598e+00,3.599326548070147513e-01,7.255639836202444570e+00,7.701443926502030912e+00,1.934824949788116255e+00,4.615169994320271751e-01,5.580080516107378763e+00,1.089552702651123361e+00,4.423185711507935380e+00,6.066710600564788614e+00,6.636035000785950544e+00,4.354158409905659610e+00,3.581153810535061544e-01,6.641488827301478715e+00,4.508804181333126770e+00,1.576805091049499286e+00
1.380069692852085694e+00,3.321443845456086397e+00,1.616151365081335056e+00,2.800488144739991192e+00,1.975619449230036295e+00,6.140657810341791034e+00,1.176552337906643375e+00,6.077626999588725543e-01,4.246501779599004323e+00,4.145785976647660576e+00,3.481086567827105238e-01,6.266465741450974569e+00,7.382177994504367291e+00,8.265137124776583022e+00,2.106120398735701116e+00,6.138732670695764781e+00,1.397227292281936872e+00,1.393144727062404442e+00,3.782222303900882876e-01,1.966914407566993317e+00,2.044277969263545103e+00,4.683741237944878399e+00,1.279581799503731965e+00,6.868513832004017772e+00,7.247509928854323213e-01,1.502894651989839403e+00,3.280063656991399235e+00,1.839548778957381892e+00,1.466531063795550871e-01,4.690821768858393526e+00,5.083903917174384723e+00,5.847796311291151294e-01,6.024098777543668071e+00,5.868225812979369849e+00,1.347603698697763308e+00,1.200719472476712735e+00,2.950194364683846882e-01,1.195212132051028053e+00,5.283682794140507788e+00,3.036771976581937871e+00,1.097038691293879431e+00,5.084479802094182155e+00,4.257220829368804971e+00,2.415438935884761662e+00,3.901527333551080279e-02,2.327369514661805638e-01,3.694649071228501835e-01,1.390010712515681313e+00,5.816539565572448112e+00,9.977878119477004981e-01,2.989912477931091939e+00,6.907368289435188657e+00,5.448986093850644252e+00,8.909170517365599951e-01,2.972159370915332666e-01,7.852070457528181002e+00,5.000824280683880296e+00,5.600182708390410991e-01,5.258367576731633797e+00,2.728067587486109336e-01,2.439436189735188165e+00,6.526024764344958484e+00,5.062790474789127693e+00,3.748707222631294300e+00,7.874377625781558976e-01,4.141026426465385768e+00,4.805175304145915760e+00,5.619462443205680557e+00,6.965443489517058495e+00,1.221107950296690170e+00,1.145807057469988566e-01,1.970302640102856717e-01,3.817211587501297965e-01,7.866570062723313939e+00,1.480133477125430863e+00,5.845666570187240119e+00,6.135838767534682603e-01,1.225406027831003941e+00,5.465815394512616443e-01,5.575460001156684609e-01,6.783050085646304961e-01,5.917261508945249382e+00,7.227050468048917153e+00,4.601347100290240633e+00,2.228874152700505373e+00,4.847471314570118928e+00,6.497001041030827651e+00,4.014396338874772319e+00,9.059117932576279397e-01,4.459733121543589807e-01,7.225509480094804982e-01,1.095964354012215258e+00,1.187465220244233066e+00,5.861715999033947355e+00,1.312120296353104454e+00,4.779003786804023601e-01,6.077878053415682658e+00,2.247757097287510497e+00,4.660351525569073061e+00,6.753905125762424966e+00
1.153769440607589347e+00,2.304375202921198351e-01,5.800834856867106204e+00,1.941096604362877898e+00,1.477919710911814288e+00,1.113024261969479678e+00,4.452026532032321349e+00,5.341927545714041159e+00,5.357763752357908693e+00,3.239403752493525079e+00,8.014780024652190527e-02,5.127040426194196421e+00,5.454689894892140956e+00,2.277618807078779728e+00,6.369876754827421550e-01,3.103552599898533604e-01,7.034505876118654299e+00,3.511499206429444797e-01,1.731844161536097104e+00,7.847813079117673674e+00,5.679185044370417046e+00,4.035025388451594530e+00,1.148742575010318401e+00,6.066245300898556181e+00,5.606530109713071752e+00,2.127453917438766329e+00,5.669544026820333649e+00,4.743627266724400826e+00,2.884277692964030138e-01,6.606685499632491965e-01,5.386181542680490431e-01,5.726686506429095047e+00,2.983124012932641955e-01,1.698532855797781460e+00,2.087271279136531099e+00,6.437042924517067277e+00,1.380702172651912862e+00,5.260360894970398604e+00,5.221043259520601332e-01,3.070159044981691565e+00,6.780179827178882679e-01,7.374018847654330244e+00,6.185403701082726080e+00,4.850838058958226284e+00,5.018256393495809320e+00,6.157570825167165474e+00,6.897848252011590020e+00,5.894702154972503827e+00,7.550973216546580602e+00,5.970018428914386277e+00,1.049235176122026436e-01,8.421719907664426685e-01,4.041810246865372491e+00,7.279243081092576784e-01,9.239692632756520974e-01,3.165356041662087394e-01,5.410593454258431301e+00,3.211800492240568516e-01,2.586236880858294729e-01,3.276019236767256260e+00,5.398913473076028424e+00,2.560044187152662465e-01,3.228170331623838596e-01,7.016507449872172453e-01,3.008665847682205907e-01,9.832665561742903737e-01,1.280293568641285296e+00,1.183588616119039649e+00,2.292117213750038962e-01,7.231122563796471781e+00,1.566503137131455503e+00,7.274081444452807688e+00,3.671044582164840531e+00,4.232210602406111910e+00,2.128865580047069272e+00,8.171562260991489524e-01,1.726093915359312447e-01,7.730611426308009015e+00,6.454001394874819830e-01,3.901517702075438798e+00,5.328384080099470843e+00,1.131307504453509694e+00,6.117887388816554584e+00,4.473124743820962035e-01,6.817702040011655029e+00,5.160231200509646676e+00,5.065300254839486982e+00,6.719365945738572599e+00,9.842659775037065906e-02,7.000894056350220884e-01,5.033503224901351381e+00,9.942323156922144856e-01,4.659612724200435707e+00,5.392086344802293318e+00,5.678375483279316516e-01,6.047687320853737170e+00,1.203210235967681285e+00,9.043705174844327566e-01,4.517388702385762844e-01,1.228192433639252679e+00
6.726794920330808836e+00,4.115631179369702686e+00,1.581076097631697319e-01,8.044558947998499576e+00,6.109208991827300927e+00,5.036034528441847513e+00,6.583816344428295331e+00,6.321331322670019404e+00,8.240109790227403863e+00,4.624571135032922164e+00,5.571184261341739052e+00,3.685367514645437659e+00,7.320653463761154001e+00,6.278339675677978349e+00,5.351754161591621539e+00,1.304416487207918030e+00,8.944452083848180024e+00,6.816320349145147617e+00,2.111597212575892613e+00,5.160291426160805273e+00,5.082717536649339785e+00,5.637837896197268606e-01,6.348004024383549826e+00,3.856989168994483297e+00,7.485103417393410563e-01,7.197848211672124297e-01,6.592357911218781119e+00,6.005051075561506302e+00,3.143298464065922282e+00,5.061977296205282251e+00,1.298381344543372951e+00,1.212868349335850304e+00,3.500406150317690646e+00,4.588714279145067465e+00,1.862418270591221781e+00,2.190068988389030302e+00,6.448874128901604941e-01,1.658870100700426953e-01,5.809204369393162537e+00,5.350407138227043724e+00,1.807175253252152558e+00,4.196918499676692171e+00,9.195172591764063652e-01,7.450471139031769496e+00,5.527405388813630083e+00,5.642118104875136098e+00,6.574096453001814666e+00,3.391253769366853188e+00,2.777587091226880744e+00,5.403892890297399276e+00,4.109796686481264061e+00,1.537612639284415827e-01,1.199462787104280226e+00,2.070371241665879047e+00,4.905143613077318498e+00,5.696551282908733249e+00,4.216395061791198273e-01,5.331452582631561299e+00,6.975286788590123521e+00,6.557644626358050122e-01,5.959123265230723554e+00,6.749454337758392874e+00,5.163186169215663313e+00,2.431033711203943515e+00,6.483780061172158327e+00,3.956860581655319287e-02,1.340603334751901965e+00,5.194353320178501043e+00,7.392494026524089712e+00,6.500959817100146587e+00,2.265024433231510592e+00,5.669595268704400226e+00,1.465032054972464026e+00,5.245738076238343872e+00,3.449077507221300909e-01,3.783297038700871973e+00,7.668696522525086934e-01,2.816685158702157743e+00,6.183824293112712311e+00,7.889803915070796592e+00,2.314526727678206441e+00,5.030510234822380689e+00,4.384413813840419394e+00,2.444703503700512925e+00,4.495065803387626957e+00,5.089052271546710138e+00,4.312908698347008851e+00,1.736592014211295609e-01,3.422028497920037715e-02,4.508891824194739328e+00,6.479539833936115656e+00,7.023006299614390713e+00,7.309148009409190294e+00,8.157849328953810542e+00,1.673287148983920058e+00,2.143990724133342241e+00,5.514192711283139481e+00,7.268096154423966393e-01,6.866634855717435038e-02,4.829261098774264127e+00
3.990102552943437519e+00,3.842799148885764016e+00,4.499500704529943995e-01,6.035344574109439364e+00,7.852668266774167627e+00,5.460919552683481726e+00,5.388588818480688047e+00,2.108396555282021190e+00,4.585999003576524125e-01,3.296207243777901752e+00,6.046955542652316495e+00,6.074664016924855581e-01,6.162461738265571753e+00,3.877679317864572983e+00,8.089930713550685937e-06,2.975989683807827468e+00,4.855122533169353716e-02,8.715043886207956003e-01,4.046151068345771762e+00,2.914762733386865090e+00,5.532928958792441065e+00,6.902522346934891750e-02,2.364351200223874905e+00,5.888956480976128560e+00,7.006179132913959329e+00,4.322845703635497472e+00,6.281726886467218662e+00,2.607909545692259634e+00,7.738328806341514543e-01,4.373870213609137636e+00,4.663837154093527282e+00,4.782628711446010428e+00,5.078865306979252203e-02,3.313162732571354852e+00,5.811215619159100676e+00,1.853461676146693993e+00,5.431286891665086713e+00,4.834048415392992126e+00,7.600614970259346848e+00,6.479923370969099317e+00,6.248774816850544589e+00,2.260152539162829655e+00,2.203997725411199760e-01,5.480520758285865490e+00,5.923541537895333775e+00,5.871418786032966963e+00,5.507946096895427246e+00,8.472635349908792080e+00,4.027129821808014043e+00,7.247797159160648484e+00,5.970039177847312750e+00,2.208306925121533482e+00,5.898510621675508325e+00,6.294612619109325458e+00,3.180731597334289340e+00,6.217692006832189477e+00,7.258667896346020498e-01,7.852605696268829760e+00,2.849048342020553903e+00,1.775884899822840923e+00,7.229835925936392016e+00,4.515386864806744782e+00,7.786163293055746726e-01,6.264005284555815400e+00,6.607057569719115619e+00,4.745392905384632876e+00,3.068119311245535163e-01,5.534898065333154094e+00,3.815747197620997344e+00,7.424371301023608538e+00,3.172218202684211619e+00,4.038449153196067343e+00,5.552274872054924870e+00,8.357675322741655588e-01,1.610254921747908075e+00,6.341190414661169505e+00,6.995868571392478863e+00,1.033980688055186947e+00,1.581813431521591706e+00,6.259684168153216710e+00,3.128746311919547995e+00,2.301510599293730142e-01,7.830219663975397815e+00,9.741773785933277807e+00,1.910608388960107096e+00,7.147156623432229239e+00,5.528011553466248174e+00,4.505621230090643969e+00,7.084397442244631193e+00,6.341921348556073035e+00,4.241760896646881385e+00,4.193477563082994131e+00,1.343366005804935925e+00,3.465383323359869649e+00,7.830281488272674117e+00,9.738723486483880087e-02,1.424623781383998811e+00,4.746674738963423401e+00,3.469126724766746772e+00,1.182675052113134173e+00
6.235841443213564261e+00,3.774624750077311131e-01,1.172118553525826723e+00,4.967581123700375301e+00,3.212141153302350283e-02,4.927806595785941823e+00,3.296326270412138770e-01,4.524597355243495933e+00,2.160634038292302161e+00,4.473788658965561993e+00,7.922118717881760919e-01,5.541112194440296790e+00,4.019008465450152556e+00,4.213314167627701945e-01,1.776977947477351272e+00,1.891943728496702448e+00,2.110013846329749754e+00,4.048176285412109721e+00,7.243394852533846517e+00,6.842137350507098148e+00,4.173988027697641101e+00,9.346128175955208395e-01,2.654554546628175693e+00,2.836867760406089012e+00,7.073728918085638639e+00,6.300185233079180769e-03,1.042783363385062056e+00,7.455721232709683122e+00,1.572649777963962325e+00,1.183090554702836084e+00,9.862280492303159285e-01,1.278625677026345775e+00,6.929280262172272664e-01,4.298859675040040962e+00,1.712999490737580732e+00,6.281861513407062780e+00,1.313981504443304527e+00,3.399672538434049818e-01,1.706684077533620281e+00,1.267850098192248032e-01,5.895848689150040123e+00,6.668521345520112220e+00,4.563118953006650713e+00,7.752975590291928398e-01,9.991466280516705378e-01,6.091757588395147138e+00,1.796546888411854503e+00,5.990298567950070208e+00,3.070328744566877432e+00,5.522153828804411413e-01,2.774749244530860359e+00,6.057076677252740460e+00,1.351446639653941073e+00,8.136001486605412225e+00,1.132372720222395657e+00,2.141026220333454688e+00,6.340792086538500349e+00,5.261570377600341963e+00,4.675575983841419259e+00,5.288364373483085412e-01,5.532685396295871527e+00,5.193686690565159303e+00,6.937410259362315479e+00,1.124991547767737909e+00,5.359203672994705681e-01,6.700855036080736404e+00,1.099066273226838142e+00,1.726889340735036527e+00,9.534650686628467486e-01,6.343519847446187576e+00,8.719612598701171891e+00,1.325327253943860528e+00,6.577059772978505192e-01,4.747141320568913692e+00,6.399221479924571909e+00,3.668226658132694329e+00,6.510340380025590790e+00,7.062217069828603755e+00,2.328107351564472793e+00,1.750977175766090799e+00,1.612433260618338471e+00,4.949335378511597661e+00,5.702499513246938712e+00,2.142672515836485658e+00,3.739917480502433556e+00,3.388428416571658275e+00,5.740696877249080732e-01,5.824576517817792620e+00,6.037928726467544749e+00,7.431651112691644023e-01,9.856125737839289691e-01,2.005099910143496089e+00,1.825096246683914458e+00,4.470118477927632616e-01,1.172461745185460646e+00,2.240904834310549099e+00,5.476587765352048942e-01,1.412971075831472856e+00,2.125958044330327645e+00,5.293500182303283452e-01
9.127268508798034308e-01,6.240052133545582080e+00,7.605023554042733558e-01,6.229702370035258951e+00,7.881263806324170673e+00,2.704447997982333263e+00,8.599996902950235445e-01,1.653173607401108969e+00,7.052205067390406867e+00,5.559944459090093716e+00,7.408641544461769257e+00,8.342561106319461572e+00,3.281684198770395522e+00,5.280402020264150842e+00,6.797940006089747911e+00,2.808076824115754988e-01,7.914559715325567346e+00,6.669150907042664223e+00,4.042152876618037460e+00,1.384601979992116760e+00,1.895014366827060481e+00,4.837123992406363371e+00,7.714901725626130968e-01,3.774570779289743161e-02,6.092857167980856303e+00,1.897211587749646711e+00,2.601030185324074928e+00,6.271461511712795200e+00,6.783921987087531136e+00,1.451407254803725788e+00,5.392581357524766972e+00,5.400135085291165815e+00,1.025823803234657161e+00,6.481408258664687949e+00,3.025651698418597491e+00,4.775554099174739164e+00,9.324265818073478318e-01,5.189473767548921757e+00,4.755095223054057740e-01,3.852320744448739731e+00,7.988855211623012487e+00,4.939683620025141053e+00,7.189748006273900316e+00,2.387546378884982001e+00,2.762505244111610470e-01,6.204328244804224290e+00,3.393492790203754605e+00,4.781565086235458395e+00,1.775155751827567352e-01,3.454871217545450346e+00,1.842858778142440368e+00,5.522301294796225779e-01,5.498299430477995742e+00,5.456345365306103368e+00,7.480750421235418557e+00,7.979128262195140486e+00,3.002926778199397795e+00,5.565079768913252511e-01,2.121779688708269163e+00,7.024952937186117907e+00,5.400929638832980828e+00,6.189241349482366594e+00,2.401131380050961495e-01,3.632045075276585600e+00,2.570239797538434345e+00,7.856387338040888846e-01,4.428403392815514206e-01,6.019942446742987840e+00,3.635155520761956804e-01,2.353454945848332258e-01,4.781659996310720917e-01,6.068957222016148734e+00,6.157221232499729524e+00,6.660934999328483208e+00,4.791785702904070021e-01,4.029632254294860161e+00,2.220843268257064462e-01,3.146498758423419417e-01,1.716021786388221670e+00,6.253475245327076770e+00,3.120375009074022099e+00,7.112051261438761429e+00,4.438669317595087982e+00,4.729198857654727917e+00,6.082647206590876543e+00,5.709285015890436910e+00,6.230638075401170539e+00,4.930216842128620769e+00,4.159710078902060459e+00,3.540076026978262735e-01,6.174280551346777557e+00,6.837825266233987342e+00,5.384504166994537933e+00,1.484526338469819295e+00,5.170115419766172948e+00,5.945598573733432701e+00,6.736955609884984320e+00,1.465200260770817664e+00,4.216850693770301639e+00,3.096411918838356314e+00
5.503485439566476067e+00,2.226155318163948182e-01,6.286970343141932815e+00,6.423860461885968931e+00,4.346371155186063540e+00,5.723379368366417808e+00,5.653558131350564508e+00,2.045987801775860593e+00,4.621476929005247314e+00,1.483484628839145669e-01,1.564252491606414885e+00,4.245414164524412115e+00,7.181900502363227190e+00,3.741372908914815110e+00,3.270426250438095428e-01,6.134986921660269488e+00,4.847262661444923459e+00,8.204950070282860386e-01,1.447973630666679501e+00,4.511196750859385318e-01,5.998130573363456008e+00,1.464976097003904298e+00,1.291108443555819552e-01,2.866074518023693507e-01,2.084742529780132081e+00,6.961479874031915926e+00,7.308775823528755211e+00,3.270089894237664829e+00,6.829671044291472981e+00,6.998469343249631436e+00,2.727166679940690841e+00,3.535946948747453078e+00,6.149213859421573503e+00,4.643051707436397280e+00,6.449149324559203755e+00,6.235282385342543421e+00,6.747541319824787109e+00,2.259010800568983512e-02,1.031289502589085583e-01,3.346628744186307181e+00,4.528408669726029956e+00,1.936160757276481403e+00,1.263894568482352820e+00,6.410843166483754629e+00,5.991085166969010167e+00,2.729823835257113362e+00,6.454292418358432926e+00,3.069557158092027116e+00,5.437278284542815143e+00,3.229504337249048174e+00,3.972238846816141145e+00,3.352984865375682411e+00,4.039839552699097780e+00,4.319557707657311063e+00,6.786659829434012359e+00,4.906347496549836595e-01,8.460431255231952719e+00,3.385666520489571063e+00,9.010424599354636133e-01,1.398629306162601393e+00,1.256139561040217068e-01,5.645270553617829368e-01,6.192519208918668916e+00,3.199616695361936713e+00,4.401184205061603905e+00,8.171762969779445829e-01,4.696252785631305215e+00,4.660988769660221465e-01,6.756747571626205762e+00,1.381600351122280523e+00,5.548862932299861050e+00,5.908712007409684386e-01,1.138480511426996911e-01,6.603106569867376763e+00,2.196762288381068906e+00,4.741179311927072870e-01,7.321378260183243114e+00,6.015288856573308252e+00,5.221609945132597908e+00,8.509478543042769516e+00,9.964554206732878505e-02,3.748214974506589137e+00,6.395738608503138245e+00,2.691229896580586978e-01,6.433460296155897318e+00,3.532813296624888189e-01,3.780648706886825305e+00,5.655000157812636097e+00,4.394005974570859507e+00,1.407150642472465130e+00,1.013010039906338644e+00,7.290923737117466885e+00,3.646973617884285979e+00,5.515219068180813977e+00,1.641856416796132034e+00,3.961885503855432367e-01,7.309034623697438171e+00,4.136983287334429882e+00,5.220718723304079489e+00,8.318316840657526967e-01
5.206667433208642670e+00,1.711201211094337982e+00,7.082623844004814373e+00,4.979167077093954674e+00,7.061020998241001045e+00,4.907755598163863198e-01,4.699435284531040757e+00,4.401071452577418608e-01,1.300866700122760955e+00,5.513008692567166413e+00,7.679634335138881829e-01,1.147921017972931335e+00,6.274581867344854125e+00,6.266772576662885008e+00,1.227517652815168558e+00,4.308247450543540857e+00,6.368559418097008873e+00,7.182707275560954230e+00,8.695962575995736188e+00,1.377157415665297702e-02,7.581213619726176134e+00,6.540605370669942964e+00,1.105654301849082088e+00,1.245166694691460130e+00,4.080584652891380060e+00,6.708625850852785177e+00,6.584749398256703579e+00,7.003994817860844435e+00,3.207879045465666934e-02,4.398088252817541566e+00,1.015761597187858856e+00,5.438596292209390448e+00,5.312129443733095258e+00,6.168498162044794064e+00,1.214336295855067194e+00,5.236735348094661013e+00,1.425031143894848862e+00,2.026081596908060778e+00,8.776068186094835966e+00,5.294473053829227283e+00,5.568411465167462993e+00,6.136048323924899961e+00,3.465019439280871971e-01,5.056155571255317227e+00,6.403443645991984567e+00,6.246751568296101453e+00,6.115163924251687533e+00,6.202686288981428930e+00,3.799781425632018372e+00,6.510439952057849311e+00,6.212867431001810603e-01,4.165631681965316080e-01,4.260038031255976243e+00,7.072298204345294437e+00,4.407100741376989150e-01,8.103632479772818087e+00,1.154575239033852618e-01,7.369573485843396998e-01,8.064913864347511563e+00,5.122362072149941881e+00,8.765518253669384308e-01,6.344369206691285790e+00,8.800884834350459762e-01,7.873572871746503665e+00,8.036972780000059657e+00,5.734233902264411320e+00,5.562838486051739473e+00,6.892738340639384731e+00,2.235733722073017127e+00,4.068245646592998810e+00,5.544867474278305508e+00,2.017974753994657977e-01,1.252118047580189630e-01,5.697647780615772817e+00,4.754557391947839662e+00,2.212636229529326037e+00,1.048998472082927513e+00,2.169164810693005041e-01,5.006462004998502024e+00,3.059864857793781479e+00,6.298110995817156166e+00,3.781153240807524352e-01,1.121599466849510840e+00,2.128957340403393461e-01,4.667643316241189666e+00,7.614405607352368044e+00,1.584163950518016062e+00,7.525023622503768550e+00,3.745816679832540075e+00,3.723664514529838598e+00,3.845913227062874196e+00,8.363118801828894888e-01,1.830219029557171417e+00,6.707503363669351515e+00,6.715850161989108891e+00,1.487858867422744424e+00,2.549867283486269010e+00,2.218903820321447284e+00,4.065123316154402922e+00,1.247044553868480232e+00
1.276824450396317978e+00,6.074943492042112148e+00,5.543449706084204287e+00,6.275228836957289502e+00,2.138514090121975464e+00,4.265124787408071327e+00,6.117346487577843384e+00,5.125647393394625162e+00,1.666383276798621971e-01,5.477174214768169236e+00,5.271494924690607320e+00,7.867005337678636856e+00,3.079795061179398719e+00,6.266751342403745539e+00,3.407885152922419003e+00,1.051411105205596330e+00,6.017474866071230721e+00,5.011362185775105615e+00,4.585344318410960796e+00,1.850684934142591276e-01,2.794626111433579752e+00,2.469195110743162225e+00,6.437894025020411970e-01,5.032391347033349227e-01,5.316302487651181075e-01,6.117136644239716814e-01,2.310245871886606572e+00,7.025883082752494957e+00,1.085893184362959119e+00,3.376017305402057467e+00,5.155178070850728211e+00,5.430289396789516054e-01,7.901743794938349552e-01,1.161965849854454946e+00,2.679627613247854701e-01,1.570829470334208278e+00,3.542092905213387599e-01,2.078565453748567826e+00,2.056832445643329343e+00,1.067036164469528536e+00,5.440174536471419131e+00,5.028924127324868820e+00,6.851951595171946963e+00,6.186510010440728458e+00,8.417023125963574159e+00,3.914444997180577257e-01,1.547631445845294884e+00,1.616565017264946169e+00,6.639412708505830985e+00,3.587073829960525373e-01,4.996360110358915918e+00,3.632266771413308781e+00,4.603991479564172096e+00,7.306154720335371167e+00,9.473870014791008209e-02,3.749855108360695688e-01,4.148111709512682488e+00,6.716988390364782013e-01,1.192353368444561523e+00,5.271949648347231232e+00,6.102045075532139151e+00,1.537728444094344615e+00,5.935892261406666925e+00,2.502137464601731143e+00,7.321854232736056289e+00,3.349317120335779663e+00,6.105570018903055951e-01,1.483940283910193392e-01,8.456780946232363760e+00,7.570934046300026310e-02,1.096802891166040350e+00,5.489191090865763734e-02,2.127819006708730143e+00,9.050165566291726860e-01,1.413224870840656955e-02,7.588224486990169382e-01,8.707491939900207090e-01,7.849926474596275128e+00,5.339011348627479947e+00,3.389146701442218745e+00,5.887429805905474822e+00,7.877982516792867429e-01,7.670594626912611957e+00,7.855156988486100555e-01,3.683584150380638800e-01,3.653861791148124150e-01,6.582881262431356184e+00,1.439097309696771188e+00,3.839387580376915743e+00,6.354541661518096518e+00,1.292428816574620276e+00,8.136401642007595747e-01,1.333329444909101991e+00,1.311131167268457798e-01,7.383596029112269310e-01,6.561271870415692931e+00,5.307738816895162248e-01,3.809032258574446494e+00,5.038468312786566372e+00,6.730640696208034512e+00
9.611373802437328528e-01,1.414284367339109005e+00,4.115670926244385797e-01,5.405735038893128674e+00,8.590659033937266820e-01,8.424921715051006288e+00,1.433861022722326517e+00,5.977374749852528701e+00,3.495853362133913844e+00,3.892363408131915836e+00,4.196694976198235949e+00,5.817800924815370145e+00,4.883203805700959688e-01,4.547585851374538635e+00,8.337866218400272755e-01,2.050147657466030893e+00,1.143332289466643115e-01,1.365370715038970895e+00,4.511214683450488039e+00,1.974804492713308379e+00,6.557596376555793194e-01,6.216396508226093687e+00,1.942864940925940642e+00,1.137799395378251255e+00,6.345681968723656752e+00,5.538220895834746749e+00,5.678007932593270857e-01,1.878109575380080276e-01,3.629331299809219313e+00,1.835742486364374759e+00,2.340948853540798069e+00,5.701154561821453193e-02,3.147593601502312488e+00,9.761334006046904488e-01,5.512263184635518343e+00,3.086298930695056342e+00,6.507799193894879153e+00,5.957874160822256293e+00,3.555794365290133374e+00,7.979432336837199102e+00,8.961815387491224527e+00,6.891350773070921143e+00,3.418191687349513952e+00,5.254133710617481690e+00,5.723157384624398603e+00,6.510153491058717989e+00,2.881410814387932895e+00,5.812228915799121154e+00,2.324510577233620534e+00,5.280230674946796654e+00,3.670284005966155227e+00,4.828326972637577708e-01,3.148652642675298541e+00,5.708779300401367607e-03,1.826522224499599556e+00,5.670641964341925245e+00,5.637813697160336535e-01,5.425563395176909331e+00,6.720413798564637275e+00,3.527913125580960374e-01,1.808428475470085672e+00,3.892431994389105032e+00,6.180634522611909709e+00,5.041652527749936219e+00,5.208158004921231488e+00,6.632546503884083400e+00,3.552273054363324079e+00,4.943129508155517549e+00,6.813630003885930542e+00,1.712052396677884669e+00,8.810935514805631641e+00,5.411570362388626876e+00,6.160079387873768297e+00,6.311999609140594991e+00,7.698041511476987786e+00,1.344102601325517066e+00,5.473910773220578285e+00,4.973285872118513584e-01,4.354692434594102934e+00,7.923853055377563237e+00,1.832146543239240088e+00,4.652071584316397335e+00,4.212134972980766889e+00,7.664831232415403317e-01,6.070499864301551973e+00,7.997541653274892193e-01,1.242973115481591284e+00,3.466401598744305534e+00,6.051389874498928734e+00,3.094015460761926573e+00,3.325148362770113941e-02,4.142218850057427737e+00,1.446269440228222791e-01,3.875282224166817002e+00,6.196023053641930289e-02,2.355211004028714417e-01,7.483305423724948113e+00,4.554631176781293256e+00,6.548864468050626719e+00,1.111259528607204672e+00
