7.376505149637189618e+00,1.937859212523277197e+00,7.424508793755571823e+00,5.712347250200781268e+00,8.216159434423251362e-01,2.360669606457888037e+00,2.507912268088728913e-01,7.251194019633938836e+00,1.046957512136614810e-02,2.280607491247628182e+00,1.468242230547367910e+00,8.201695599179993357e-01,5.383423431101136636e+00,1.431478435183074494e+00,6.337413831566604649e+00,5.680061898214387561e+00,3.693530593774505544e-01,8.363919961911983947e+00,5.876455108091512614e+00,9.273284586851076039e-01,1.910603198128638658e+00,1.097937709650564031e+00,7.447346561303892720e+00,7.028210384169360836e+00,9.059091186848576838e-01,5.355668844150033081e+00,1.450863485824589683e+00,8.066243498797347478e-01,5.544368124500348216e+00,9.465132478276933270e+00,3.560113034732961257e-01,4.236667750378192210e+00,1.657064849349823898e+00,8.947898405595982041e+00,5.241896841140653684e+00,9.343184948044092053e-04,7.829408091362068056e+00,5.929300187013821777e+00,2.847400453483415195e+00,7.111713467984551507e+00,3.160204427674870864e-01,7.416645795263668184e+00,2.470533910025929369e-01,5.507403299515945427e+00,2.002561662290559319e+00,5.805845971366130343e-01,1.072996621706026943e+00,7.186955581098137813e+00,2.779428306588982434e+00,7.779863767729791491e+00,9.813246976544757416e+00,9.225743662433423253e+00,8.169789226913788838e+00,5.563518202986477590e+00,5.238738657528744902e+00,6.587859468374160699e+00,1.951758320737196684e+00,8.315564379775288728e+00,1.941614376960267396e+00,8.363433596270251513e+00,5.972496711437496941e+00,2.858250245525388866e-01,7.212343807690606567e+00,2.358000520344702977e-01,1.821677819243137098e+00,6.376729951982485822e+00,7.612258150633832710e-01,6.215122301704534280e-01,1.263522986835657891e+00,5.940114712499448224e+00,1.484387246450125541e+00,2.188350229891508292e+00,7.603395045459812707e+00,1.398247648607828131e+00,8.228203491605178499e+00,8.445434045784185884e+00,1.766566692191258170e-01,9.893148373501126080e-01,6.290145126318249957e+00,1.615010343040928387e+00,7.419795374506942487e+00,7.017764645794497547e+00,5.295893838036699997e+00,3.861188038228676733e-01,7.755298146653428759e+00,1.882822409317753909e+00,4.046234233251859713e-01,2.294665414191244590e+00,7.686561899405044862e+00,6.279345025814783376e+00,1.086482176277278278e+00,1.145686732789865436e+00,5.114949265864749073e+00,1.082828314254379753e+00,5.283848680550792265e-01,4.682651856143960956e+00,1.167634214969377915e+00,8.012258218307158231e+00,7.075942699735842112e-01,6.645287741800322223e+00
9.046355784555100144e-01,4.991226564531476839e+00,1.083721037218017935e+00,1.294168230705779132e+00,7.979119492657372748e-01,2.586210743679556057e+00,3.209295288614952391e+00,1.373227659449195448e-01,6.210914775843575875e+00,1.597636519726655768e+00,7.303451873439160913e+00,1.592876834963459221e+00,4.638989723878140792e-01,7.255732603608090692e+00,5.026947805497679056e+00,1.496397050247262328e+00,6.409415609496125210e-01,2.158067065510180793e+00,3.706022033176106234e-01,2.352277920931195254e+00,6.516132646673811202e-02,3.365696473044636150e+00,2.279371661082318035e+00,1.657990545223489320e+00,5.705188563300157334e+00,1.402860548344005975e+00,1.372018432361204354e+00,2.223558974684350265e+00,5.055074667015452050e+00,6.814344598672995801e+00,5.637459021827790906e+00,8.559611490456889848e-01,2.173888611284700900e+00,1.371267617198336008e+00,1.089264674681504674e+00,8.045271245464581389e-01,6.028400799274146848e+00,2.150145720142595529e-01,6.719185050379035129e-01,6.503396080173188265e-01,1.519030525460782544e+00,8.419987400219602236e+00,8.288974840415180623e+00,8.030880407187812153e+00,1.537427042106580544e+00,6.945859062029986930e+00,7.809052605961978699e+00,6.580837339038810185e+00,6.958372907037351673e+00,7.643302745156985711e-01,8.486936549951400011e+00,5.010536642283702768e-01,3.030989906098012776e-01,2.664271688530982729e+00,6.312483516282776819e+00,4.630706724629574111e+00,2.622275306997197575e+00,3.639687671414934655e+00,2.963990542890487800e-01,7.556237798473293132e+00,1.903905061251763398e+00,6.308055940726221777e+00,1.699577204687547916e+00,2.675719792969935895e+00,5.334507562571126904e-01,5.685599514311174829e+00,6.384018082101268199e-01,9.527932868851242132e-01,4.457556939109807104e+00,7.207366398373644678e+00,1.174373108322352977e+00,5.664265163306810846e-01,4.506439997248985030e+00,6.343467331219367900e+00,5.014163797689852764e+00,6.210782256409848046e+00,1.918126576891091117e+00,1.850449310516285140e+00,8.502986901081772686e+00,2.372595595558133041e+00,6.302965666394786837e+00,8.549646301334870913e+00,6.065929711669177493e+00,1.677041728067190096e-01,1.225939662155570709e-01,1.812993529437239015e+00,1.289115177142341473e+00,4.634863909807807936e+00,5.928910848216235152e+00,8.560986995370308605e+00,1.323233888843780015e+00,6.879810001827213028e+00,8.117353075436655629e+00,2.195108504368188385e+00,1.067775519887429247e+00,4.981220636484230191e+00,7.381898344738012874e+00,7.816141557208156065e+00,2.043233923280800113e+00,1.511776722880926238e+00
8.358301852143718236e+00,1.526408416966548165e-01,8.492795669908634437e+00,7.225246345197919418e+00,2.655154924048251264e+00,1.667421415762404546e-01,5.716439237600459577e+00,4.005586815185520067e+00,1.405356040362425230e+00,1.652129177779988467e-01,8.988684632310759426e+00,1.816416543851904652e+00,8.581276931695697385e+00,7.716760061973028328e+00,4.537676537668815513e-01,5.033641209180972353e-02,7.508352588820915940e+00,9.262677356199784384e-01,7.840038730714502080e+00,9.034536372400209459e+00,7.203024399469934558e+00,3.463471727520639476e-01,5.176821286152653911e+00,6.284294578285778421e-01,8.301651131826859320e-02,6.722626262039071321e+00,7.149379220652292588e+00,9.710218424924347280e-01,6.840183932237008158e+00,1.501162526890694959e+00,4.794440871427737783e+00,7.106043333457287225e+00,9.154387289745711698e+00,6.897995647839772815e+00,1.158743432319094158e+00,1.547836485726099554e+00,8.913468156136143961e+00,6.924002521334086779e+00,1.296013502314758981e-01,1.233864624565676360e+00,7.315431002718221443e+00,6.390635281604783557e+00,2.590988533967198748e+00,6.454955502931125189e+00,6.089354588527213785e+00,7.079881420614664300e+00,7.505849800909308200e+00,6.173986394288231594e+00,1.200959993795825742e+00,8.755929940555831070e-01,2.081789784142554112e+00,7.505807389657308093e+00,2.615762805583647044e+00,7.182932782267426042e+00,1.392201698768257057e+00,6.076378178011543341e-03,6.193742412907074169e+00,7.763799111441892720e+00,8.018165030087235579e+00,7.847447512489308608e+00,4.144118800224143584e-01,4.065763149065462656e+00,1.781005994244250434e+00,7.309300423902342914e-02,5.455348408292755025e-01,2.022585380690002488e+00,2.315498967620150950e-01,7.843380805797470323e+00,5.314684113176724622e+00,2.882501258393406207e-01,8.087476606397986600e+00,6.891192640358838162e+00,1.677774149048249841e+00,6.336083136098400459e-01,6.502478120366491865e+00,9.812478773206937399e-01,1.754416215518384892e+00,7.288580358092685785e+00,7.128665922939049437e+00,7.109317043357599175e-02,6.999916866328437237e-02,4.052461711148908741e+00,2.676410379794436523e+00,8.410104168155834614e+00,7.165884948138381283e+00,2.331404460842962933e+00,1.298013034193890025e+00,2.538379212634601645e-01,5.500138736343755497e+00,9.139800754750822875e+00,5.747352007341198998e+00,7.674928090576694117e+00,6.858173030034612205e-01,7.950289227586724294e+00,5.330281654429150251e+00,5.441184072198711696e+00,2.106195761537053013e+00,7.672450382719964157e-01,8.651077295304769876e+00,2.072318394834882671e+00
5.079819519924895665e+00,6.942698235523691253e+00,1.023604831585281039e+00,2.528752849351286969e+00,6.870055113507022249e+00,2.360737681525597598e+00,8.629866561703847694e+00,1.233419126364928342e+00,6.614813956094440783e+00,7.910487435295806335e+00,8.620938978843227574e+00,4.936067071189634170e+00,7.696181505478765228e-01,6.330880176150034622e+00,7.453578541583213202e+00,7.503908809652305223e+00,6.109166042943884989e+00,5.730198989449997171e+00,8.042124260694080817e+00,7.108376237963621058e+00,5.325572504153075037e+00,1.272302743461770191e+00,5.460925852528260016e-01,6.012663455984422534e+00,5.480655866011293398e+00,7.191071793134740986e+00,5.885587794886823154e+00,6.188257106194079427e+00,7.547654371894971348e+00,7.661039717259002124e+00,2.368051560618813500e-01,4.143191421320233658e-01,6.601848720796399839e+00,8.258243494064927859e+00,5.324179688920759546e+00,8.203440743167627502e+00,6.621051710569641813e+00,7.662891165633324064e+00,7.450224283229878175e+00,6.987078048500969807e+00,5.518717253697794867e+00,6.678164833880076978e-01,2.912801949812379387e+00,7.873894254258185121e+00,5.693215116142374299e+00,2.662987659634420190e+00,1.467510928049452046e+00,8.511956925568831878e+00,1.494954698472626742e+00,7.929579431579330873e+00,6.835258569837050491e-01,2.287052416646540021e-01,4.680505825620754345e-01,7.615024573146935261e+00,5.260582078356939917e+00,7.120388510050858599e+00,5.412311007079740222e+00,6.596491430710858417e+00,1.058145178380647922e+00,1.507921994691497680e+00,7.331277832927672655e+00,6.711708199897525873e-02,6.723280196660295083e-01,6.153523184797355050e+00,5.632843428680636144e-01,2.295229345077905769e+00,4.633159653793664567e+00,2.161163428092350181e+00,1.953788380222863275e+00,6.132243557664992295e+00,2.420216081891832793e+00,6.307331847123130331e+00,6.797655757656138054e-01,8.791735146575357263e+00,9.236150775477646846e+00,1.648513656854659892e-01,6.831395866100623770e+00,7.818323254473551032e+00,5.507623084885734599e+00,6.191158851671613839e+00,4.420629899885220482e+00,6.265609161263045124e+00,5.307749433257823668e+00,1.340497109833898914e+00,5.193859616251677025e+00,2.082382826629579853e+00,7.161378045110153856e+00,5.928041022423076178e+00,6.031950523266758069e+00,4.606430390009182751e+00,6.805972130046177959e+00,7.093950256477371319e+00,8.082676827672834463e+00,2.805565045878000152e+00,7.620580146175742975e+00,5.791400342403147050e+00,7.318018376223312416e+00,1.398049852017582140e+00,5.283405055421371621e+00,7.404301850437450483e+00
1.060195953750617592e+00,5.841688926946285498e+00,5.854949105755662409e+00,6.281743778129522227e+00,1.850353607378924625e+00,5.095437991855227722e+00,6.295158093043899505e+00,4.772901590165527175e+00,7.106383477614475197e-01,4.016789846761895433e+00,1.059854416451117221e+00,5.304729440596186230e+00,8.650750233302865411e+00,2.312556517282854607e+00,6.186006893822339592e+00,7.099503275236378919e+00,8.863596586780969844e+00,6.082229550825044573e-01,9.762082715083441053e-01,1.679481407011995664e-02,3.352008007577041981e-01,4.077245040357281525e+00,1.983963921385333284e+00,1.900384797396658776e+00,1.727988714093156464e+00,5.314842170976267433e+00,4.232274607677450007e+00,5.404177573107214805e+00,5.423337911283605095e+00,9.630124366608441289e-01,7.023822233167197560e+00,2.657772802681114488e+00,7.336216628451886379e+00,5.551828544322661152e+00,2.276789577331276071e+00,4.559596715849958848e+00,8.821847011991591714e+00,4.086309620791995556e+00,1.196481390979696968e+00,6.815921391239870175e+00,8.385985004213400984e-01,4.141824601729762190e-01,7.507204210778368747e+00,7.012260366294698954e+00,5.534919676993372839e-01,5.452797423488883188e-01,5.076398191983176211e+00,7.828457026767066118e-02,2.796007128861367264e+00,8.645020609726616900e-02,4.746970974601269155e+00,5.853824244077134864e-01,6.142955738493337314e+00,8.204442028611680371e+00,2.261597477025516056e+00,7.927072926542109599e+00,3.024832333063562917e-01,6.944158056018312486e-02,7.317715893986687981e+00,6.112625414684197622e+00,8.287105860319002204e+00,5.623558660861031733e+00,7.878150721731289607e+00,6.028765914178433327e+00,7.841744084346625954e+00,7.695692000273216316e+00,6.895876638330292963e+00,1.396541010542118988e+00,3.691873995844217493e+00,6.159237882038403056e-01,6.500003502583544090e+00,4.753717578745909833e+00,4.011122671472247880e+00,2.273085823045026821e+00,7.461609926164028295e+00,5.276411056112919606e-01,1.221428625553745428e+00,1.787814719908006111e+00,5.768051468606413934e+00,7.574201299926817121e+00,9.392899511677103019e-01,1.070994229246174934e-01,5.547108350609306626e-01,8.490100507834174692e+00,5.382255883376138028e-01,1.636985074017584640e+00,5.458843834953419183e+00,5.822054999294039135e+00,7.338348033613555366e+00,7.283424877194199176e+00,5.357014611548131633e+00,4.643445965480588633e+00,4.974745975888568150e-01,5.905698570425912841e+00,8.263461851677019743e-01,6.214744305177057893e-01,4.033120170630084544e+00,1.149419260808915988e+00,1.599713901415364514e+00,1.764606205617555545e+00
6.811493456678281433e+00,5.508293026065334885e+00,7.456807132972553376e+00,4.486293999450357006e-01,8.583372104139350700e-01,6.193938749927857756e+00,7.231304871127907319e+00,5.805200036690186138e+00,4.174049215875612617e-01,5.560169659238891171e+00,5.570392452024321095e+00,4.151468572059644480e+00,1.688139507165415498e+00,3.074999204204484915e-01,8.409351843988044806e+00,1.576763908787760737e+00,1.812784439902953793e+00,7.674429952716170789e+00,7.448310199727025349e+00,2.239747208379677446e+00,7.178889972590326352e+00,7.234872526180217811e+00,8.029763993820756340e+00,7.418999935557913927e-01,6.806933670130762337e+00,7.260294953376035920e+00,1.009409466724383808e+00,7.670666732539062060e+00,6.651885378222424983e+00,1.081897782275750064e+00,7.880720100935469929e-01,6.279445694578940973e+00,5.198755851136540151e+00,7.133127149195348515e-01,6.194381162905435723e-01,9.385283713984959419e+00,7.822131714198058638e+00,1.472650525094174823e+00,8.391449427054318733e+00,1.038090499361960184e+00,3.058986625018994765e+00,8.090614388238877908e+00,7.633508160972214185e+00,4.845286528139173043e+00,7.205137193787139793e+00,5.092037115267698866e+00,8.473880908512912313e+00,3.365027300125741583e+00,7.945761408086684519e+00,6.683288466938649641e+00,1.152682885311715477e+00,3.246243658341856353e-01,6.488456840010375259e+00,1.453061959987618224e-01,3.388020620847854714e-01,9.608572719320630284e+00,6.144999888301695634e+00,2.501943148389222937e+00,7.350578836487736467e+00,7.583863521106421146e+00,5.733771456818698153e-01,4.734890401627458445e+00,5.254646514632226761e+00,3.204814326495963872e+00,1.211281427439119707e+00,4.054266711432538806e+00,3.034045386765771291e-02,7.241310303782539037e+00,5.947496018348399360e-01,4.728762265744568261e-01,3.377461311829507151e-01,7.482298784013665660e+00,9.420736982527938563e-01,2.961988383825622240e+00,1.731126987929039407e+00,9.490315071524836554e+00,1.586921166217853063e+00,5.041703514257847907e+00,6.620434489913880505e+00,5.195679778952704275e+00,8.034653535265862345e+00,8.076657016736691119e+00,4.916691522768447342e+00,6.783152214225029120e+00,1.066397655374510256e+00,7.668361951483963601e+00,7.250838288674566812e+00,7.951680220277016709e+00,5.170664392382710695e+00,1.469967633513776128e+00,1.453292632771610915e+00,4.875979556163740014e+00,1.144575381004111270e+00,1.172831950629936726e+00,6.100513947306833717e-01,8.043448889739698515e+00,6.638267812826974534e+00,5.521403807826526844e+00,6.207518270585663522e+00,6.858998783094701679e+00
5.721008380898613410e+00,7.798174894582652339e-01,8.543282637619753483e-01,1.857061236084653899e-01,3.761602647931707732e-01,7.597183095874603609e+00,2.239561892058027581e+00,1.947679989605959783e+00,6.885285394266900560e+00,7.385885705952186520e+00,2.402458864728291843e-01,7.600729305402610159e+00,9.182018317175288047e+00,8.948574070177720330e+00,1.238493381854204323e+00,3.149797700640030174e-01,8.104846594070188814e+00,4.820417373091752111e-01,1.565448092642509614e-01,1.667587986326863003e+00,1.098715401832819127e+00,6.882107223888890291e-01,5.460448791108472033e-01,2.284691134604499130e+00,2.773288822306247958e-01,1.617797333447800190e+00,7.395633231704502819e+00,6.350050952183183384e+00,6.929444280948548140e+00,4.244217913138352394e+00,5.759924641852212090e-01,8.287141660892769934e+00,4.662232123677308993e-01,7.690429441437013125e+00,6.517264311492947826e+00,1.572150881876163364e+00,1.218933158904306202e+00,4.534739327449643920e-01,7.362105532929295038e+00,2.157471166184853573e+00,6.700391468819772101e+00,5.118976924788857019e+00,6.283548362007960186e+00,5.769655865162954811e+00,3.140432104854489204e-01,5.972095056469841623e-01,3.219139249114112200e+00,2.210579406654565204e+00,7.615633686789344825e-01,6.144342735265354349e+00,7.291414309070672672e+00,7.120803475198966837e+00,7.978127106039844207e+00,7.552890844547150095e+00,5.031343034008344262e+00,1.622666046742379908e+00,7.719334911554539547e-01,5.240251650099582825e+00,5.593867888924755505e+00,5.188855376924992324e-01,6.700534446691499557e-01,7.758205847160367874e+00,4.098031840609921872e+00,5.758522862153753863e+00,5.532883320377102621e+00,5.553640366852385490e+00,1.387071647612146963e+00,5.185621659562055896e+00,6.538721431727851474e+00,8.067263990246509309e+00,4.803320254092500186e+00,4.797440857337175180e-01,5.214046297656727003e-01,7.833448416029026973e+00,3.080111105212537392e+00,6.282792378962467339e+00,9.197530749051203713e+00,1.366744909659097340e+00,4.703449374585201070e+00,7.853295288702303978e+00,7.999776738772019335e+00,8.488277429772264071e+00,5.931031903379015979e+00,2.938917982972248932e-01,6.322805343375336840e+00,5.334216018547318860e+00,5.890653202034346947e+00,9.850722417553281929e+00,7.408672899683987012e+00,1.726163587894599560e+00,1.234376363791325204e-01,2.301001780803815677e+00,2.356861721418915590e+00,4.963758581681580573e+00,3.384934139455109126e-02,5.985011358554261029e+00,1.780347587436099888e+00,7.388962019126021019e+00,5.452581976007042641e+00,5.472242045304970937e+00
1.199579638041746055e+00,5.317117393987853546e+00,1.167816387226163766e+00,4.459498759752651864e+00,2.220241927386755521e+00,1.274664055486959491e+00,8.811930381603499285e+00,5.656158717570054506e+00,5.799356095380238330e+00,3.581027781057978254e-01,7.448024984119578917e+00,1.569333950085344931e+00,6.026138977113125961e+00,5.817342797293802548e+00,7.663867510763043178e+00,9.266496505118904103e-01,9.899334035531450748e-01,1.875360279677577680e+00,4.069286710952708219e+00,7.682290787671927745e+00,5.403516088372353643e+00,1.770521810858254774e+00,1.275586995806683444e-01,3.533809385206719833e-01,6.724960753487560616e+00,3.156990616411077699e+00,7.517135187614858438e-01,4.069549402482961042e+00,2.735226250899865263e+00,7.295965730372794278e-01,9.270353064620852734e+00,4.394009016551035929e-01,9.376896745634439867e+00,1.550176514129366190e+00,4.274301827110392082e+00,8.316139022337136311e+00,8.993322283218233792e+00,1.915025529721119391e-01,7.306046544406098464e-01,7.610604292635046342e+00,7.710296994611098853e+00,1.458026540068718013e+00,8.533990345547566747e+00,8.554040955262970369e-01,2.009395091541604117e+00,4.739907719291026389e+00,7.149002391848810589e+00,2.341733615353308373e+00,8.473700841384688154e-01,7.626424859062897355e+00,1.748314184017270456e+00,1.528173209107987152e+00,2.033129289772927617e+00,4.091446280887683251e+00,3.865547141456538993e-01,2.872306531506552130e-01,7.579791222161910369e+00,1.279462134222509873e+00,7.943528563132217890e+00,1.948372373700365756e+00,8.609777120242725346e+00,4.417592384370149228e-01,6.481036231275851822e-01,1.305650629938198914e+00,6.400406256984857656e+00,5.407102045753433117e+00,6.918045843346082080e+00,1.576409937664276395e+00,7.547807545998146850e+00,4.236450174754838649e+00,4.240921825409171397e+00,9.382543572047772784e+00,1.849211133460470169e+00,5.480748421321461450e+00,1.363366436949028593e+00,2.150436019446973379e+00,2.265697216939905445e+00,6.171775745930508705e+00,1.989921689599397636e-01,7.910823331015024884e+00,9.343714124572340296e+00,1.315334209147833944e+00,1.068057531762124812e+00,5.148880825365917957e+00,4.765161388699914902e+00,6.518209560979329353e+00,1.621849797164318874e+00,4.878487176964743099e+00,4.685331137230448917e+00,3.294120317546100907e-02,1.878907389939683981e+00,7.001085617402313943e+00,8.823819804651449772e+00,8.237845332531506415e+00,1.649987435474615349e+00,2.062318231303918559e+00,7.675678714141446868e+00,7.954447497310459525e+00,1.587914521964681303e+00,1.755180395634241775e+00
6.581920989267448618e+00,8.863265295380159614e+00,1.221693932437612595e+00,1.462481683938213983e+00,2.426349859268924103e+00,2.132650116252421846e+00,8.170637496351089268e+00,9.401051190382219147e-01,6.761441963145446987e-01,1.251181042562116374e+00,6.699301906761329306e+00,9.126357428280117423e-01,5.596064811752457402e+00,2.141987280794417359e-01,7.417513692855282059e-01,1.157370118472519138e+00,1.391823844141270694e+00,9.424913519202565482e+00,2.739363145553381784e-01,4.289210620830271381e+00,6.262820955543190848e+00,7.027256461221334405e+00,9.061320953676403889e+00,2.625007701697225748e+00,7.502912949500262663e+00,6.555677751461110869e-01,5.953496589614611700e+00,7.644840776068503096e+00,9.286743686416858878e+00,1.431092627101093750e+00,5.699963073235875477e+00,3.361401775250543178e-01,4.541418173850093609e+00,7.917978958330761374e-01,1.503792048148909100e+00,8.470482033699449076e+00,8.759976531106353548e+00,5.675941341301705023e+00,5.751701851905339780e+00,9.400476951211387266e-01,7.655412287609193456e+00,6.597259246986592274e+00,1.673268730634179802e+00,9.582506116658475293e+00,2.812413772969051706e+00,5.751246604427278974e+00,6.033575237253369750e+00,7.441579000854246395e+00,1.925618923025951279e-01,6.436395475180574977e+00,4.737712021409785201e+00,4.107495644936397516e-01,7.546444430958712424e+00,2.004838197115796916e-01,6.715475260917618705e+00,7.888530556883146971e+00,7.004359180602074630e+00,1.971754888642140990e+00,1.289903501285763143e+00,5.690334546516308656e+00,6.124290917752764685e+00,1.450340344276415561e+00,1.297718180365163398e+00,1.441442270201557907e+00,1.858695067755435026e+00,7.620349274948154061e+00,8.882196252719056773e+00,2.731103702226578278e-01,7.970519965741420521e+00,2.522624880026888228e+00,4.543197010784635559e+00,1.344846955442677405e+00,4.872181907324077521e+00,8.148973378750354879e-01,7.774927160640639379e+00,8.733781088761345401e+00,2.066821473874455695e+00,8.395112217058569026e-01,2.707059016529478335e-02,1.066193202988291455e+00,2.318002855162210274e+00,5.522538946813109639e+00,4.295726601525069466e-01,4.917243651144445948e+00,7.823091457544505190e+00,1.784733189445331103e-01,2.352462614335529612e+00,4.027326705187162403e+00,8.014528503046538077e+00,5.431161888887785949e+00,8.481602133073680161e-01,7.548236103026218835e+00,6.724677681951783725e+00,2.577810263104939104e+00,1.090172375659971049e+00,4.612754911580100314e-01,8.091122406078982365e+00,5.372406937138742400e+00,1.627102068212163299e+00,6.381421041418919415e+00
5.304100755334593131e+00,7.210396545562161030e+00,4.923565944245432036e+00,3.702283744323513481e-01,1.530694274085868001e+00,9.252524196858372463e+00,8.488969673719404252e-01,7.257553538020115269e+00,2.557262462235248002e+00,6.076861849949677818e+00,1.230338430922909287e-01,7.934982461792099429e+00,7.589390462064184106e+00,7.380433666129381010e+00,1.381653276572189615e+00,5.295518378672230853e+00,1.417936538782446076e+00,8.092144464770820722e-01,9.572898732889590923e-01,4.773497877984872240e+00,2.594050132972383071e-01,6.212693810900800084e-01,7.852231851764440052e+00,8.279026585393877369e+00,6.705717835166914442e-01,4.157456943556042894e+00,6.315818488912720241e+00,5.537626938168422441e+00,1.517975901038697950e+00,2.219421529797649395e-02,1.182282675923000514e+00,7.736949247022794296e+00,4.160940281861967849e-01,8.542773847341752713e+00,4.706945407056414510e+00,2.690482354991351688e+00,9.099901127719025595e+00,9.029335635724578424e+00,2.745496137185774455e-01,7.479326807858185155e+00,1.183829546811165701e+00,6.941174769792212373e+00,5.734068311386826267e-01,1.441952973361695367e+00,7.155987038605207573e+00,5.252953503153878323e+00,6.128720523122110908e-01,6.088528276929746852e+00,6.676554367765588083e+00,8.007672003034893571e-02,4.742694296803244391e+00,5.326691573227242849e+00,4.577592515665170225e+00,6.796970647303915314e+00,6.066144183419421854e-01,7.205805946923234728e+00,7.813114662086798390e+00,7.727990114725772131e+00,5.326869651588927113e+00,2.826653172878881293e-01,2.532772349260694611e+00,4.723369439301860595e+00,7.195288373716331343e+00,2.640987085038745352e+00,1.581320261133180693e+00,5.671536087646305013e+00,4.669673874539339131e+00,1.484915814098143105e+00,1.213229433882240471e+00,5.006869752316315036e+00,5.825642894732708577e+00,7.682634699587189253e+00,5.655825342515294452e+00,9.272250869581409205e+00,9.357026531372432121e-01,6.536240372968004309e+00,1.160525910323759735e+00,5.435504740583738226e+00,9.890644920734987799e-01,4.058745853607526044e+00,7.304511430121344517e+00,7.219626833878611816e-02,4.541445904161616198e+00,2.510157253898590568e+00,1.077052816587542594e-01,5.306267542635391798e+00,1.250248505167691260e+00,8.643592065237298172e+00,5.200234626445894293e+00,5.309352884969525732e+00,3.928459096035339382e-01,2.638664503594569943e-01,9.478160067983385062e+00,7.190791101289613962e+00,6.924218383573334634e+00,4.249130475745824143e+00,1.894104009032169245e+00,3.145333209011822451e-01,7.357142425932691410e+00,6.070181775668602953e+00
5.443975723540908973e+00,3.908102664560761941e-01,6.176764246235682876e+00,2.174602604818278717e-01,1.742640675328678057e+00,7.975627262054481470e+00,1.818823131172855323e+00,2.798348782957212233e+00,1.181396675250575790e+00,7.969299496722686005e-01,1.415329359110871543e+00,5.426219749881153298e+00,5.100656278413291389e+00,3.577926162025715229e-01,6.116841853028922582e-01,8.630386966963493833e+00,7.292152836371950109e+00,6.679732809732989995e-01,1.512106814751075667e+00,8.236513739634615305e+00,1.962895323403826442e+00,6.166001511934947388e+00,6.034517958797904313e+00,1.801044264010679630e+00,2.319352807008840056e+00,4.311348091990878650e-01,4.686313142230272177e+00,7.365859698728075777e+00,5.882582796090439770e-01,1.169318050211991089e+00,4.543530939113282763e-02,9.933893092690554427e-01,4.546677212917812128e+00,5.416366569230615546e+00,4.129669623396233114e+00,4.204477692435343528e+00,8.787810867064187903e+00,1.372427446068123835e+00,4.658198199120421990e+00,5.908398725291674758e-02,5.559843718720529182e+00,5.900237033000234277e+00,6.767661786109953059e-01,7.958576419491896203e+00,6.083947025728726477e-01,5.615883095350191923e+00,8.967672377038821807e+00,7.705322294067473710e-01,5.259131229081803305e+00,1.597244709379866734e+00,5.174613821824788573e+00,7.351788088265598375e+00,6.679031150356420810e+00,1.098831949451799295e+00,2.410683456735695618e+00,8.725467502092673300e+00,5.379102343708016321e+00,9.361207217562849126e-01,6.261332973507752087e+00,5.788850809468014447e+00,7.441418517010317757e+00,2.476118147868652031e+00,2.018453208520754494e+00,7.910615326189236463e+00,9.792181158844449618e-01,8.906704671212031243e+00,1.156712715251470902e+00,1.301111367710405808e-01,5.591018011358377393e-01,5.457142220200768001e+00,6.795609340002648935e+00,5.105713918217710479e+00,1.155258164612789962e+00,1.566326721607582684e-01,2.090168252255245829e+00,1.126057802458068746e+00,7.893052926938845637e+00,4.000369947713913188e-01,2.868096463511182748e-02,1.805940784490406292e+00,7.752264257888763055e+00,5.729247373301875612e+00,6.141809617645300534e+00,6.008974441786444132e+00,3.336176900310294791e-03,6.492849839296219727e+00,2.483064911871843528e+00,3.362887223272827963e-01,5.021663593765657296e-03,1.664302216701030179e+00,6.357527081515208955e+00,6.295246230449215830e+00,8.582758469787821198e+00,6.757375358448578950e+00,6.431528551737601518e+00,1.691105171549127650e+00,1.284321195906566571e+00,7.835130922109927454e+00,5.147126184277688310e+00,3.222130576013907621e+00
2.600608128681162423e+00,6.145954716788290639e+00,4.945019161998356338e-01,5.526455196635498446e+00,5.112933997219982984e+00,4.960608953870657700e-01,5.037244358978910874e+00,1.723150211697627832e+00,1.659684212757424948e+00,5.344002945399251026e+00,1.414123429009821464e-01,7.913864174434324994e+00,4.652489753851392074e-01,7.948702867985959486e+00,6.183714092642107474e+00,4.784022595292958258e-02,7.849080715880632830e+00,2.341984707180758685e-01,8.136844267737139091e+00,5.771624674356413465e+00,1.084348387946442838e+00,6.984916825630408610e+00,7.834300462230515905e+00,8.950317693923270923e+00,7.992780835268977757e-01,1.027986784549041133e+00,1.548286545309896400e+00,9.043169440739276865e+00,3.098894221401597981e-01,6.004653434401912904e+00,1.382740252471950093e+00,3.903700755193714178e-01,3.291099400646801953e-02,6.571614485098370650e+00,6.899526655131560382e+00,5.655966704286015556e+00,7.742875802543587760e+00,4.314651087559330911e+00,6.207992338268707222e+00,2.981822691947434212e+00,4.790920139014863688e-01,1.665166168889945952e+00,1.584582285819525760e+00,4.102667849090860797e-01,1.560349170894912429e+00,5.096946815439715728e+00,6.672776027809325106e-01,7.639938006874680276e-01,4.393728828328288927e+00,3.554381656106725407e-01,4.041611229073168721e-01,6.730081164065648380e+00,2.351384913097542828e-02,7.030688906210829536e+00,2.495812598633259105e-01,8.205095299562825684e-01,6.222597192457815396e+00,8.093997141835725273e+00,5.467709081804936311e+00,2.437270133771801461e+00,2.545558440608356676e+00,6.902245451016407962e+00,5.515385195617039660e-01,8.817689622725847443e+00,4.330900580447800685e+00,7.074870600542314314e+00,8.185105957832719881e+00,6.081986143024695757e+00,1.658741485232537283e+00,9.003103420005398760e+00,5.804575090098880175e+00,6.170751202743138819e+00,7.811303258275769101e-01,6.348203720987641852e+00,7.660372027617916579e+00,1.067964613674856622e+00,6.026428654509703442e-01,4.230052564703220774e+00,2.831311596178992751e+00,5.958720535554729025e+00,1.197997017594113256e+00,4.145485087037126704e+00,2.359698032237206977e+00,7.217267797091770909e+00,9.402764038328960794e+00,7.260388556231719193e+00,1.464745109721901306e+00,5.734758518951879047e-01,5.299737405588385464e+00,8.653275299525212461e+00,7.847342206648382223e+00,7.466716727214206983e+00,1.473941093751050868e+00,6.742150797111998273e+00,1.481150798719801598e+00,1.372214624489115131e+00,1.476549004358723050e+00,7.347904760152063730e+00,6.825972402350499735e+00,1.859884242190013470e+00
5.035440896187167725e-01,4.524582753211394248e+00,6.399434441572484644e+00,5.054871625468766005e+00,2.000467513925308083e+00,7.368264658932201172e+00,1.612589175105276773e+00,3.541134671484011953e-01,7.615962227991565747e+00,5.972837508142234242e+00,2.740282278813837902e+00,2.842016720304153310e+00,6.394969843967106549e-01,2.590968270353895875e+00,5.727158848316861395e+00,2.517445292989356709e+00,3.932625003526846186e-02,8.362955191579677816e+00,7.272290257039173866e+00,9.010794534303130376e+00,5.030621284868317389e+00,1.548843354820651719e+00,1.047854067461959193e+00,5.796996815259470637e+00,2.021063883764431690e+00,5.835122246534906409e+00,9.297452348917673026e-01,7.983072900457860221e+00,6.031027158918297992e+00,4.843031090551030537e+00,1.284148860600524689e+00,4.105515272026878826e+00,6.359188243408924635e+00,2.932934546562704359e-01,6.936888701247495570e-01,7.069713178313708823e+00,1.808363235000398639e-02,7.834025286087900053e-01,2.163560877609889133e+00,1.819308303209329569e+00,3.110204772853848443e-01,4.299602910697763569e+00,5.930575543502489833e-01,2.043771703027833730e+00,1.068919411496370486e+00,1.092201195107129985e+00,1.945325288327761637e-01,4.960531865891627312e+00,5.514274696897849992e+00,7.583021165920909468e+00,1.004383558178203906e+00,7.449865324265600108e+00,7.630141628587484348e+00,6.281563532063131561e+00,1.508476419760021559e+00,3.512160053931636661e-01,6.380589427948118342e+00,1.517506350180740649e-01,6.125918644891582332e+00,3.331526939577982294e-01,7.979199413571514299e+00,7.973205158011928972e+00,1.591873110640963151e+00,1.135282549970694665e+00,1.501340720064330503e+00,4.018480748014728876e-01,4.945410299550245803e-02,1.081181599676906968e+00,6.632263904172332580e+00,5.574745582063345140e+00,6.807471918350167073e+00,5.666018076281951199e-01,1.109673131721606421e+00,9.065127539317535676e-01,7.008121366370156924e-01,7.345417150858954081e+00,5.307871344588601659e-01,7.006845149857259258e+00,1.259526883961612054e+00,7.685024649978253741e-01,5.991170711484741673e+00,5.906612231247540201e+00,7.416092505880669705e+00,2.684708623021964335e+00,5.382183964789233332e-01,1.258895986401940892e+00,1.731120619606902888e+00,5.702678055760031839e+00,9.048704417894596119e+00,1.012229506542416502e+00,1.596771558265442481e+00,2.798258720314874548e+00,1.888732323364225696e+00,7.522550175288637675e+00,7.304015587596227377e+00,1.186559957872736604e+00,1.835179660890988274e+00,1.581626291476589952e-01,4.769666786352191323e-01,5.294110278027970296e+00
7.649456742643957696e+00,2.327655565658571568e+00,6.482048238094526127e+00,7.793493541807517744e+00,5.167261100828057785e-02,8.277202258837789373e+00,2.373260520994580069e-01,1.116961669816243452e+00,5.310156521979377153e+00,8.709461103678570737e+00,2.044280854444332718e+00,1.150492903783086218e+00,1.280503605673318113e+00,1.073428881472474394e+00,5.220740291040647740e+00,2.163679589251219504e+00,7.289678477790372924e+00,6.195722576472441290e+00,3.633563828406557450e-01,1.816044913744129019e+00,1.000998949415186079e-01,7.455356704150947422e+00,4.679789006816693409e+00,1.837694018066168500e+00,7.499249926633795305e+00,5.819475737123482872e-01,5.078634377207048800e+00,6.483462151686811836e+00,8.145163182916199673e+00,4.240827646510924032e-01,6.842276070246753328e+00,7.948804279923484373e+00,1.230114027708528512e+00,5.523714110336269911e+00,5.116935938511124604e-02,1.008462385503523961e+01,1.819294614602596782e+00,5.254251581479541855e+00,7.076765511136624554e+00,1.128534911745626923e+00,7.654662177527758793e+00,7.725172845315709580e+00,6.224994022796030535e+00,1.289219354917320315e+00,6.371456254714737533e+00,9.300567740202677625e-01,1.445936874205795419e-01,5.329019436442450797e+00,5.889005535257231472e+00,7.045126749753814366e+00,8.809710702485995526e+00,8.086311049334719669e+00,3.038993388633608461e+00,5.377148633213240991e+00,7.931536458251038368e+00,1.012537587521903371e+00,4.918114543252172233e-01,6.147879406744967135e+00,3.738895921470338779e-01,8.347601132372542310e+00,8.200311669677063264e+00,6.628081340810854094e+00,4.770865862725472972e+00,6.643575757716956076e+00,6.968010227565376580e-01,1.588549618224778470e+00,6.302830838145409231e+00,1.201362544919363451e+00,9.364839152254763377e+00,2.680882498168024597e-02,6.892420638623200091e+00,5.832988416311961632e-01,4.616483380861268415e+00,1.023657772609353422e+00,7.624629993205983558e-01,8.270306222260932927e+00,5.050055659635015459e+00,1.797787299110450210e+00,5.567715552165242165e-02,6.157226809724397398e+00,3.828600694717589903e-01,1.150290652996253327e+00,1.925403238636460124e+00,5.368616704023717823e+00,1.956617212112277127e+00,6.346819936007996432e+00,6.244572257409828353e+00,8.116613866684543765e+00,1.321292328851003894e+00,1.501836222703178736e+00,4.821396977923575911e+00,2.710295004446345857e+00,8.936623250983089406e+00,1.434117633924212099e+00,8.536394361205291048e+00,6.942238494723463660e+00,5.721003913702589649e+00,2.542153591277920288e-01,7.267640801512067483e+00,1.616103762586547088e-01
6.542080921380443392e+00,9.379754088602288986e-01,6.512212583000668076e+00,1.125560586049505485e+00,5.418373855304580822e+00,2.722963706888197333e-01,9.143108319675943285e-01,8.988026186464370682e+00,1.588913281979647651e+00,1.322106584896258763e-01,1.925316294409037399e-01,8.184069889004936371e+00,6.769811904452982532e-01,8.490988889657288041e+00,7.655606388837681298e-01,5.915718226188302786e+00,9.087634254831797875e+00,3.165619152403932102e+00,1.830943911977881422e+00,6.137633525433182413e+00,7.014173832258541630e+00,1.845129340483482316e+00,2.484227000865792512e+00,7.123023640901290143e+00,6.015950491132998401e+00,4.232733789928007084e+00,8.524242159844710898e+00,4.887629201159939818e+00,5.344702743483926710e-01,7.693837728371772045e+00,1.320718548519892899e+00,3.062771063041877628e+00,6.627154321548431870e-01,1.659057711567464732e+00,8.674686072953086136e-02,5.713436347956466488e-01,1.019269985895864394e+01,7.539555092372213885e+00,8.509309669764581585e+00,3.001646609970997748e+00,7.926960720228096946e+00,1.037092921945932833e+00,8.632553340953812437e+00,8.054672804433772981e+00,6.028173960779970919e+00,3.112952660307143349e-01,3.537326916427419032e-01,2.553499518273727897e+00,7.715214919933510274e+00,1.994482107299289098e-02,1.860638293540667121e+00,7.078400333333166650e+00,7.519179691924364750e-01,1.278954503919115027e+00,9.508520665896002200e+00,3.002914854957861035e-01,3.139468343485867674e+00,5.497428940960624733e-01,1.709704547402306041e+00,8.014089084112514527e+00,5.471467852558600242e+00,6.409304708118220617e+00,8.344502774545866641e-01,5.968147888014159186e+00,4.184872037266936573e+00,6.863801059758621648e+00,1.865288513226905920e+00,3.407001765145421412e+00,2.112106610711794730e-01,1.515430117711323632e+00,5.778125439246241335e+00,6.483776826738035126e+00,4.787134621751161223e-01,6.042168899103280921e+00,6.421334125211327404e+00,1.916788803919532880e+00,5.371882201325149708e+00,4.993630632515730028e+00,7.316012217598281353e+00,5.855219031033649379e+00,6.333154230528575290e+00,5.856689310353774047e+00,3.580491301509968194e-01,2.911638885820680978e-01,6.033791511864476931e+00,2.533318210585198127e-01,8.511476899816496910e+00,6.652430752919162860e-01,4.230069610325537077e+00,8.885292835736890993e+00,2.064643368836426518e+00,2.685107662557236763e-01,8.385278822410143107e+00,3.459119338724467863e+00,1.204223992874889682e+00,8.363580732128308881e+00,8.797367626605911983e-01,8.637969322664766025e+00,8.372616160550883091e-01,5.369147236441614623e+00
2.079943255867802154e-01,1.416943405535310285e+00,1.223301618640823207e+00,2.483011485893871217e-02,6.939297850224216191e+00,6.450469118607978558e+00,5.681096753624551354e+00,7.896254084346363555e+00,1.454146464503030867e+00,5.261531915930266479e+00,8.536129954847332613e+00,6.882851976647726744e+00,1.920724938396917825e+00,6.885266517332114589e+00,7.010888242768073653e+00,9.508447420949742712e-01,6.500365338431124407e+00,1.661489100267705243e+00,1.121143861399252817e+00,1.775802732930996441e+00,5.447165849766276935e+00,5.744158411884097148e-01,7.465666451932166936e+00,7.204507515082917202e+00,5.153691472712549349e+00,1.371812777065470446e+00,2.285173748790618742e-01,1.961257566392721197e+00,4.880494386480663804e-01,6.080984772887665812e+00,2.837738242540241984e-01,5.112833166078155633e-01,3.224064090014334472e+00,4.708812511893440522e+00,5.227137989883859248e+00,7.642800728662877408e-01,8.041387607004524263e-01,7.780448656121881967e+00,3.319467911213823896e+00,2.027004678719874331e+00,4.733151654902041372e-01,6.539235864417706878e+00,9.947164125258696199e-01,7.243805630142473362e+00,8.943442457859898109e-01,2.509351504880743544e-01,1.761197235438909159e+00,2.809907397918566252e-01,5.311254129705075266e-01,8.728202738605704170e+00,6.470353528528193010e+00,6.507630979362239998e+00,1.485643343757329760e+00,8.630970811776794704e-01,7.927529640579702885e+00,7.237873713696179934e+00,1.468105434509461293e+00,9.971685885411342154e-01,4.723374007019343956e+00,4.198852771055295641e+00,5.069452962364475734e-01,6.174809658410895352e+00,5.879306448933047768e+00,9.061319554423484801e-01,7.118913565846507474e+00,9.597920969599145202e-01,1.058324792922893609e+00,5.960443310514403237e+00,6.870165140996402187e+00,6.293569754342835054e+00,5.580403844124006696e+00,1.082160590148300017e-01,1.967068220085471442e+00,6.290114356210739111e+00,2.133661841470078535e+00,7.707914020912089548e+00,6.451367012141446367e+00,1.538192835786218016e+00,7.979954883007900790e+00,7.324634958960020370e+00,2.273609763522626448e+00,3.338231872803398836e-02,3.914371719625950874e-01,2.206291283175993101e+00,7.029542942711252351e+00,2.241963986843975576e+00,6.964788215298172158e-01,1.533897243370634822e+00,7.644728284808875785e+00,2.095202562700625659e+00,4.651864569437640373e-01,1.170437563582615859e-02,2.554745891087663257e+00,5.373075308790678406e+00,1.026795651768002582e+00,2.816777966139822897e-01,4.410486353500124856e+00,4.280324990490820269e+00,2.791216217811021139e-01,6.098269457369121405e+00
6.998373166330884576e-01,8.169017671921380952e+00,2.233541169064401366e+00,1.001846100936953921e-01,5.552726588922266338e+00,5.733481708984993652e+00,5.492884393829380762e+00,5.435854371404695407e+00,1.067980078598317384e+01,7.192169434243618653e+00,6.334435423929001274e-01,8.895235790226836414e-01,1.707441963971227050e+00,6.246233097319999317e+00,2.085665239211913491e-01,9.278961807712575727e-01,7.284116579009091375e+00,1.898389838831011645e-01,1.710046268516401069e+00,6.333265358888695573e-01,1.545685186869630190e+00,8.064861250761534706e+00,6.389035205521818028e+00,3.858219967222009661e-01,4.620206310238390124e+00,1.095540658719312610e+00,2.535309099206801697e+00,7.152929571326639646e+00,5.349596968728677737e+00,2.089369897587610048e+00,6.424602726828959831e+00,1.325443967141811452e+00,1.890947752890472788e+00,7.432323400406634306e+00,8.206347228174073472e-01,7.391331246717188108e+00,1.513537001378452818e+00,9.587665646259008412e+00,5.162183515426788105e+00,8.260056902049625061e-01,1.226457246517095978e+00,2.277598254544425771e+00,8.350860411910003833e+00,3.527429124919092551e-01,5.309516337289466037e-02,5.003654003539597106e+00,1.956128750494850355e+00,1.064710161151589451e+00,8.621148305520481614e+00,1.203232944173688868e+00,4.434524005730627216e+00,1.543496642134787766e+00,9.620689656999042327e+00,6.143244499420941196e+00,1.143772073810319867e+00,6.521185981977513091e-01,7.873004808880201821e-01,7.255502562566543467e+00,5.903348687391135385e+00,2.314428004065788080e+00,2.258531808502147520e+00,6.384888530304882792e+00,6.394665599726717664e-01,1.109545474504582296e+00,2.429441816977646162e+00,5.633807909123197177e+00,8.136881790680771331e+00,6.960773637961991334e+00,5.186358718924836353e+00,6.951302763063080814e-01,5.874316433212996458e+00,5.071961331062998291e+00,1.631979924306816487e+00,7.203625723570475259e+00,9.352979295581695940e-01,7.069899548955447255e-01,4.374593111133187939e+00,4.243191466055070471e+00,2.596837936090952148e-01,8.725489368893047271e+00,5.186628993766979612e-01,8.044005671142098635e+00,7.407884279835437180e-01,5.376667626878550710e-01,4.046817966653186716e-01,1.202080787026783559e+00,3.017724980093512421e-01,6.960117075692642263e-01,5.820327972890524393e-01,4.615100136663357944e+00,5.148944708256257385e+00,2.701540815648847627e+00,9.080724176885514032e-01,3.856898112021388547e-01,1.354873427783303219e+00,7.220287869563275507e-01,6.100784154571969875e-01,8.451344416299001239e+00,1.479141074256791200e-01,1.110244559433427813e+00
7.975148735569487002e+00,2.334591513924646478e+00,6.788399434308974634e+00,2.393685817963684848e+00,2.651997850673892820e-02,2.850899217398272789e-01,4.551795005924437199e-01,6.105237710341402391e+00,1.934587052920415662e+00,8.965981270893439437e-01,2.135359555254637165e+00,7.037804015817463288e+00,1.370547858276806252e+00,1.032964002771915624e+01,5.460246866559918644e+00,5.884315597630654260e+00,1.174016029312269449e+00,8.214140080238665931e+00,6.390320879199306026e-01,4.923705309569110788e-01,8.738931619310422505e+00,3.589452393113055528e+00,5.450193814482405807e-01,6.184274855876704002e+00,7.153757266569687800e+00,7.971659889701381729e+00,1.604462328652560554e+00,5.464903451178150462e+00,6.332942869674058173e+00,1.370761530470623768e+00,5.636239336566093883e+00,1.954896884796370582e+00,2.220834651480097399e+00,4.717915539529825786e+00,4.119791925587796833e+00,8.220424357676443528e-01,1.404535074247577286e+00,6.962368087518568949e-01,8.911431249539878419e-01,1.135817599612329420e+00,5.080951204160049084e-01,6.406733845751809042e+00,5.067845770388220927e+00,1.053719294576919907e+01,7.755863400399192642e+00,7.316443336860807278e+00,6.222317060043299541e+00,2.178597305917093774e-01,1.798974225120254733e+00,1.434365286174786203e+00,8.169282710420176841e+00,6.117571787339857181e+00,5.948051349549388078e-01,1.102330171735151465e+00,1.564632816170599794e+00,8.052392696284384144e+00,1.422162766979240711e+00,8.114647991495823831e+00,4.354340771207356742e-01,7.979957560090193969e-01,6.051534270585853470e+00,7.256543755720043620e+00,5.297389653197674519e+00,7.209387921711352121e+00,6.565417069796080973e+00,2.561510929574059015e-01,8.664731994500174395e+00,6.423372429869012024e-03,4.508982925942539577e-01,4.491882659124428301e+00,7.696411876989476042e+00,5.049783646001506199e+00,8.565767952702003640e-01,6.672512608918845789e-02,8.039358668977051536e+00,6.805462233835801733e-02,1.584295483259837267e+00,8.324109531826998420e+00,1.191471370085974257e+00,4.186074262662964340e-02,8.095210964259782482e-01,6.924736119063651385e-01,1.333487034760986401e+00,9.165092783263894205e+00,1.802173312334764965e-02,9.256686507766445970e+00,5.212160963004071057e+00,6.633222101780891222e+00,5.050181209022404971e+00,1.363908949604304199e+00,8.440046553828827181e-01,1.013191430133519644e+00,1.601318729848443478e+00,1.651310624296066010e+00,1.465704702433547890e+00,2.056930177907581925e+00,7.363399753958205229e-01,7.664155592487621682e+00,4.755386865575788047e-01,9.679784763893375388e-01
6.556345519579515724e+00,1.295953205117054141e+00,4.424452807889958095e-01,7.309614847923113778e+00,6.321011310207839351e+00,6.603953771589363697e-01,1.769281531912427985e+00,2.457575365359592201e-01,6.531999054557493523e-01,7.137543729066297082e+00,6.702100325780935286e-02,6.173839652212551599e+00,5.211641454721416267e+00,3.550656600127588547e-01,1.164685887914859608e+00,6.461670199196664299e+00,1.703375576891721588e+00,1.357617752318862614e+00,4.976727607129751707e-01,7.060096611513231757e+00,4.044758342729706246e-01,2.106576012604589820e+00,1.832026439539173879e-01,1.760298135678145304e+00,5.174192667918455779e-01,1.090621770378150668e+00,8.126932694601133988e+00,8.393190730125342780e-01,1.856994160108798919e+00,2.491516828903479475e+00,1.081302608362892714e+00,1.209546612108915786e+00,8.480853473719537350e-01,6.432071614964497419e-01,1.532881970596516430e+00,6.484704413571074078e-01,1.556879883030042100e+00,6.008834335181841624e+00,2.340362302787306614e+00,6.289772803209402241e+00,7.578520594397131660e+00,5.509428770521034302e-01,4.621231735526635909e+00,4.493636252262962927e+00,4.848745092553723879e+00,1.199330090381172109e+00,5.144226832826528373e-01,6.625344186773535426e+00,4.342923147801092121e+00,7.122753558529474560e+00,6.485935859500570722e+00,6.806961154878989007e+00,2.858923130551120018e+00,6.025973930010547264e+00,5.925690959814996717e+00,1.217267040116553511e+00,1.776074153241464337e+00,2.382180374088450847e+00,4.388447716385485364e+00,1.141636091584687929e+00,6.673269496561879066e+00,7.427286513757534792e+00,2.427599348119317213e+00,1.965991769790031984e-01,2.457154156858021743e+00,3.638864647466494295e-01,6.914283884972086014e+00,7.677074996737633938e-01,6.908070467573415030e+00,5.162170966798864669e+00,6.215154339830166741e+00,1.631111593196294063e+00,7.290835684388997429e+00,7.281361884447754562e+00,7.732669220914398345e+00,1.643323558761127678e+00,8.164028896109670086e+00,1.379966608808650408e+00,1.734615334051424762e+00,7.674520589645339896e+00,1.333072198746895420e+00,4.809190398070356309e+00,2.475814619021558638e+00,9.183399451044140349e+00,1.926349566612727493e+00,6.054433882890302598e+00,4.257929857036070187e-01,2.305052491184428343e-01,6.221950718588312945e+00,1.128192120060889536e+00,5.465511014232823150e+00,1.832038847189834563e+00,9.604004885872574615e-02,8.056810056142735821e-01,6.536133921189303919e+00,2.339170290519013484e+00,7.565889094294306894e+00,2.211562567677769486e+00,4.545897177244999199e+00,7.908315581785001491e-01
6.824346237408667193e+00,6.802277308567607150e+00,7.266310505989720170e+00,1.137299076695319489e+00,1.624651303999088192e+00,4.745338482516040735e+00,2.911937049368122032e+00,2.761373038544316927e-01,7.194310761341822236e-01,7.534553402562867319e+00,8.103039113447293218e+00,5.374339024454418023e+00,5.158728317381034323e+00,6.118439540160504286e+00,6.500052695340509779e+00,7.592673469223747418e+00,5.291818698912506669e+00,1.622542217369408402e+00,1.681906589947274266e+00,1.129560154192598587e+00,5.943091613638537218e+00,7.257240414631969116e-01,1.592434367987772159e+00,5.115595016305079845e+00,9.986046763609707222e-01,5.044824093844765045e+00,7.609159209663374668e+00,1.714106555660984021e+00,9.486782782342745080e+00,7.354081673182664147e-01,7.446537378766995730e+00,6.282999974623477257e+00,6.597798400485899606e+00,6.478513017973747345e+00,1.201897937150212092e+00,1.375259025296037274e+00,1.179128203211859960e-01,6.518129831482653458e+00,1.030125886443345795e+00,3.521615442569431043e+00,9.895308285679381699e-01,3.025208481769414703e-02,7.688863035153071124e+00,1.528084292909805519e+00,6.367343938642489931e+00,1.401873860783505954e+00,1.546792763390860692e+00,7.377136651087167429e+00,1.839401094462729924e+00,7.665904533049631375e+00,6.009870868225777762e+00,7.300282042442914232e+00,1.792645293212417723e+00,7.642491563857656267e-02,3.363869899455778523e+00,9.097029857188452695e+00,1.496453821780686644e+00,6.354324977337767244e+00,7.976537647647679918e+00,4.685839817770620641e+00,7.182454963218647848e+00,4.726383789360928844e+00,7.362795678488960327e+00,6.026029809874154708e+00,4.598386296264025397e+00,9.418438391534030174e+00,2.415859511694956829e+00,5.758176210750206359e+00,8.578146974461756002e+00,1.195813342071277319e+00,2.516430248399118774e+00,2.889228477040003185e+00,2.266232870337743233e+00,9.343587711488266834e+00,5.413531654320166808e+00,6.226539051009083003e+00,4.557438754035419315e+00,2.284696100339733249e+00,7.278374536762139968e-01,1.566935833139453838e+00,7.810387841908423390e+00,2.179260107878323360e+00,2.226798579682318202e+00,6.530124453129038997e+00,1.084430133724419987e+00,7.926777213096262820e+00,5.151475365165495646e+00,6.857420628600271684e+00,7.891726264930109203e+00,7.041956635742252502e+00,5.767493296304109229e+00,4.486180319522424798e-01,9.065215698953021928e-01,5.085793658194168287e+00,1.595880148632059070e+00,1.257271172628258604e+00,7.865624769200814104e-01,5.880027749736644438e+00,8.805804176912982451e-01,8.982161183661301340e-01
9.008375768601042388e-01,6.771631699773712487e-01,8.211152910767591351e+00,9.252096199883086403e-01,1.088335907753423815e+00,6.605278905682512303e+00,7.573700602978195917e+00,1.345828962153742925e+00,8.354751982939022881e+00,1.284316460878746291e+00,6.422141868065399883e+00,6.896126656962061396e+00,1.106534579606192281e+00,1.225667733252405744e+00,8.800160185061818297e+00,1.101576806940053777e+00,7.405808422866662966e+00,5.806563859445193820e+00,5.865478978971139234e-01,8.300982687350202394e-01,7.640700762530048706e+00,8.103770479684651917e+00,2.118351431940526552e+00,1.839853206348706305e+00,2.023298783577061055e-01,5.993616883291542408e+00,7.418460665065260251e+00,6.872141770839357733e+00,1.540905434162321619e+00,1.177859034948301353e+00,8.743713443106091887e+00,6.533545556680851796e+00,1.352403258403510833e+00,3.256255878683923521e-01,7.183886939833689311e+00,7.346918922185672329e+00,5.969505682792041190e-01,5.784801996435368743e+00,3.762435976494057366e-01,5.009289138757051951e+00,8.522920010349608333e+00,1.291545605327776736e+00,3.190398980563624587e-01,7.449385894252746887e+00,4.393179658496362272e+00,1.578594331059965938e-01,6.558441195665976053e+00,2.728517239390335636e-01,8.108851656264304708e+00,4.558748258529699005e-02,7.071644926051536828e+00,6.331083356132531037e+00,7.388390543483225770e+00,2.370092798551308277e+00,7.131450818752931298e+00,6.698172439620160290e+00,1.880057005469021769e+00,6.905923371310735526e+00,6.861014650430055539e+00,6.032405310438515578e+00,1.399274941860153554e-01,5.316872214243043571e-01,1.016667428816961927e-01,5.433983538334818064e+00,9.524224350563903485e-02,8.597202998869670765e-01,2.677353361374542606e-01,1.433803918476365347e+00,1.044500910904089253e-02,8.510611387382831516e-01,8.499990586047807550e-01,7.468989552073828975e+00,5.003379364320854172e+00,5.438795079132242805e+00,2.025862014571330860e+00,5.978944125525623043e+00,7.104783229758318441e+00,4.089993836807507499e+00,4.633118113268411831e-01,2.561430870158102557e+00,8.663329775286476853e-02,5.451045270597199011e-01,3.895975188199870543e-01,9.059572817044367898e-01,1.433464952509601043e+00,1.456403402834452132e+00,7.775046310719279319e+00,1.473696081454470841e-01,1.130231118477881935e+00,5.618650497881917394e-01,7.161293302234132518e+00,2.651568745254188286e+00,1.844227982451766001e+00,6.358777366395485409e+00,1.795858820701266012e+00,1.296593305525492124e+00,1.709794234263311008e-01,1.953265679603160665e+00,2.358061596539814175e+00,1.379502993294557722e+00
6.426340481814410310e+00,8.327515142317832186e+00,8.654268573743499005e+00,7.438731297005373833e+00,6.635234444654991570e-02,7.875708980771854328e+00,3.005418874268881435e+00,7.391222239640075742e+00,6.357595865398111279e+00,4.650845225227712376e+00,6.160460676678105152e+00,5.370130015607255114e-01,5.387115726634922552e+00,6.598960829144353113e+00,1.893977432181255249e+00,1.425923047704659830e+00,3.453550177138220434e-01,8.765032030498790760e+00,5.750364336097725015e+00,8.662401898337854789e+00,1.222159294470965829e+00,8.101353089019177389e+00,4.866544332989826138e+00,1.260505464562364342e+00,1.009357963953870652e+01,7.066970978286621907e+00,5.726439838347161526e+00,7.529585068306577256e+00,4.345729743267964906e+00,5.837939054919980109e+00,1.513299623745188782e+00,3.234602294747134232e-01,1.481058186118396902e+00,2.141372608741766381e+00,8.543569781450679468e-01,6.395537782934978210e+00,1.484958310934312298e-01,2.618511851308482630e-01,6.722587423461093614e+00,5.648050607683257951e+00,3.974547391760530068e-02,6.505232643134752024e+00,4.701401251222635302e+00,4.394442215092301041e+00,2.885563829805962710e-01,7.088857746422847050e+00,6.030027137221983580e+00,5.800183979028181724e+00,7.964414596533902824e+00,4.451914246591424096e+00,6.631884209857656032e+00,4.012328714164317134e+00,7.134999244687316278e+00,7.053576879911903852e+00,1.715355373787448734e+00,7.080744517734227195e+00,5.539092586746865443e+00,5.132156118597223760e+00,7.401382146636446890e+00,9.232417785599182913e-01,5.471860876863638090e+00,1.481623178204974467e+00,6.831589250594328533e+00,6.460165427678697725e+00,1.703714390147429203e+00,7.000089426639590329e+00,6.754432697450935663e+00,7.943670743276097568e+00,7.032111882361713029e+00,7.824208769944190678e+00,6.736519141678439127e+00,6.542166208532730565e+00,2.104760218508361813e+00,8.444515850416497216e+00,4.065579965231973514e-01,7.104616764431979981e+00,6.142734441966510417e+00,7.273125686885839158e+00,5.388331184032249865e+00,2.500503040637646279e+00,1.595446939493231131e+00,4.891461870437293413e+00,5.816727461977296620e+00,4.955421699811508596e+00,8.279339582588212121e-01,8.010959509242614018e+00,5.413989982575861948e-02,1.824929713824703814e+00,4.750787059273779533e+00,4.438700755841275658e+00,8.341233588248375685e-01,6.257108478962732256e+00,1.102928206327346672e+00,5.660306512539609258e+00,7.444563031605901493e+00,1.666852162763769574e+00,3.044735254074859565e-01,6.484737258997734344e+00,6.964656008167789736e+00,5.426218681595794457e+00
7.028172786278970463e+00,5.162395096137104566e+00,4.834367913336182765e-01,1.974924229969761802e+00,1.474808555009319289e+00,5.718923538164438547e+00,1.683168160841551630e+00,7.739679632792642927e+00,1.168129900281535738e+00,7.716331766939330983e+00,4.209750896526155195e+00,7.019053608381097042e+00,1.069625282504289387e+01,1.019385996241691350e+00,4.600963738072565423e-01,4.776154306377202730e+00,8.733696134458352134e+00,5.848850789244223414e+00,5.120807689723021916e+00,4.419733700217674865e+00,6.222169308271865873e+00,8.534160377292135280e+00,1.547348118772101211e+00,6.567893818464275668e+00,4.752743928389020489e-01,6.673473104371667297e+00,3.962559381220445154e-01,3.017905019470346062e-02,8.695408972956251148e+00,4.105634051079376512e-02,4.013904291857698370e-01,3.113608195133680034e+00,1.973514690665107318e+00,8.045429091960372148e+00,8.226862763598882466e+00,1.895958408603291012e+00,1.307455962136024219e+00,7.098977618047396909e+00,7.846334369556720922e+00,6.715056559611094045e+00,8.990721725024176436e+00,5.508014533460850792e+00,7.633242718428700613e+00,1.567510321025976872e+00,1.364823724355708867e+00,7.936698055038166055e-01,7.799143103400174581e-01,1.776755991929788614e+00,1.184349979990110047e+00,1.690903851114615719e+00,6.054159755400496223e+00,2.175723179740710389e+00,1.106904709114466367e+00,2.169166400574311648e+00,5.774210808798152073e+00,6.175463788704509405e-01,4.883568653218005373e+00,1.045441721315137462e+00,5.706844328875213535e+00,8.142334691392675294e-01,6.265509678641679514e+00,8.238747565901871184e+00,7.094458490675624063e+00,6.758351999196320570e+00,6.152267145850645491e+00,5.717471015321686778e+00,1.201587050588209138e+00,4.092399352952247327e-02,1.191441089726427371e+00,8.482029918260225898e+00,6.262416305978087294e+00,7.613576113705581072e+00,6.681829177958558574e+00,1.950570018071424716e-01,2.714648057021670002e+00,6.104930495024351700e+00,8.457055444170473724e-01,6.415233418861916448e+00,3.157669974774816035e-01,5.424198632147220422e+00,1.807135474698147837e+00,7.142287777186433040e+00,9.128503614533171273e+00,9.413310780809865719e+00,7.870399943362849982e+00,4.776027939154067425e+00,6.659001038111933557e-01,5.410861296037678514e+00,7.092913055258446064e+00,4.168455641393553179e+00,8.420513586728318733e-01,4.442423507053320009e+00,1.817056825620632976e+00,2.673416750261790042e-01,7.710391619307879196e+00,4.596002152937582963e+00,9.071742186856941004e+00,5.163700270724567609e+00,7.531978250807433994e+00,7.105508635453355204e+00
8.672283013545289965e-01,5.880006439950601127e+00,7.060618378448433319e+00,6.432845360668733470e+00,1.638929672478002031e+00,2.049001227822766058e+00,7.907200435143096229e+00,4.544082016486816755e+00,5.001567497305609677e+00,9.382507662872876963e+00,2.551078513102707834e+00,6.713501736807520714e+00,7.502970198459564699e+00,6.053922440462524257e+00,7.570792270331441642e+00,6.197038089724542509e-01,3.733617975599152761e-01,7.361062186952120001e+00,5.370524427658406985e+00,6.218623998409391618e+00,7.341713447150286509e-01,6.293197292408952315e+00,7.517881138182515244e+00,6.655869825440379195e+00,7.029734714572397625e-01,8.100703759719019459e+00,6.577622499514102827e+00,7.462319221302010419e+00,6.751336420618548217e+00,1.915978222203508885e+00,1.680695361461197912e+00,7.379350895705657720e+00,9.516849722698472736e-01,1.367436701973453461e+00,6.827792599951126640e+00,2.496330199380892623e+00,2.134356826407757701e+00,8.514642239638520183e-01,6.230726465948917436e+00,1.592920498370374194e+00,7.307821332629563571e+00,7.622130340580860697e+00,6.904508504089257315e+00,8.079743065400997182e+00,6.861007088511377638e+00,8.647342708868187344e+00,7.055634498449396830e+00,4.264362814449413897e+00,7.184516932980160142e+00,6.274787768384641140e+00,6.556458236103245518e+00,6.688776734434965121e+00,1.964356182698100417e+00,8.904710101403681577e+00,1.057719695415792138e+00,8.488259686748246935e+00,6.760327395196842559e+00,6.651264532290496412e+00,2.401339289362174334e+00,6.066390959091050306e+00,5.170577334119820456e+00,8.348798135345944615e+00,2.474533869518455997e-01,2.006791899812558455e+00,5.647898977038794399e+00,5.878962831452909654e-01,8.015549621503838651e+00,7.601698965593405077e+00,1.180486175403434590e-01,1.056538711245241569e+00,1.469214097827012289e+00,3.223892937352047294e+00,8.150095511088041311e-01,3.601622961201754736e-01,5.778394346611619881e+00,6.292303822700172411e+00,5.087684300902219015e+00,1.381021241077633688e+00,6.642707246634936169e+00,2.088434030421357335e+00,8.100817560663374550e+00,5.959658175302683603e+00,4.032165220532523797e+00,5.966219773834645634e-01,6.792175760458254885e+00,6.470797571253401159e+00,2.943157329935627509e+00,4.573247022795194461e+00,9.629788682057867089e-01,3.480349218621140439e-01,3.761649234167188105e-01,7.549513126709921806e+00,4.398748069943816397e-01,7.095914295538746863e+00,4.302288213334006350e+00,8.042531564984024550e-01,6.065655951726227180e+00,6.815612463518588626e+00,5.370303040890116009e+00,4.476076950539938260e+00
7.847602135610105556e+00,6.357975833288695977e-01,4.397406290355180047e+00,5.118244609961555724e+00,1.028797827256029640e+00,5.262524649581954428e+00,7.286616384525386181e+00,6.306379840798141068e+00,1.260205959816862453e+00,5.072831914519197127e+00,1.305323266671523541e+00,4.692820022063913576e+00,1.412009044948396408e+00,6.903417084137175586e+00,4.178619090929550417e+00,1.387695487949690998e+00,5.980180073266914142e+00,7.414425220653802384e+00,4.553123391462098546e+00,5.904581423584291500e+00,1.422882580369926986e+00,4.401584657221826458e-01,6.619886870698556081e+00,7.168985350230845377e+00,7.871009286990052090e+00,6.904586492757731619e+00,4.577757212831210509e+00,6.691919833458269906e+00,5.656865608425554193e+00,8.344626709251921071e-01,7.504844018330213196e+00,5.089888488555087243e+00,5.073561473072399686e+00,1.610849764617646063e+00,7.011887272099414758e+00,7.363359259773845977e+00,1.536732461688319784e+00,6.179569563042382363e+00,6.356386890109074983e+00,8.432862239641895741e+00,2.636286860299671631e+00,1.546600440179022318e+00,5.288914612577603869e+00,7.121980405150203808e+00,8.188689668589555382e+00,4.190515455890095886e+00,6.993873951971526282e+00,7.959078092602403842e+00,6.061654918654780566e+00,5.417094268242273358e+00,5.668185897432654663e+00,9.174210127813399396e+00,9.822605812232556133e+00,9.309541380501705987e+00,6.001143964714765744e+00,6.332529046847409582e+00,7.554479842241994092e+00,1.816164207588931045e+00,5.500743814102641238e+00,6.900408054037342254e+00,7.679040772013895122e+00,9.253116127578555616e-01,4.087903814477740205e-01,1.526772787163430234e+00,5.234044697958915471e+00,4.628737186123203173e+00,5.825175726860798875e+00,8.066343574010264028e-01,6.529281256707807124e+00,8.592505998150762325e-01,1.938051906810267511e-02,2.216082629875034016e+00,4.091816762817355624e+00,1.355673613420621093e+00,7.854396288684463379e+00,3.029080007409771014e+00,5.718170347027980993e-01,1.073954034903398469e+00,1.789241625547914660e+00,5.185016555702831376e+00,1.301898813021324930e+00,1.114660930218265511e+00,1.851721142729718661e+00,7.366301603875297310e+00,7.616378150342923981e+00,8.669317319311957704e+00,5.054809684892930477e+00,1.897108159687790563e+00,1.719948311271224384e+00,5.026848164332714752e+00,6.734475142120993851e+00,4.982059587654726895e-01,5.768533726509469162e+00,2.050827149047486309e+00,1.400263260219773542e+00,1.620821784759499673e+00,5.789335198430816121e+00,1.198808568878296787e-01,5.292581297468357704e+00,5.020527932601427601e+00
6.972585840871084351e+00,1.162170015984945959e+00,7.398947576833024620e+00,2.220695394354874175e+00,5.711580915296547989e-01,4.432917086793490391e+00,7.252552646669313319e+00,5.489361422746807051e+00,5.446206648319329879e+00,5.730519696639312599e+00,3.179771798977322206e-01,9.733934655265240821e+00,8.479439838443978417e+00,4.125387621142213135e+00,4.268473772376462083e-01,1.023965807521807037e+01,6.718543080592233707e+00,8.347982802748287412e+00,9.078898685956380277e+00,8.058260268005986715e-01,6.327172978525643643e-01,6.028369209247155247e+00,2.304818920570151697e+00,6.031910316839006470e+00,6.533813086392457947e+00,6.816019559413824425e+00,2.874423832980742555e-01,9.058418152902015796e-01,4.008465819931609886e+00,6.671006301089382973e+00,7.470773323549678935e+00,7.830961930489857892e+00,8.950653310094254245e-01,9.237100093758714436e-01,1.246659853923686834e+00,1.075582628171627420e+00,5.684132171701511638e+00,1.388415878369160472e+00,7.177982507201139839e+00,4.623283663165075552e+00,5.624775474725883129e+00,4.763591601480967608e-01,7.555558169394552159e+00,1.178035624932071146e+00,9.479933482027794511e+00,7.586576522020210156e+00,1.750299046754292487e+00,6.552774037625012760e+00,7.496183322408515259e+00,5.661170496824244225e+00,9.585138469741777412e-01,8.150655623225109281e+00,1.996793456214944751e+00,5.065383410570326816e+00,8.666131805219454698e-01,7.218368613686108048e+00,1.450915337239440994e+00,5.457917851460376113e+00,1.538240220124069246e+00,6.519413624009105845e+00,5.713284425347273654e+00,6.198210177950679522e+00,6.159159418700747679e+00,7.084453792344440615e+00,1.225040673463020369e+00,4.338451746939809617e+00,5.849780838714907283e+00,5.464928187904884105e+00,6.010202389926917910e+00,1.508469512763500386e+00,6.810976494634738643e+00,3.419732211952163370e-01,1.284072899424688607e+00,6.652232933694580908e+00,5.753373578071268923e+00,7.181093737549988809e+00,6.905951793671058603e+00,8.364711892867237708e+00,4.102317877493193876e+00,6.936493476460428020e+00,4.379876979263853665e-01,6.626825017582524069e+00,4.110412890810244413e-02,4.555472172882369719e+00,6.711711622857373882e+00,6.104279011188566528e+00,7.824983919045248371e+00,1.608095189896481259e+00,8.791236928374601689e+00,5.631244410467002304e+00,5.603550929260830316e+00,3.817064115757522469e-01,6.411370600634022310e+00,6.593094613012729255e+00,2.512826295347600158e+00,1.661399413186585239e+00,1.026559554889998616e+00,6.721533341294951391e+00,8.418635013012490731e+00,9.995689559693765602e-01
7.130385328487241381e+00,1.297648080734292719e-03,3.170310540988146908e+00,2.084897375903554284e+00,2.278925633132489637e+00,9.915766705990031182e-01,1.706539011707499665e-01,1.139300953032218899e+00,7.381614709807982067e+00,5.802001770254849866e-02,3.734876384364470558e-01,7.100733775002208148e-01,6.376997243284476813e-01,3.398269116301633197e-02,8.578143224917521792e+00,5.509263279301730876e+00,4.083591271132096523e+00,1.720010684995278094e+00,8.525865630653184368e+00,9.688377040026532327e-01,5.379676714847755115e+00,1.439021346034084381e+00,6.729326816208955009e+00,1.262977535705148924e+00,4.626799675416847890e+00,4.758451775111225857e+00,6.288152399769497691e-02,4.791241836218845807e-01,8.996856775920523130e-01,1.119272222583358456e-01,2.743140525550923137e+00,3.990152071140052881e-01,1.291102734533872365e+00,6.541060022129349782e+00,1.163973520902265246e+00,1.993980933852093074e-01,7.021956002738747316e+00,5.860218591764863483e+00,9.982750335173424361e+00,1.006423567071242919e+00,1.508435396634062453e+00,5.697301381364954231e+00,2.330800811312144782e-01,6.200327514989585787e+00,7.382773404343446089e+00,1.185652439649476531e+00,8.188556385471446930e+00,4.225499098057442282e+00,6.635727680947744567e+00,7.635878700397135121e-01,2.072818840912051819e+00,7.426513841482535128e+00,1.145567645446393890e+00,3.898973314522476974e-01,6.340341102682434116e-02,7.105365659494443875e+00,1.980708757566235878e+00,7.088796829640994446e+00,2.119574900578243160e+00,1.994058421784459245e+00,1.130707800872361890e+00,7.403017172363208331e+00,2.612682144861341982e+00,6.333776526680612307e-02,6.655626858484898101e+00,7.773140983103733248e+00,1.221435256897832611e+00,2.613121376104801996e+00,5.725526773415381854e+00,8.849634157856073102e+00,2.073537775290881680e+00,1.147321191083854774e+00,4.912516031849626374e-01,4.043345027221478816e-03,9.241209535114284224e-01,8.111652643600084645e+00,2.894932365227629756e+00,6.855847687848136474e+00,4.091581089322293252e+00,4.371145194602537032e+00,6.391238595978773418e+00,1.050451664929533235e+00,4.053807244858891323e+00,7.254831690687665535e+00,2.195837028833068416e+00,8.295514974414985865e-01,8.046541079539558439e+00,1.695433763561275953e-01,4.982917691293616613e+00,2.533691780768271506e+00,8.962135857524723193e+00,5.505276656955042647e-01,2.089618119068488600e+00,9.769020226321900591e-01,9.935544648640770582e-01,7.517622789587914411e-01,6.241604533185993731e+00,5.148221558393355490e-01,7.695009141661663499e+00,2.364488665628556419e+00
6.156977739505742342e+00,7.505101264179248055e+00,1.916636096801118239e+00,5.315661815244130395e+00,1.503208617103549027e+00,1.043871525897823105e+01,2.640946663047713194e+00,2.606050535382647748e+00,2.687545131428198619e+00,5.151472355281209170e-01,5.373123940247249486e+00,5.626423966898489226e+00,6.823275860898705858e+00,6.049279343413900278e+00,1.798649520252425749e+00,5.091430152486683625e+00,7.196293112085030863e+00,1.368635289502929009e+00,3.630207755766186040e-01,4.908746193980010331e-01,8.579820857868423190e+00,7.578586492894777926e+00,7.313952513523313215e+00,7.640558693650929101e+00,5.670314519150704058e+00,7.982514496837055162e+00,6.031191752098896686e+00,8.847342110516798641e+00,7.516466567921558095e+00,9.178808631701013354e+00,1.200091672721575575e+00,2.854679603988436121e+00,1.854370990672277175e+00,6.162973327124491085e+00,4.225458540951550823e+00,4.013556063803995322e+00,5.134461626253551181e+00,5.133814703762554998e+00,1.142148923035985364e+00,6.019813627980052928e+00,8.983267115055157959e+00,6.293589232967719660e+00,5.691069297190499476e+00,4.189082579123498462e+00,3.091078449043889620e+00,4.765107088305869709e+00,2.665931402416808815e+00,4.100675299790538242e-01,5.409829015093538196e+00,5.655979806697463808e+00,6.182391656751890174e+00,7.210321302191838200e+00,1.490025846796564135e+00,2.204676673553192412e+00,7.068314510547558882e+00,6.070454530536788518e+00,5.865936688624100448e-01,6.385103850110046331e+00,7.663211662548439662e+00,4.668675688578512784e+00,8.776556011681774239e-01,7.336237259038430381e+00,7.088646049953081230e-01,4.581940682610301963e+00,6.443213403685750684e+00,8.029707789158955222e-01,6.344268931017792212e+00,2.115909970814018770e+00,2.174702060275021331e+00,5.713005821245579874e+00,6.221267636090706432e+00,1.580493042634804723e+00,1.184783475474109782e+00,7.480001479686659849e-01,4.450317452826171305e+00,5.291637503566393619e+00,7.120176255218918726e+00,5.188114160024024812e+00,4.157880550274701825e+00,6.057896115010034777e+00,5.793151424714637621e+00,4.800142407485297191e+00,7.557138783328547049e+00,6.116904941960917164e+00,2.821086816633414873e+00,1.050061284511584070e+01,7.327131381710664471e+00,1.220649572386620640e+00,7.281844350090600493e+00,6.599821977610366375e+00,4.489078355900741002e+00,1.660745807732394219e+00,6.283144246469757555e+00,5.397506677306038725e+00,7.384744542496375352e+00,1.640147522527542367e+00,6.447142166827321219e+00,8.539436294926188609e+00,6.104467138924682068e+00,6.913182461314090865e+00
1.444690441096346811e-01,1.050381484783345920e-01,6.890985573856233337e+00,7.660331960953495667e+00,7.437159703006371636e+00,8.545814411441244873e-01,1.047588551328082485e-01,4.567493126473804566e+00,1.999244602693039941e-01,1.875891650400683730e+00,6.040412313333288985e+00,1.759085184079621111e+00,6.206388470925555900e+00,1.344623578401145103e+00,3.744339480300706846e-02,5.203394937791759212e+00,2.943262521283082078e-01,3.480166234941450831e-02,6.055218411575820525e+00,1.645967304381474650e+00,1.231894591708332598e+00,7.590746820044862453e+00,3.031740574698088775e+00,6.156637456480479331e-01,6.715295833076302401e+00,2.866010766766070361e+00,1.422718400810781159e+00,8.993014633074836173e-02,7.962221304377115061e+00,1.574965610124264170e+00,7.032519142664717116e+00,6.498282460949043049e-01,6.231498644250520691e+00,6.282058888081712311e+00,5.344692145854672560e+00,8.165576829599843212e-01,5.367981967153495404e+00,3.173763788348371584e-02,7.620560900435136009e-01,6.800596781389661949e+00,7.470621895348951824e+00,5.772278221222117089e+00,7.703276514716951517e+00,7.951012436651792026e-01,3.028517035056695672e+00,4.708230305443588115e+00,2.069001652431944560e+00,7.924840040162876242e+00,7.225393464303779822e+00,2.390073956503218078e+00,6.153378740479408471e+00,7.090591811510762454e+00,2.177800500636870140e+00,1.269395943873544486e+00,1.100974959709612122e+00,5.658645572064573415e+00,5.130186189245512729e+00,9.261815660528793792e-01,4.272063758810269452e-01,3.787299203879036513e-01,6.792134324792328925e+00,1.776021582433588097e+00,1.561578725722114758e+00,1.152991465912061919e+00,9.013462622276778191e+00,5.668852303724070119e+00,5.762676577678627066e-01,3.742525995665768601e-02,6.727871967497159211e+00,8.539624879424380310e+00,5.847924705020888680e+00,1.715169025633567879e+00,5.782429644946683212e+00,6.919517123127824298e+00,2.427423296266232988e+00,6.413653250121916116e+00,7.320581540284367694e-01,7.015125839285669684e-01,5.554194777651025206e+00,4.116776929445904898e+00,8.234815114584355555e+00,6.202808348110280257e+00,2.317912785137337117e-01,7.806602398813048183e+00,9.838112296059517980e-01,5.197648736594058683e+00,6.725906137846353161e+00,5.415341428658261513e+00,4.945625828107492739e-01,8.904128794753966014e-01,7.550416078763993788e+00,3.568678654683035134e-01,1.437069993669513046e-01,1.904791564849979135e-01,2.593732256999295993e-01,7.210231852775748962e+00,5.178181834304735887e+00,5.935398725601553238e+00,4.804682646936955237e-01,9.038673481052821757e+00
8.373981556162490847e-02,5.349690812066922874e+00,7.126404055033481733e+00,5.702468805000757701e-01,6.343475767796519449e+00,6.485511967694820967e+00,6.796432058355568184e-01,5.947997456890919743e+00,4.407780466201710823e+00,5.653446153326431300e+00,5.323532823063137798e+00,1.297162934647908772e+00,7.625726487319743896e+00,1.560411590673416615e+00,8.657654509645883678e+00,1.839281111137571312e+00,4.889971130179484149e+00,5.718460692440498150e+00,6.678014488520233050e-01,1.460313017752546072e+00,4.514599522273423204e+00,4.752124511208632995e+00,6.162682405992626622e-01,6.773844077306797828e+00,1.419148402399167619e+00,1.592621114672782667e+00,8.307840484089581423e+00,4.395591087759504134e+00,6.983817165413771733e+00,6.831715324113853960e+00,2.506482773506279571e+00,8.657369438811800322e+00,1.391182456819852531e+00,7.902199262506529820e+00,4.468757825867523792e+00,8.356170017661973759e+00,4.831405513768879390e-01,4.627506837868873291e+00,1.438768300939992750e+00,4.311811786846550199e+00,1.023592623387967526e+00,8.168324978834676786e-01,6.249710213871403575e+00,1.858261626032354119e+00,7.403597547112368282e+00,5.561620364404683770e+00,7.605900960136073863e+00,1.195422409599088631e+00,6.269903998002279266e+00,1.328793255226011771e+00,5.382443788153069342e+00,5.281523333250253138e+00,1.351689759106694977e+00,7.202289160003174651e+00,9.773627083336662302e-01,1.190450370446458628e+00,6.345131110224754067e+00,6.532980563724091638e+00,1.392935591689449026e+00,3.380050136510845071e+00,9.459855063111188400e+00,4.143230813268294899e-01,6.195364932926033852e+00,8.758553491736419616e+00,7.370891748138033606e+00,1.102425075344609651e+00,2.350683108201872873e+00,1.241552037727878588e+00,1.028712169037650170e+00,6.123315755557932061e-01,5.318253403330268636e-01,5.750474162360982078e+00,7.128339735337592131e-01,7.479165417893976375e+00,4.667058305808680085e-01,7.576180940974487577e+00,2.406020487495486027e-02,4.455029263664184391e+00,6.083213072025885459e+00,6.904149393341118213e+00,6.330494995304906780e+00,8.468394100503221722e+00,5.232210954686202786e-01,7.071628327072942533e+00,2.015571271194663616e+00,6.015744595351213420e+00,9.089488190882608620e-01,4.326067302268556070e+00,4.398786505535887681e-01,2.057431052847356945e+00,7.379218364432034605e+00,1.556698833364186907e+00,6.357830336811501226e+00,6.234982424600052475e+00,6.830937384607356222e+00,1.734055550799460388e-01,6.873907412173585030e+00,5.621965254501067655e+00,7.824361089124942659e+00,5.874427140245177981e+00
8.772486843990547456e+00,7.604002092566351401e+00,6.622690903414150121e-01,2.047457349275222382e-01,8.951492102232789350e+00,2.305176024164648396e+00,6.574630514033643180e+00,1.071292239558689241e+00,5.846497265951628108e+00,5.083071118293494450e+00,8.600910815812181642e-01,9.504920341607293599e-01,1.492822735917028076e+00,1.189509993983279612e+00,6.424067874205240614e+00,1.243013155495338307e+00,9.441300798897515056e-01,1.231979588992915708e+00,6.080897504922544439e-02,1.752023808024966822e+00,2.323395102664373102e+00,5.789860572877758571e-01,1.765781245124681487e+00,6.397445143017709945e+00,5.464090723574670960e+00,9.614423850415796391e-01,4.017410765036001363e-01,1.430476532095469100e+00,1.054475595422556644e+00,1.770359172048496799e+00,6.443821312948294633e+00,8.245540184725173916e+00,6.468178857753102307e+00,6.381746128717946220e+00,7.274626914293010671e+00,5.463289621545093233e-01,7.095526755768402971e+00,7.522042209577785243e+00,1.644347983685928938e+00,6.612436713036609071e+00,2.007341747827565470e+00,7.856863699444830651e+00,6.846607934267517237e+00,5.124869188514791674e+00,5.561243433380170131e+00,2.087186832388775448e-01,4.779661373209320718e-02,2.883397584918312440e-01,1.981179112484920957e-02,7.264540814759704368e+00,4.122426190898202947e+00,4.581170469736408624e-01,6.142014293209651088e-01,4.417049761525843055e-01,5.682333734745263598e+00,5.483503394264264585e+00,2.038162260279763771e+00,8.247394275184198875e-01,6.596738124092715871e-02,5.652093758758410580e+00,6.521820050671029101e+00,1.024792329049173834e+00,8.296571986028638435e+00,9.498470104960461402e-01,7.647567554321973660e+00,7.176508976136776852e+00,6.450245614654196658e+00,1.018036916477021592e+01,1.174638384137922209e+00,6.422701871740442492e+00,5.137027610970961611e+00,1.713874471721523740e+00,6.268292105746714249e+00,1.959612615722072793e-02,6.009821235461591193e+00,2.011316794464963476e+00,3.765346517253532754e-01,4.009404363582231845e-01,5.708380281552305480e-01,5.913719643412806981e+00,4.796302710809270398e-01,9.060870815821888691e-01,6.325279084402171570e+00,1.040092066464241682e+00,5.141840757394219530e+00,6.359158629433805388e+00,7.161599731259286727e+00,2.019535039565028001e+00,6.374662736483559300e+00,1.881754542991628920e+00,3.041460905497714862e-01,4.553856104513414049e-01,6.228516559505401951e+00,5.717371137741485754e+00,1.047371845867925977e+01,6.924940672379820139e-01,7.321494053675926317e+00,7.727634957929213400e+00,4.645523492328517134e-01,9.042089973066814723e-01
