6.128466973863528011e+00,5.258177538668925344e+00,4.668527702300075966e+00,1.042381818855262710e+00,6.055838576283548491e+00,6.654348241147191700e+00,6.584342519229279489e+00,9.579148491432555090e+00,3.867313600019767428e+00,3.986425292657823860e+00,5.258929997697921799e+00,4.712101955628665628e+00,8.365327662924918473e-01,6.171724922084711462e-01,1.577626311705762063e+00,6.525637551826158678e+00,7.057805160182599735e-01,2.905484762629529927e-01,7.079499781801790181e-02,3.547298177858969614e-01,8.809064560557509083e-01,3.434354703957599675e+00,1.946555032697709908e-01,9.789877159940685303e-02,6.396816677743974111e+00,1.749958460812802929e+00,5.235686471914481999e+00,3.840077028094448508e-01,8.699346887814365381e-01,5.352810655669693496e+00,5.673447587660045421e+00,5.124516272896925351e+00,3.020471399162564019e+00,8.325479440555979549e-01,7.532672111302684215e+00,1.832437361059953806e+00,4.002954923260193532e-03,3.149562476331175365e+00,4.142479460747855669e+00,8.259058856881429378e-01,6.376030875632196171e+00,6.035753553305438501e+00,4.220308429068317935e+00,7.568106845034072716e-01,5.192095617081927017e+00,6.555370264700863814e+00,2.635505665473933945e-01,6.814954517550201984e+00,7.399539697574664121e-02,4.180024885564310733e-01,6.093158281017199140e-01,4.122730358178187338e+00,3.377935838292356330e+00,1.506358725783671915e-01,6.769488098129630593e+00,5.187427077654046315e+00,2.250147856819167957e-01,5.318521012296288930e+00,5.282760522442565332e+00,3.800486683273752497e+00,7.052051900643632187e+00,9.423729376749032660e-01,9.291010791460818652e-02,6.527159516893875413e+00,5.425663756774038227e+00,6.686682479215289021e+00,3.246126668562872020e+00,7.064498521532469155e+00,3.631509360144964393e-01,4.174943138903904227e+00,9.932654393147414273e-01,5.321901422303445095e+00,5.344788536193901152e+00,1.546218224330137225e+00,2.448036993134728334e+00,2.372320997727102920e+00,6.930016457752019576e-02,4.607651242352777565e+00,1.001324036065560863e+00,3.122875810998895663e+00,4.972838810136717136e-01,3.639705432814716701e+00,3.721641696752665540e-01,9.504772928489203521e-01,5.363883533496611733e+00,4.069434755454359731e+00,1.304727559840924034e+00,5.435884454144805034e+00,4.609181564281421117e+00,8.328110904364805833e+00,4.307762112155986145e+00,4.486637692226683072e+00,3.234217745492315998e+00,6.320244033125510086e+00,8.123841744532123155e-01,4.941395855025467743e-01,6.317731109238064136e+00,7.691517443875957039e-01,4.738378150671387345e+00,5.186762884324499723e+00
3.346100792633028842e-01,6.458625047355609716e+00,6.138214857942275060e+00,6.336112694264634193e+00,1.708071054585377446e+00,5.509671887521807587e-01,5.742392066754510083e+00,1.867304385513482101e+00,6.557691011983111107e-01,5.041483279529609618e+00,2.018658425082086261e+00,6.693438188141168865e+00,5.794004284551500739e+00,3.885445063829238155e+00,2.412503990038615154e+00,1.319298376871183009e-01,1.046109120204921528e+00,5.196834711048740729e+00,6.503461029025999096e+00,3.377711966440025471e+00,4.957913496458040470e+00,4.505444457142794512e+00,8.047878233638119383e+00,3.993886632642965395e+00,9.020847347877164468e-01,6.269430103390787323e+00,4.243872118505857216e+00,1.167390477404625315e+00,9.041436405926742026e+00,7.586226249802686006e+00,3.425231384824520386e+00,1.896775638973383638e+00,5.985444710555102077e+00,6.599892961129013358e+00,6.690893094722944134e+00,6.101412359781600792e+00,5.169938458241613688e+00,8.475738265759204637e+00,1.063814181852223317e+00,5.617908404595843841e+00,9.730675505617939480e-01,3.315199436263558841e+00,2.469019073644489914e+00,1.898546305027093428e-01,6.917328630527110889e-01,1.188407155949016580e+00,6.500111736633764181e+00,6.191151710052595902e+00,9.491553721779797392e-01,2.130328201307540859e-02,3.550372360302681329e+00,6.546423695292383549e+00,8.320866256874552835e-01,4.308562830787153075e+00,4.615698993585265697e+00,6.381455446574798351e+00,4.378441683672163798e+00,1.124465069279223739e+00,7.616950504719273152e-01,6.531520314924028625e-01,5.502023955351098561e-01,7.431908506078307219e+00,1.527414712215928061e+00,3.800321012268875087e+00,2.112005854811504602e+00,2.620457154245058540e+00,4.627381879628560846e+00,4.750322374300894879e-01,4.551082223124453208e+00,1.716620166674929671e+00,1.175912631906064210e-01,4.275901751778940607e+00,5.337001843971798998e+00,5.442748851438800273e+00,1.100333444132279848e+00,5.412576470214885971e-01,5.268887977394815181e+00,5.924703394125279132e+00,6.587032719266510128e+00,1.461627825007306702e-01,6.991524092258011081e+00,7.139526189689517910e-01,5.296434132679923579e-01,7.915398753335161963e+00,3.436230251669197600e+00,2.160588310459141681e+00,1.924484377093459209e+00,1.149808617150644086e+00,3.408381338169142794e+00,4.911785443445572774e+00,3.016877554393444960e+00,4.700744241714739369e-01,3.883596436710004873e+00,1.259714018815222270e+00,4.552842780711356951e+00,4.156637475289850059e+00,3.616162211247569758e+00,2.400403897869610059e+00,3.101043147166275826e-01,5.477929150169100758e-01
3.670034775386350478e-01,3.824818387098926742e+00,3.537564112121686311e+00,7.118333326204048461e+00,7.087100402349029160e+00,2.945886017050194372e-01,2.577975231828566471e-03,9.080365866616866288e-01,5.205083128247527391e+00,3.539871311549347865e+00,1.449385163389159015e+00,4.559497255706611796e+00,7.207671853324026934e+00,6.299186878000728740e+00,5.341251993751988891e+00,5.718118630345304654e-01,6.377602035463835861e+00,1.324058483605324410e+00,5.329235995231144107e-01,5.038591086284215592e+00,6.865436375963511750e-01,1.477607037646032628e+00,6.672277439576234315e+00,1.559583837670476480e+00,4.813706557188482948e-01,5.943258463328644048e+00,9.916265411393787588e-04,1.486775862708619167e+00,2.289437142474913145e+00,4.367511553710619054e+00,1.995734849442271308e+00,4.662361013480588845e+00,5.882735127586316004e+00,2.445208073222668865e-01,4.394195477729970101e+00,7.915353285890736501e+00,3.389244373409596278e+00,7.425810058062903174e+00,1.463073249601417825e+00,2.125425611198047626e+00,4.570349792515437937e-02,1.051723073515469231e-01,5.089371542319383046e-01,6.667423429665020329e-01,4.346941541207963056e+00,2.082253810487875167e-01,1.628640094553988504e+00,1.836193286734679742e+00,6.292937019920243458e+00,7.969628504583112782e-01,1.709380569166192299e+00,1.257283636875720312e+00,8.640615533205854293e-01,8.908841460997309891e-01,6.445865679468294474e+00,3.865639987364157815e-01,6.638308825930557155e+00,2.132551251320537578e+00,4.448895896719891496e+00,6.500746716582720630e+00,9.716336360025948915e-01,5.774402650913317281e+00,6.458077564107680857e+00,6.554279935252021794e+00,1.140966188109124202e+00,6.285493843932990821e+00,2.835615949024066218e+00,6.190079657953753589e+00,6.806314978922465286e+00,1.685343683822493777e+00,6.544381755581736293e+00,1.399306111777025574e+00,1.094504383314915508e+00,1.723913367494354087e-01,2.107452764585934446e+00,1.221912011054830494e+00,4.522847402801176031e+00,4.204664571801058237e+00,6.508112164636074226e+00,3.352730640036779786e+00,6.301008008851893827e-01,2.077899550160567932e-01,2.705496198130648899e+00,1.410579885178767645e+00,1.398035908552347939e+00,1.128114744556397264e+00,3.815547923950953768e-01,1.145436899499759020e+00,4.189739875886859366e+00,7.679583571818767496e+00,7.595359796167527877e-01,5.776840741325981909e+00,4.141519333553757676e+00,8.061938010096318052e+00,5.737292454055780144e-01,7.516793020371799194e-01,2.641087172063445454e-01,8.664573465156003351e+00,6.512974978391071090e+00,2.028680989826245895e-01
1.042241379188577177e+00,3.581491699403463791e+00,6.437495288070659072e+00,2.215982732000369548e+00,8.368245420198027418e+00,1.293423743213780730e+00,4.230140183769612872e-01,1.940353028984742600e-01,5.230286696652124867e+00,7.811289142822617215e+00,6.032327825054403903e+00,4.434100083158218020e+00,4.827470514132578217e+00,6.582554248403079455e+00,7.192861878385142127e+00,1.812761971590933108e+00,7.315658609500367504e+00,5.878306493940944621e-01,5.612421973936019270e+00,6.503178888764296950e+00,1.028456669981547389e+00,6.298040910699660433e-01,4.134400427881701034e+00,7.729160472867570242e+00,4.792441330856930248e-01,3.818240906739224894e+00,5.473839187137403695e-01,6.563288196907209660e+00,8.811775189743471515e+00,7.970319357160374985e+00,4.222767612053153208e+00,6.711211562595075009e+00,1.780550034148767446e+00,1.757685715339516008e+00,1.092449565969828340e+00,1.555364294608476694e+00,1.213340823606478214e+00,2.610809446433021819e+00,4.925185036634380786e-01,7.294700595651321784e+00,1.264007403062519463e+00,4.759112669373134485e-01,7.362052299543114131e+00,3.020960421672307383e-01,1.023721746061836635e+00,4.054922849571237720e+00,2.298442570589910305e-01,5.190991475933635080e+00,6.469809095161531687e+00,2.169660145748204538e+00,8.220953720482768290e+00,9.259215144823484955e-02,1.788851162695434205e+00,6.469074844479312247e+00,6.026661641248684198e+00,1.117355642197160659e+00,6.119389661591911889e+00,7.102591675076030953e+00,1.985435122241896444e+00,5.685729220196952483e+00,2.631866533770033101e+00,1.644278908800880012e+00,4.337326515996794640e+00,5.425768014060414757e+00,6.159827571616291131e+00,1.991313951058125031e+00,4.782319541449345124e+00,1.428039614607772290e-01,8.161750585236898559e+00,5.517197110981282293e+00,5.870940345361959523e+00,2.408708063496575846e+00,7.714451174250491761e+00,6.444987096657217585e-01,6.591719362955843486e+00,6.279287891993881043e-01,6.884021116582093924e+00,1.342239639589872802e+00,5.489673363492803659e+00,2.347710971220522413e-01,5.956876584629109406e-01,4.104120469427019913e+00,7.338939552180849368e+00,2.268333374811859038e+00,1.010833929451283364e+00,7.175572532480489762e-02,6.174884258322661523e+00,9.471176401340584139e-01,5.583379125070362381e-01,1.386295670065667007e-01,1.221053425224313038e+00,5.906864154229600317e+00,7.416863975480445514e-01,1.296698720111042036e+00,1.712598931073805453e-02,2.226468423897122406e+00,4.027826143955790528e+00,9.580158861958305572e-01,5.243013354811449034e+00,3.713870065578393831e+00
1.117902440565228916e+00,1.488854093138041179e+00,3.083876219230630156e+00,1.340609489317734049e+00,2.554342063749465375e+00,3.499821239921012683e+00,5.364262740136556573e+00,6.244298395302460669e+00,4.259590161283367538e-01,2.441307132143170078e-01,1.066198185229197515e+00,1.382285609671211501e+00,1.797880394717235708e+00,8.277260256894162893e+00,3.662567559424119601e+00,4.205975793552246822e-01,4.632500268945857869e+00,1.768679309670807775e+00,5.028259759299075426e+00,9.662908648757865260e-01,8.935489066615491804e-01,8.993730092520671349e+00,5.434227504843454959e+00,2.054832806184188065e-01,5.783135695128452269e+00,1.113268384529109145e-02,4.587875646268090080e+00,1.944431748513857805e+00,2.400509278782610778e+00,5.763494706800688760e+00,4.663027334688845116e+00,4.221611444721217410e+00,8.473382552718190297e+00,6.080314170726701661e+00,4.166994626474638252e+00,8.459843688408238194e+00,7.573003873892274918e+00,1.755111190639599084e+00,1.077524359724253866e+00,4.697632697110382338e+00,5.636979099309533225e+00,1.118583932899172906e+00,2.222947092107644407e-01,7.384736655372319269e+00,1.814023198395452230e+00,1.827361700967040870e+00,5.871504286861250144e+00,4.951954436125587833e+00,3.800019267685603719e+00,1.393541644507378496e+00,5.587042293714119090e+00,4.812275082156183714e+00,9.790816211491146781e-01,6.691010860480028910e+00,6.584538150540947044e+00,1.060183648269299006e+00,6.516504772454393191e+00,6.294364048291750890e+00,7.424334525775706517e+00,4.992514477289140551e+00,6.338655444287180085e-01,5.811351762766592266e-02,7.725332569850897890e+00,4.923639445126607228e+00,1.929600419859875959e-01,7.502678449293262553e+00,4.628621464257696161e+00,2.504101632425208113e+00,6.618111502997863660e+00,5.263358220940199672e+00,6.670325844140968741e+00,1.779180538570028336e+00,6.188686470994337441e+00,4.024911278280612237e+00,5.805614884986531887e-01,4.164675287013457350e+00,8.061848401359320571e-01,5.448054447967252578e+00,6.019346849148543122e+00,6.801375727621147504e+00,1.120130640927802679e+00,8.165256076689997311e-01,5.467837118943111641e+00,5.400310520143916548e+00,8.872641540397749882e-01,5.236959035796112438e+00,1.761514396223394119e+00,3.201880773807722846e+00,5.586354888201911173e+00,1.699275294373099321e+00,5.193530515903990619e+00,7.186876335600542731e+00,2.474144860840878479e+00,1.914622547602679914e+00,9.223682843800313780e-01,6.212066627093889792e+00,6.000678740538528011e+00,1.293814312324324423e+00,6.387178735483970193e+00,4.706719114167035478e+00
4.310476366030228768e+00,4.426756900152343910e+00,6.557749520425617540e+00,1.859515763824868273e-01,1.391103286477103351e+00,7.516506021341376353e+00,5.473496964224545458e+00,3.707073692064772885e+00,4.370438663553734671e+00,7.597871363941293144e-01,4.562113288871676442e-01,4.217779252448162097e+00,7.250867194324039033e+00,2.221485243316667191e+00,3.852454744202319148e+00,5.418772303901257636e+00,8.920170872807922535e+00,7.411174852841218019e-01,3.772782465124861151e+00,7.539907842655914294e+00,7.877623049180520809e+00,3.138286707764621486e+00,5.538305298753600781e+00,1.332858547190869825e+00,5.609422201014899301e+00,4.822544056691421943e+00,1.690393456694964103e+00,1.399132010035986529e+00,6.890556471242355485e+00,1.284658022015423340e+00,1.497006933893906933e+00,6.257000368365740250e+00,9.175396708252648859e-01,4.659091381984754143e+00,5.342436047167410607e+00,7.303800340757562459e+00,7.620424469668446221e+00,4.806033179644926268e-01,5.956375284074246323e+00,5.649667548573310327e+00,5.115357457674734931e+00,1.425875897950807047e+00,3.888269829314922266e+00,5.056584715101211991e+00,4.435976044163164822e+00,4.368440456351960322e+00,3.566673605573912553e+00,6.563929597755787881e+00,5.496102104339971817e+00,6.459059766587656348e+00,4.213467954696549889e+00,4.707909541986767366e+00,8.647726237998447640e-01,1.297616973604452939e-01,6.024006597096914106e+00,1.301907768711853430e+00,1.014822457128375932e-01,4.621671238632857559e+00,1.398299954534321543e+00,4.041638948910842188e+00,5.570718790473980775e+00,4.025412599848027462e+00,4.131453793109229444e+00,1.885886153878036708e+00,1.965192562600009962e+00,5.872052505694863811e+00,6.673379245861798204e+00,7.161987702635721931e+00,4.749416772356656047e+00,4.210892566343801491e+00,1.741498264641072602e-02,1.422210480568899316e+00,6.079830242721383504e-01,3.397103376182807999e+00,2.167925046953049772e-01,2.498854056431298432e+00,3.427795915471246957e+00,1.545702664015429439e+00,6.586942478522221478e+00,7.043955160063672949e+00,3.575788738401677769e+00,5.547221165915669161e+00,6.419778848514940961e+00,8.080662991940176454e+00,3.063308505861795261e+00,1.465271782399484302e+00,6.830865488385043705e+00,5.411809547658193331e+00,4.312165073803168269e+00,1.273546078639878898e+00,5.487573672432927374e+00,4.275957182647343036e-01,6.965987355565021133e+00,3.576416630658971751e-01,8.366777280018034446e+00,4.520949492921594093e+00,2.006766626845119639e+00,6.170172691519578478e+00,6.330160238151487206e+00,6.154419149539616996e+00
6.517201287625969286e+00,1.534031181528811683e+00,6.476144949138769924e+00,5.002416618133792348e+00,1.341312324288276514e+00,3.131035629852255031e+00,4.641919784860612630e+00,3.607675215296416660e+00,1.724739390843482711e+00,6.297775602578119525e+00,1.000136694947180160e-01,2.254352270616486464e+00,7.063867948348522496e+00,3.245842913283776277e-01,6.161256984930617575e-01,5.439803636734959369e+00,8.823922791773352259e+00,8.045869223689861016e-01,5.905313898658263838e+00,3.477843380275555507e+00,8.026933311656634373e+00,7.278323585510968030e+00,1.374432792536831593e+00,6.361592957066974918e-02,5.000607847533517614e+00,1.638148352378920203e+00,7.046045022720173634e+00,3.994373901158352336e+00,2.181260366695338515e+00,6.566811842109954611e+00,1.798234472029854203e+00,5.667635434774025427e+00,6.126033806513838442e+00,1.889864733766524418e+00,6.103778154174126058e+00,7.430291892225769246e+00,1.308543478828507745e+00,5.378999960139394076e+00,3.699928848775790868e-01,3.163504478481014015e+00,1.245757423952792209e+00,1.181152737665933206e+00,1.206484487583061593e-01,1.144078314705680999e-01,4.200707556139604115e+00,1.576837601573860326e+00,4.221258654676454114e+00,6.324335821455839834e+00,6.337689938033164161e-02,1.266006070545303785e+00,1.168126513480551854e-01,5.415207640950315593e+00,4.849392487189946088e+00,4.640557199878521999e+00,5.504860012273435466e+00,6.842403379214558878e-01,4.799997916678492516e+00,1.609851878161902672e+00,4.138970583224913513e-01,2.582793322055678686e+00,3.357745927501585292e+00,1.749523809361634985e-01,1.741566686577381340e+00,4.691829862038893850e+00,5.825877061710434290e+00,1.640196980088999057e+00,6.491287918440890259e+00,1.570076025238741124e+00,4.579432678344597107e+00,6.035692695179923462e+00,1.786605005924105649e+00,4.866247209800800277e+00,5.362633589141618806e+00,5.563734469223846624e+00,4.644310763384352114e+00,5.502011835189184019e+00,7.864509046930309166e-01,4.575991722056014233e+00,1.617369450307642564e+00,5.896461686161051929e+00,4.054245935162297698e+00,4.687200750203470712e-01,7.439019637171869093e+00,1.261330325115488371e+00,2.254593632515167201e-02,9.766137548648559985e+00,1.422703297450551574e-01,6.007677273504397952e+00,1.223503211739801033e+00,1.245132026836589745e+00,3.032647483612094685e+00,6.711272645757368593e+00,2.533274894870577665e+00,5.008192003016939786e+00,5.155075414395637878e-03,5.497141374983643969e-01,1.870824012413558668e+00,8.899563033262141154e-01,5.431088700032344896e+00,6.615489111451812398e+00
7.027282157263067042e+00,1.392944426010659820e+00,1.499112419276309449e+00,2.027442847873086151e+00,6.046576762960762075e+00,5.045147775041609606e+00,7.097034048277468976e+00,3.497719227677510423e-01,4.981732623803617699e+00,4.374225894966355277e+00,6.757803231989377046e+00,6.778482967426677774e-01,5.247300628041143611e+00,8.032383047007233046e+00,5.300904308304313695e+00,1.268209106884246040e+00,1.951635198223145018e-02,3.044750592958747060e+00,1.960544469628783260e-01,2.567383828240174637e+00,6.617116514908110148e-01,6.059573068909928750e+00,9.215533855381852213e-02,5.716343574194460153e+00,8.439086791049669856e+00,1.477703270723703888e+00,4.195309186468343832e+00,1.494316742572446177e+00,8.208029066644638050e+00,6.656565649952535857e+00,6.914761793154089453e+00,5.099560170125420733e+00,5.344959722152128556e+00,8.830825033724631901e-01,1.965399907044966810e+00,6.722580856899269541e+00,6.274511526236534742e-01,2.180552333815627186e+00,9.846489668041255028e-01,6.004117669384040568e+00,1.696938337940779196e+00,1.144189029612837416e+00,9.137107506855671746e-01,1.832682113047277017e-01,7.934924494529485006e-01,5.293056600513810217e-01,1.524130195943945054e+00,2.041242251355794846e-01,2.198180261940398061e+00,7.384197637348975718e+00,7.507540626969330333e+00,1.654100046306427707e+00,1.954597986782855124e+00,2.024640949136532697e+00,6.743427276215928856e+00,2.365662980177940078e+00,4.881297082210716010e-01,2.275704159569976071e+00,7.388409536491373331e+00,6.035316866027615745e+00,2.147392042570501758e-01,2.289759724866989199e+00,7.993277371635706174e+00,2.084443482983434404e+00,1.372053505106218818e+00,1.370975906408004708e+00,3.161102362668017918e+00,6.174727558149927908e+00,6.318729338022497366e-01,3.699971432670700278e+00,1.369921000689471979e+00,2.985231365636670242e-01,2.498860855781721568e+00,1.888383070591031831e+00,6.042479388873642776e+00,1.449819227607825223e+00,4.796075274721475878e+00,2.395887117854647030e+00,6.215236808952139036e+00,1.565669211483328827e+00,3.163991591859856012e-01,6.548622314973107095e+00,5.759754476114849808e+00,6.576610976354245075e+00,1.552553053989325083e-01,1.977968976081474484e+00,2.039677145385522472e+00,3.041716285824128008e+00,9.836520310741139195e-01,1.403564964752857636e+00,1.287494773976549212e+00,5.438066065932975590e+00,1.230032001776057982e-01,1.892376696884667808e+00,1.311819805006351647e+00,1.910727650956293155e-01,3.326978075476766605e+00,9.499728140851126934e-01,1.390136791661748639e+00,3.169779687836615345e+00
4.626983220578255285e+00,2.348086335849108863e+00,1.671125792609999383e+00,5.220942671876727559e+00,3.092451458820110410e+00,6.558935771191517716e+00,2.076231324919186605e-02,5.810764227635318413e+00,4.207129320188686350e+00,5.676026145464405204e+00,4.117497246233248198e+00,1.358208724052814009e+00,4.805081135530587133e+00,7.646232485411049495e+00,3.564382212624310764e+00,3.176533391564724251e-01,6.355530752256522753e+00,1.417489669893866600e-01,6.365616623571468402e-02,1.094564736776073577e+00,4.063160335789994804e+00,7.329939670427792819e+00,2.739772461541712723e+00,5.711337529837980043e+00,1.622595071409542733e-01,6.027093113562328242e+00,1.756403730875225833e+00,6.460965739426126397e+00,9.487872446335179344e-01,6.313415376937546064e+00,1.314487885148157176e+00,9.191131017641390955e+00,1.750581744247876603e+00,7.212311617610192904e+00,2.055967235073377974e+00,7.172441191474538513e+00,1.252307383479428493e+00,9.777767653433888650e-02,7.670894251908372041e+00,5.052858938576169301e+00,6.309324876491116285e+00,5.633649761448788595e+00,4.096496247761433063e-01,2.624125229298335249e+00,8.507289201156142511e+00,1.214460003448618597e-01,6.321352121414184566e+00,6.054541535811306829e+00,1.385860231212104221e+00,1.843904227252290973e-02,7.103775762299937568e+00,5.131603009043531394e+00,3.561507800556317438e+00,1.791020501499719586e+00,2.347706463911458652e-01,1.205865463033443552e+00,3.259395821076173760e+00,7.441416412542100289e+00,2.670625403444165435e+00,6.742523457287950883e+00,5.188315793844303414e+00,2.439212720363057585e-01,5.573422955993478922e+00,3.758036494446426179e+00,4.977330306794899073e+00,5.441921055201377477e-01,3.766294258254956340e-01,5.276551138673258201e+00,1.872738932237034470e+00,5.061375613970554355e+00,2.514752854007088700e+00,1.715999192238146787e+00,6.090547178196104916e+00,4.626326010746375950e+00,1.030450012931423798e+00,5.519194768948422869e+00,7.469809938589526688e+00,9.612123611011555990e-01,4.778187476970973124e-01,4.082291332319601729e+00,6.491076205537834376e+00,1.260367220386055864e+00,3.151801291840681252e+00,9.596950796258708616e-01,5.802225596157570831e-01,6.193915014206070602e+00,5.553834692273120766e+00,3.429914056195522143e-01,4.999262525566461335e+00,6.307825806737354490e+00,3.600913085257857471e-01,4.545045965489134865e+00,3.060340434284094968e+00,6.628983503762084784e-01,7.764405713764266359e-01,3.195347900834065502e+00,4.035511035209354169e+00,9.304604952875288326e-01,5.862651457030596536e-01,3.519086430728019188e+00
2.038164619997487215e+00,8.523409090982340786e+00,2.544366836927138831e-01,4.135097266374852865e+00,1.115732921529651200e+00,6.432955164181271002e+00,2.811461217767104337e+00,4.655851280643714674e+00,4.994960178039766774e+00,4.100174826159733499e+00,4.354575019108985146e+00,1.371230056757267057e+00,6.741144124156005502e-01,5.315688031478252640e+00,1.600509059272080536e+00,4.486511026702550975e-01,5.466516424921673334e+00,3.200811412315228477e+00,2.362110395341505242e+00,6.877129106632171585e+00,1.995967273457742719e-01,7.330952336721747287e+00,1.058766592645996818e+00,5.074489071926227446e+00,5.595687188377884702e+00,4.526004388821615265e+00,4.836871625686945286e+00,5.791285026266339564e+00,6.422164535845269029e+00,5.379176725629317701e+00,6.298691784647647118e+00,1.930500083720292359e+00,6.599048042353126142e+00,1.019571365904186067e+00,8.499072596171630689e-02,6.623958336676569303e+00,5.493183540371126661e+00,9.861551322633029804e-01,5.120453230115717069e+00,4.313316113298116150e+00,5.171007595807105339e+00,7.625899930238169588e+00,1.054153072082633313e+00,1.582498106369820690e-01,9.438398096723844555e-01,8.002398127876851675e+00,5.824720281782688858e+00,6.115058068005901681e+00,6.179938600762239886e+00,1.449132423580764550e-01,6.494271207747404517e+00,3.695710371020575202e-01,5.545857222355207838e+00,5.742401339827426732e+00,5.189518982918215784e+00,9.531743391282865296e-02,7.018743339172511142e+00,5.157539124885807347e+00,3.714278631419506205e+00,6.243333949192003907e+00,6.980305642072256234e+00,4.214239265868113371e+00,9.334909537740979646e-01,5.678323295177005736e-01,8.356650003602758003e-01,5.667264166093016087e+00,1.450764298785641504e+00,5.771527626567777958e+00,6.441228178497305557e+00,4.097866012656906420e+00,2.203438066980263343e+00,1.648033330346658998e+00,5.360384100817627839e+00,6.081869754445447640e+00,6.497524416262587810e-01,1.097714914325561342e+00,4.008913203556963900e+00,6.034442981512839310e+00,5.136739277436218387e+00,4.395857317790970997e-01,7.147930893352421933e+00,3.043218098163823271e+00,6.578146171616695348e+00,6.201315153976352246e-01,6.977345854140441617e+00,4.959643953783448467e+00,1.605429250765877391e-01,4.469662933281335349e+00,5.317853395604743572e-01,1.358140559531075375e+00,5.433265488313486102e+00,1.457927752717463443e+00,8.072979314500614123e+00,6.989401317989547557e-01,5.919192655519811552e-02,5.267872098665970171e+00,1.085571525118089520e+00,2.391030530425083178e+00,7.416934913126042694e+00,1.098409988233235657e+00
5.079103619676891057e+00,1.506199573290895266e+00,1.967941602416561686e+00,8.692882787322514515e-01,1.419463122197972549e+00,5.219139390327083738e+00,5.065466175637321378e+00,7.246999379578355160e+00,7.238836207605764628e+00,1.475488752225925904e+00,4.280230364027021395e+00,4.456881812431517709e+00,5.133381941506685919e+00,2.084702523823320774e+00,3.481589229258799989e+00,3.641296191125243276e+00,5.652295740155634185e+00,3.921806844425770766e+00,5.026658264836777690e+00,5.596905239912672414e+00,6.071061043690820114e+00,6.784755426906061260e+00,1.313990844518283740e+00,6.060297568699715143e+00,2.196862600356672690e-01,4.046482868230599550e+00,1.049236607287895806e+00,3.577915465514989624e+00,5.196844197071082583e+00,3.591082760659777051e+00,6.319543103710946852e+00,5.282856914318291963e+00,4.547816670744216694e+00,1.190560242429005378e+00,9.671847805828466704e+00,4.469552000261185931e+00,9.687084577097331284e-01,9.833093705355798742e-01,5.030566616758617826e+00,5.579727226603008461e+00,4.474587249722773663e+00,3.964808145195159117e+00,5.161147761970682701e+00,7.964007997649109605e+00,4.812747654070742342e+00,6.138883807515214119e-01,2.672986473425160270e+00,6.436824773467411553e+00,8.954901435190073755e+00,8.634845223935390113e-01,1.012968850191590553e+00,5.403972678365251525e+00,1.118574823498093007e+00,4.347924669657124319e+00,6.527212877234488175e+00,6.390018144544527878e+00,7.290289540229078824e+00,4.763312960161644405e+00,1.341676731384939147e+00,7.713031086756751975e+00,4.909402557959476887e+00,1.395821574079035843e+00,5.279914549984501271e+00,6.820726077693424205e-01,9.735730337532988443e-02,4.440172063044471429e+00,3.170865340964030832e+00,6.998031804825609825e+00,8.246962972226703492e-01,1.532397212182810886e+00,5.166682714623245687e+00,3.215775845773427566e-01,4.375049572505115947e+00,6.665048397180697304e-01,3.706533301036431638e+00,4.266925952422498725e+00,1.799472651919475474e+00,4.451001675903961896e+00,4.697609753475177286e+00,6.738241312593833410e-01,5.652244528057337902e+00,5.516316548511530637e-01,1.232165178540680639e+00,6.096797422051397852e+00,6.394782458102657330e+00,6.433067549095229154e+00,9.209152696201259314e-01,1.995295037698718632e+00,5.930225740161931824e+00,6.087997394508986915e+00,1.301849731972252844e+00,5.366353724887513721e+00,1.877614422490979651e-01,5.467382384108418591e+00,6.406521910478673476e+00,8.974579211439909443e+00,4.759302433938650267e+00,7.703716592262702889e+00,5.239239702732512605e+00,1.239779814255387969e+00
8.142731162974488068e-01,3.335948814764693626e+00,9.147901427586596634e-01,2.790144379278438169e+00,4.085334145145666618e+00,4.776761151194005350e+00,5.110679291322973938e+00,1.663998003462503483e+00,6.824641842216718324e+00,1.001469517404063536e+00,3.212448306644530405e+00,2.057164938853288660e+00,1.389170028493662556e+00,7.637633891066817782e+00,1.282310731259399539e-01,6.846026614364278728e+00,4.836523971032948843e+00,1.027133955729424564e+00,7.559961612514141116e+00,1.785209111718230934e+00,1.268324420626821825e+00,4.676267944128113641e+00,4.647102378887507435e+00,5.108572226585700982e+00,7.320901015975212367e+00,4.278829772560832190e+00,1.532885081196627919e+00,4.399095739503640523e+00,1.672678881596012523e-02,6.146595714354790907e+00,5.523442601207603886e+00,5.998130242388978850e+00,1.693280164500144291e+00,1.262880251436435231e+00,1.222504382471696349e+00,4.508533023752944402e+00,1.169997939941593401e+00,4.833992695880528601e+00,8.954939512985472305e+00,6.713742176454183586e+00,1.503619103470942520e+00,1.415713165956276498e+00,5.332884526124441749e+00,2.197788671585498399e+00,6.206189186404591496e+00,7.152933823054752338e+00,2.287526138235327355e-01,7.046699348924521544e+00,2.393879943612060579e-01,1.679211283665197341e+00,5.878938225630396808e+00,6.236844575872533269e+00,5.481322271971794891e+00,5.160679074126895749e+00,5.190394686799515434e-01,2.351453913503302129e+00,6.792044682677225609e+00,2.325883406835890455e+00,4.161027710849650063e+00,1.689420674486391771e+00,1.031291460980337638e+00,1.420716917232641707e-01,1.232967831564603323e+00,1.034212048371806247e+00,2.532295979520946094e+00,9.023439170092245831e+00,8.595705587722688445e-01,1.105201371104759911e+00,4.547083034739527463e+00,2.002428514442469609e+00,7.900965034032275902e+00,6.816893923857653803e+00,9.098296218284812609e-01,7.266673668376539830e+00,5.027141350644404039e-02,6.141086608970564242e+00,1.672558033414836665e+00,5.371517329814091690e-01,1.864809663313377719e+00,1.216990839181960382e+00,4.052981321121304603e+00,1.920348964183539175e+00,3.043869814421832132e+00,5.002705208809501425e-01,1.637681423125818103e+00,5.939424334511348214e+00,1.966775245204087419e+00,7.601457131041088333e-01,6.054804830705675656e-01,5.001624931476192693e+00,5.527873720603626140e+00,2.611460702886037488e+00,5.725103440886247341e+00,6.449553283905153922e-01,3.663765027045186695e+00,6.238965010585930671e+00,1.543204667663406804e+00,4.051016942936891851e+00,1.693755993916888247e+00,2.160362321145736786e+00
5.611856471248917622e+00,8.173139202527355707e+00,1.884560611675553776e+00,7.314223529696032067e+00,1.888036427873183154e+00,7.872718242665045496e-01,6.670522327007820662e-01,5.058605257188203197e+00,6.265751511973716603e+00,1.120576214192488873e+00,1.794875017889230318e-02,4.623608656310931764e+00,3.294599738717243653e+00,1.276053357575864133e+00,5.404352829054161589e+00,6.797968600672808392e+00,5.992861517197472843e+00,5.393352130974291114e+00,6.080618242247275429e-01,4.265210624481216684e+00,4.349557289407787408e+00,6.415849862149400451e+00,3.550180656539207558e+00,6.561885130917799458e+00,5.085847377166611061e+00,4.910436675190791078e+00,3.042129591844994430e+00,4.478420100096392353e+00,1.244394932450568092e+00,2.486894236831735494e+00,1.962188766190901212e+00,2.060186479590419673e+00,5.894689872700340949e+00,3.803381082705497018e+00,6.677364687206645222e+00,4.788216284723668892e+00,7.653467686434694883e+00,5.485107632852119330e+00,5.087690364403280263e+00,6.338655545765100596e-01,3.616844889730844059e+00,4.596038789785104939e+00,1.113784362387601590e+00,2.417679553116132141e+00,4.968714599099270934e+00,7.080506238043835054e+00,3.940047584931337887e+00,8.217098815718065552e+00,4.836121424861914431e-01,7.220614549948245475e-01,6.856067930668187316e+00,1.822776062190327284e+00,2.526236103047394543e+00,3.440331608486020265e+00,3.035581983224669322e+00,6.000431190412773397e+00,5.228348384813128469e+00,6.077164087649332025e+00,4.695416187133596431e+00,9.610449414727203488e-01,7.311543972465928132e-01,6.008895523997283661e+00,7.451043545870463802e+00,4.633659837209930465e+00,1.030283861182854643e+00,3.911349379408657789e+00,5.812048602496481031e+00,5.491288709344425811e+00,6.131896077688491431e+00,7.067078224578362544e+00,6.651592197875054069e+00,7.257458288056303886e+00,7.743215282523266296e+00,4.221871052731117402e+00,7.184917172198778124e-01,9.287453489836161591e-02,6.660379926493359193e+00,1.476687627275525383e+00,2.025230067721508931e+00,6.227096164220595753e+00,5.873957987406882353e+00,5.916655071559215884e+00,3.128826504327773428e+00,2.999750090036941153e+00,7.128212839213519558e+00,3.174307639725997277e+00,4.418699729971860002e+00,5.939228202182129657e+00,6.896267628117261239e+00,4.202469888650336216e+00,4.157530548194170450e+00,4.059672178754083482e+00,3.607475279942931046e+00,5.319559028177017090e+00,7.428620028272037601e+00,5.892024157333963785e+00,1.697102099918280871e+00,4.264200609709651868e-01,6.213711779474523356e-01,4.147855688750112790e+00
2.176364111142383706e-01,1.532139882311162049e+00,5.432179247153532842e+00,4.928347739642763514e+00,3.899556399052289457e+00,1.643446894815412174e+00,7.643944415514933866e-01,8.194459156361353358e-01,1.010505550876706682e+00,7.526000691747102289e-01,7.514729397309082515e+00,2.347845579068231103e+00,5.517150185042902777e+00,2.571449299490859541e+00,1.500787829352552727e+00,2.946322018333642934e+00,1.176296898103790456e+00,1.810379122714137923e+00,4.890712754285028829e+00,5.952066251414902531e-01,1.447105520691044589e+00,3.848955996186893547e-01,4.100706105205919272e+00,4.070669208523471028e+00,5.229913775799879261e+00,8.972994047550533203e-01,1.005257162014995043e+00,4.749330621724635826e+00,1.704565966517570086e+00,3.856363103222858468e-01,2.470160285372205333e+00,5.826001451994437197e+00,1.702770289726661890e+00,1.951294507691553104e+00,6.275596867772553544e+00,1.264769400510390440e-01,1.767271461218475892e+00,5.542728511092422039e+00,4.638286556442224651e+00,5.282445524666585790e+00,1.473412739392459647e+00,4.438486636811098673e-01,4.351174496368609645e+00,4.795755478533910932e+00,5.562055069329952417e+00,1.776427110669641873e+00,7.824064659819452316e+00,5.740385799079116502e+00,5.094555588230983645e+00,6.486279202410536016e+00,6.003394261648075769e+00,5.115188928839270233e+00,6.855625996539988165e+00,6.007439231212843289e+00,7.640547446700027834e+00,5.231474683481004639e+00,8.686885492895761729e-01,6.197144505265245185e-01,3.192402328667947486e+00,5.102892835185484977e+00,7.919917799382986345e+00,1.235156660658407457e+00,5.872285438478490605e-01,7.443049522363804016e+00,3.171401287000519709e+00,1.571673035099755644e+00,3.212632779044453102e-01,4.943581194528610112e+00,8.518862545651309404e+00,1.675630500474254436e+00,5.253547174013231125e-01,1.331735224503067805e+00,6.799119756098759293e-02,5.684614691016366628e+00,4.509480493452785232e+00,1.252119105551631417e+00,8.524280710268477002e-01,4.398597912484955685e+00,3.637271713337114853e+00,3.768419224724898875e+00,1.152895321711871368e+00,1.824487933237587844e+00,1.381022179123474913e+00,8.008098680237225153e+00,3.075223538757086761e+00,3.111535461278384096e-01,4.710211753023084924e+00,1.062473979041778982e+00,9.450370219478221312e-01,1.989908843879423461e+00,6.610439589741950783e+00,1.050036295543221421e+00,6.629682021366255285e+00,5.398318021657916965e+00,6.514167232608371050e-01,1.352644006341091609e-01,5.069927907289439872e+00,2.343924441711242590e-02,6.167851608436894395e+00,1.136610296943677101e+00
1.406297465866278129e+00,9.761949060091033026e-01,5.794533294366051024e-01,3.122934331968142629e+00,5.294823091708022567e+00,1.925913364402068284e+00,7.050184909619092721e+00,1.165509877977036535e+00,1.588875614268997705e+00,7.815135486106380647e+00,1.619514922282561109e-02,5.799999309401012937e+00,1.197917997903251486e+00,4.444173383213987805e+00,8.500931970227587620e-01,1.896754861776093204e+00,1.704836106190207756e+00,7.536275076589729949e+00,5.146338033604791917e+00,7.274829929704903719e+00,2.429013275684853923e+00,6.991230869361922728e+00,8.498994591654362551e+00,7.083641493165567127e+00,4.056108318154063141e+00,7.065547771954923562e+00,5.564875830456882611e+00,4.142107475597919475e+00,1.992904128473400149e+00,2.073431913972052953e+00,2.046767521832544290e+00,3.030213038202941522e+00,1.862345558564348913e-01,8.746441172735337499e-01,1.521619520476291676e+00,4.394715602504128071e+00,2.179401965055234314e+00,6.641860897741729275e+00,6.828581528765744757e+00,5.056891342290424696e+00,1.511784061667980961e+00,9.223757127019085456e-01,6.969496366912086849e+00,2.355445189812399143e+00,8.316590588226685510e-01,1.821061073854296497e+00,7.383921518745184542e+00,7.710095953902201593e+00,4.162930449966115276e+00,5.410239987963393338e-01,6.781420317593253699e+00,3.199361817247900142e+00,3.820450501149527334e+00,3.663465798622491665e-01,6.362339549335132460e+00,5.302621222168713899e+00,7.766183405312881982e-01,4.416385310829841204e-01,1.112430912580671505e+00,1.821502474801518501e+00,4.399211638415686743e+00,9.306602088437267994e-01,3.560957987272416858e+00,6.055110792260620656e-02,9.673062254457431841e-02,1.168866055911739199e+00,4.216046594511770884e-01,1.674632237168119264e+00,2.514205609957359755e+00,8.040618288162317384e+00,2.397660858143627838e+00,2.001965162811197851e-01,4.819245322660921538e+00,2.688650303231399086e+00,1.388600810948632969e+00,6.243096187341080849e+00,8.057885823203113640e-01,4.088463920566313803e+00,7.278523954348183445e+00,7.942019948078499425e+00,5.223996139103874725e+00,7.732922024934122618e+00,1.992113219469734631e+00,3.694241885132624859e+00,6.195798079309190243e+00,8.136952412905522181e+00,2.738983696433320514e+00,5.963180146365468559e+00,4.614620656611301719e+00,3.142111663043358316e+00,3.751620234510362639e+00,9.283166808993984498e-01,1.457738902938340519e+00,9.647472041314728575e-01,4.823314607299020729e+00,4.632770129230904033e+00,6.753459822319487493e-01,9.043760227080674952e-01,6.845227173105565832e+00,7.863239921148530431e-01
1.754401400766043562e+00,9.610103397971094807e-01,1.185959158802128988e-01,1.077992301176738499e+00,1.375507925650685692e+00,4.978608290821354920e+00,3.568135515735150420e+00,5.397035027425506115e+00,4.394964950021673644e-02,7.974419619021024808e-01,4.986476655486280052e+00,4.479747859873029370e+00,1.672110977588797898e+00,5.889765436504400542e-01,1.140698602937633588e+00,7.234591490243220679e-01,2.706594445394325810e+00,1.466816481065137401e-01,4.204212789753885460e+00,5.139831285768996949e+00,4.240213847741514108e+00,6.272752222819312884e+00,3.915547291712602185e-01,4.277832233624979885e+00,7.216254509077189017e-01,8.105797751693248898e+00,5.107372708748768808e+00,5.615271467198934552e-02,6.741121170345008018e+00,4.895785482392832400e+00,6.009032246701562663e+00,1.718316844304378588e+00,6.964350578149224091e+00,5.363358298995706264e+00,6.126929256157900738e+00,5.863091666699491000e+00,9.044013640684365640e+00,8.235045609554248358e+00,6.278054828890507366e+00,1.207452670170961362e+00,3.968916181075200278e+00,9.557873732250918852e-01,2.279300147406932098e+00,3.041165389480605885e+00,1.009008714500119641e+00,5.469263482493549766e+00,5.317109822094937321e+00,6.182554435202194387e-01,7.696296389426204421e+00,6.456716928927146437e-01,1.620537590611664136e+00,1.381829302803751158e+00,1.440399851363438177e+00,6.759852375092032517e+00,7.063979612795971974e-01,6.426893529696911855e+00,5.257671281811051145e+00,5.752419297775572815e-01,5.830304729224734750e+00,4.778935939706211222e+00,7.153067355506388836e+00,1.217138448881232682e+00,1.955642933177909271e+00,7.960495491651317757e+00,4.448841263537135493e-01,5.748232313860516918e+00,1.852973071670567240e+00,4.807180088379950256e+00,8.720645051880161702e+00,8.735956029971758685e-01,5.745946326005604288e-01,1.718732370795391429e+00,4.321249000382508143e+00,5.647163667172101498e-01,4.925636291505620434e+00,5.198151835829908585e+00,6.693608341393189498e+00,5.692341527429747750e+00,3.535581492818285820e+00,5.370014033147896271e-01,1.117078590980052022e+00,3.837903189585745167e+00,5.269618041543205678e+00,5.729179502149859715e+00,2.746038173592560305e+00,6.031197066396904560e+00,3.468467422156099822e+00,2.175159910758712734e+00,6.350080540970564513e+00,1.024820796338904438e-01,1.069642104596178367e+00,6.649731172278126046e+00,2.220458719407825132e-01,8.192296334238895028e+00,1.262079372116595710e+00,4.901569701125528589e+00,7.336685830225876614e+00,1.421784286810890752e+00,1.412666075782717634e+00,2.134052837079757348e-01
6.353312953049637279e+00,5.191839338857102248e+00,1.045455119834502566e+00,8.702570383308834145e-01,2.461276494428332740e+00,6.747437579156800869e-01,2.302894236168222974e+00,8.654365828080104350e+00,5.534349218449349905e+00,3.381392024619558345e-01,6.261410136109190283e+00,6.581298071312686737e-01,5.417808805357184898e-01,8.084407040787240817e+00,7.751636081038486559e+00,6.039890213688538623e+00,6.341261720932570789e+00,1.466185988161027520e+00,5.675783773185304248e+00,5.366097529924918952e+00,1.234259907415942603e+00,1.046198432145017732e+00,5.603455106153176768e-02,1.875408289477495050e+00,5.767907060584791523e+00,1.326353977245712024e+00,6.294316188505921339e+00,7.525696833914430783e+00,5.130089498395415504e+00,7.600766835756967765e+00,2.476621038734988289e+00,6.536027411580249691e+00,6.011325208465020609e+00,2.745479424252737388e+00,5.700765725251729421e+00,4.074437443933595304e+00,1.595303813092342926e+00,7.105762224037286856e+00,2.242219510177915875e+00,1.550911388521046597e+00,5.380249108709703521e+00,5.247369294417285168e+00,6.077527742649445841e+00,1.573206971664644627e+00,9.357364651046399251e-01,1.638182712912447769e+00,2.078398674388652445e+00,8.191913102398713065e+00,5.388103954143640628e+00,4.336542692062377302e-01,6.108102793986503798e+00,4.724284290720241586e+00,5.271454225056173115e+00,7.607468443780704970e-01,2.255967150364125651e+00,4.585716756009988515e+00,6.235469439378891199e-01,8.392523810950722307e+00,2.520767034207389568e+00,4.875912648748725431e+00,1.058317194012149631e+00,1.261650925431001546e+00,7.361787596726646399e+00,3.360448851782335655e+00,6.802253957356757752e+00,4.776928170751224556e+00,6.616254565046375546e+00,5.004771203723178630e+00,5.107028340958224888e+00,3.026862663314154878e-01,7.211930481242519342e+00,1.246158432251132764e+00,2.643018464095383990e+00,7.277523183326339407e+00,6.599076254894868043e+00,5.954970182562722147e-01,4.095256181668100126e+00,5.267860052874975274e+00,3.535014761473683764e-01,5.187557624082548280e+00,7.108164939591731901e+00,3.447430763052548031e+00,1.101955698620574742e+00,2.671315601249793392e+00,4.082119917881120941e+00,2.192652803570561693e-01,2.080759904746898314e-02,1.212916815863877895e+00,1.823397608622342680e+00,1.284801567376356424e+00,1.955572467714523865e+00,1.564407916994663417e-01,6.219411050302190436e-01,4.569776219394183769e+00,5.018101951214084977e+00,1.746404879422813083e+00,1.385990874650053772e+00,1.420805893147669918e+00,7.420452374111119909e+00,5.920430885478777938e+00
6.596864165947963876e+00,6.515970035822450157e+00,2.127156567836108181e-01,6.396286906204904366e-01,8.011280061732790614e+00,2.256976318146897587e+00,6.405048173108099263e+00,8.852530676557712752e-02,7.005477840643154153e+00,5.005379782678295975e+00,1.557990610943257304e+00,5.038514500777727001e+00,4.347741050817323094e-01,2.079634898548698985e-01,6.090269828782656880e+00,5.969803196256473043e+00,6.463297036119389105e+00,8.860275624927574256e+00,1.927131486364328516e-01,2.074279072413593106e+00,2.646614096685806494e-01,2.779489442992590931e-01,6.203583730230703974e-01,2.248591948156275500e+00,9.551520307231697871e-02,3.065720145401536811e+00,5.465604418856344182e+00,9.742390418900863658e-01,4.532912123862758769e+00,5.663755207196551567e+00,5.673733027388966121e+00,1.331324776344300354e-01,9.230924838842572200e+00,3.194498330293517041e-01,1.017528101233735605e+00,6.149041190173926141e-01,5.196791867853970182e+00,6.023966290239771482e+00,6.418765485871543719e-01,3.391638377065845145e+00,1.839546671433856861e+00,1.925211160531970167e+00,3.529422214261311197e+00,6.205984621475131302e-01,9.632656027984942693e-02,1.269131716884880356e+00,1.260773163222237425e+00,6.336407321857041808e+00,5.352665654852533983e+00,3.480469063102511917e+00,5.854201541577946699e+00,2.102986714806369228e+00,5.464395683948727545e+00,7.170175472219793456e+00,1.699078526159388813e+00,2.476971890435432755e+00,1.445383910727950472e+00,1.842611985746172909e+00,3.936420087271127466e-01,1.942386326417638642e+00,6.121242326691456626e+00,1.887769221448068802e+00,9.002235356224900231e-01,7.651676100878599840e+00,7.760105206839802428e+00,7.599460901134940549e+00,3.930568638035938811e+00,7.123624272720306294e+00,4.826713173481518737e+00,1.352405164248561942e+00,4.802944070456084402e-01,1.744001154628800787e+00,5.278114563524316516e+00,4.829886598290208610e+00,2.264648215392620401e+00,1.200901064040989619e+00,8.030773107934802368e+00,7.227946435588122220e+00,4.822814169035385845e+00,6.262615111252754829e+00,1.989085987522204890e+00,2.365861459405385059e-01,9.467267894218933666e-01,1.934343595483818401e+00,6.655817150939101978e+00,4.644491747651315450e+00,6.568618609057790714e+00,6.543230500832414975e+00,6.029131409260626739e+00,2.893344010764758778e+00,1.846787277478188827e+00,6.108145972753684205e+00,3.925343091016673114e-01,3.146158654302249058e+00,3.769836455211013959e+00,3.942431237927706000e-01,8.896142542990283175e+00,2.566353030621498554e+00,6.263911481475834542e+00,9.924447583729261169e-01
4.765905906872539788e+00,1.591523081338247492e+00,7.485514060140805448e+00,5.383278085742773555e+00,4.693929479190011911e+00,6.013477145523710377e+00,6.013139721971078266e+00,1.979568970296892605e+00,5.110895138170061802e-01,1.527236369494282986e+00,1.721926278231088681e+00,1.902472169739035435e+00,9.253167178582666352e-01,5.342582970352896865e+00,5.542238584315354544e+00,4.861094089462392631e+00,4.793296096414885188e-01,4.428694144269571531e+00,3.561049727322115110e+00,3.033164218740753704e+00,7.024519567842801848e+00,4.483458950854731562e+00,8.120723557617601784e-01,5.402720983828531942e+00,2.812647682396007820e-01,5.040508317637947933e+00,3.233868810379027625e+00,8.184041897413271371e+00,7.497933829291855368e+00,8.752871493823104032e+00,1.427178437830718405e+00,7.166953762974459519e-02,4.674858364165283220e+00,6.866826938910408629e-02,8.121322188867880598e+00,1.387313849376974328e-01,3.221302363232839028e+00,4.580327131336892066e+00,6.067105623281515037e+00,6.203221588539226339e+00,1.519337949743458482e+00,1.718948268191228701e+00,6.759841265937977184e+00,3.526025389017237721e+00,5.170161243775272197e+00,4.001130874622313982e+00,7.561322004448669531e-01,4.680149962342374792e-01,6.729511230451950432e+00,1.171868949074690747e+00,2.268094944435422811e+00,1.693015852489840212e+00,5.534837842264452412e+00,2.060573311637713179e+00,7.869563430573227603e-01,6.613082810891649288e+00,7.860246824136355670e+00,2.713417252487358988e-01,6.858565792401747352e+00,6.735468285021306123e+00,4.745748119317539704e+00,8.988967729471210033e-01,4.498872218939654610e-01,7.433073677497951337e+00,9.331257097155074565e-01,1.025579538918571787e+00,7.450532144379605759e-01,6.512442582623141796e+00,2.802930121115966067e+00,5.067120510966827140e+00,3.301373064979171268e+00,8.944405109165064482e-01,2.401120767872022554e-04,2.125551993629129832e+00,1.113287851016048879e+00,3.865579760780491370e+00,1.935759232103812399e+00,1.806539176532402369e+00,1.198142958472495412e+00,6.304795219125596262e+00,6.464374811469849824e+00,6.300035716647220951e+00,1.281389232231463282e+00,1.048321029851540853e+00,3.736702660813609356e+00,8.444459886894433609e+00,5.449262483627326237e-01,3.306148494769869384e+00,5.693206999333615403e-01,1.823755473111155601e+00,4.605296517081947094e+00,7.429145355373933945e-01,3.902663641114566762e+00,1.656528888842425662e-01,3.253639112377505249e+00,1.286488629918852489e+00,3.604793416990506039e+00,3.615133759390832147e+00,4.538484879693568175e+00,9.706791928632451105e-01
2.518693363653481399e+00,2.236017540649498647e-01,6.773411562681568299e+00,6.773225859156492668e+00,5.111835569637417365e+00,6.306641590527206631e+00,6.044683295063379980e+00,6.390970556547275194e+00,3.012424786356104889e-01,4.568735578015973076e+00,6.064184515262676101e+00,2.977721477106698433e-02,7.152629262535005417e+00,6.031846493430372824e+00,5.049731854335727910e+00,6.819199961748748429e+00,9.384706859651228417e-01,6.421101371610408393e+00,1.366591619418370041e+00,5.509924478618625443e+00,1.305050934115803418e+00,1.255031980086243060e+00,3.117295964617453841e+00,8.785367008604394456e-01,6.740897519614372779e-01,7.704775935963416700e+00,6.408471579818980857e+00,7.933285900930545864e+00,7.107656309452440979e+00,5.456776793738120190e+00,6.962739833617133556e+00,4.572689976738119277e+00,3.298301615006770326e+00,1.043908875207718578e-01,7.046937217969999168e+00,6.868841211892284804e+00,4.468625538773917327e+00,3.164306034794175826e+00,1.027462082694462042e+00,1.159052240055078675e+00,5.784691781285464796e-01,7.405920071358496060e+00,2.947412553905295773e+00,6.047647491603370895e+00,6.644737698479042720e+00,2.021771257791328047e+00,7.761061760378303198e+00,6.758198927365873132e+00,4.645555945489313387e+00,4.930801185133890208e+00,1.765440733787281280e-01,3.672670217631123002e+00,2.492574763962836393e+00,6.946883532889618351e+00,3.603529282584456261e+00,4.945498372542943777e+00,5.917220641515364754e+00,3.382997234298046330e-02,6.060103877416478824e+00,4.029311599263052379e+00,6.318409094718959729e-01,7.295968420038178692e+00,5.510219525369961069e+00,6.808371326690002334e+00,5.209519454079084788e+00,7.142450655527452952e+00,7.510374769737186540e+00,3.269919056310419680e+00,6.840736127293514102e+00,4.737432272904790409e+00,7.473162828940226987e+00,3.626130845445515449e-01,3.335508492536102043e+00,6.529538045223237219e+00,7.411144131548642378e+00,6.100379607888862132e+00,5.999637609503582603e+00,3.461537669580543319e-01,1.401179748220917620e+00,6.591583665772174250e+00,1.622913008251376077e+00,2.515915352904014579e-01,1.848692647732059768e+00,4.118388312023136599e+00,6.465690631189292326e+00,4.471626310414141159e+00,4.957397161022718102e+00,7.885986726825242599e+00,7.292342603269515777e+00,5.183418776241619952e+00,2.089766450040721146e+00,1.439192365563246589e+00,6.059582918773773752e-01,3.067734044965903628e+00,5.377890553251376105e+00,1.300489218459327967e+00,8.865402886389484038e-02,7.111637002083859294e-01,1.731015714067641653e+00,6.965347554828466237e+00
1.454571865883656390e+00,1.182200897378707927e+00,6.286939427907550559e+00,7.213243603908642498e+00,3.598596716326816214e+00,2.122837718406102248e+00,3.200200331668473730e+00,7.756497727124433972e-01,6.548483918622793887e+00,5.895947166865612488e+00,4.084887982303330389e+00,3.140902516855945681e-01,5.254185758595842692e+00,3.746016052684899122e+00,6.513388478222248423e-01,5.554032006998101068e+00,6.715950091383519727e+00,7.093071056057074220e-01,3.807811507150321795e+00,6.119418816437539599e-01,1.076242377906516667e+00,6.165722063030028011e+00,2.221934359687746330e+00,1.785724600703556764e+00,1.454104788466800136e+00,4.719010874783561960e+00,1.036471574645382310e+00,1.599060778842118502e+00,7.849064457811607554e+00,4.556761844678351991e+00,4.130639568025435970e+00,6.222080778760364694e+00,6.590619214134174619e-03,1.024716957046110544e+00,3.861479339059956217e+00,1.126199124149109831e+00,6.933783157978753442e-01,9.813758314662277549e-01,3.519829194115827953e+00,4.705752354665358794e+00,6.067510188996898535e-01,4.135629290896829513e-01,6.484769724043356831e+00,4.181703057342157415e+00,4.430358416053396198e+00,7.122194450025043366e-03,1.315478782196821683e-02,6.340393092872934844e+00,9.018127322265463874e+00,6.022733149856878132e-01,1.646653790832879327e+00,3.974465330505960736e+00,4.338628236138860395e+00,2.003683874994540481e+00,5.591334455736955533e+00,6.852023923668848493e-01,6.179912212023468410e-01,7.019808489821008024e+00,5.394050872667426333e+00,5.805133876942396576e-01,6.417621760346474247e+00,8.548553275699205756e+00,4.436926049139056083e+00,1.670519632331743720e+00,6.827617285777224154e+00,5.307611714970182248e+00,3.009175241853609961e+00,3.813604135687459262e+00,8.124977667638006995e-01,9.368868307986581101e+00,5.009757158198172355e+00,7.356560770624144041e+00,8.417255606325486639e-01,5.948803388275797133e+00,6.171830238122815615e+00,1.325919542416915231e+00,6.787188341767450339e+00,5.520198835240664792e+00,9.486347964497776619e-02,4.875640532641612346e+00,6.617765753503357828e+00,6.302802720498544176e+00,8.181984210718069583e-01,7.441607925507076615e-02,2.348264454725143224e+00,5.508340173551244945e+00,4.916462101949266916e+00,5.622407124345602192e+00,3.405287938614496746e+00,4.454424506552415508e+00,6.589684338507427519e+00,6.439355672998017255e+00,9.117249878631312754e+00,1.852861130722609939e+00,1.384790141202079106e+00,4.017942902414153750e+00,5.892129853411893770e+00,5.882233154449953538e+00,5.378229267385078671e+00,1.038454631643255910e+00
6.106128585072595705e+00,3.838648044601466580e+00,5.865051197157602481e+00,1.162709545888963136e+00,6.981147738454285268e-02,3.286259547370963263e-01,6.156678029012429221e+00,1.190170656418049866e+00,8.853813273837491948e-01,1.403754301081352462e+00,9.717999450016934215e-01,4.209045188032126683e-01,2.148364417744512700e-01,6.072514088782792641e+00,5.651296622554776050e+00,1.902992858632845952e-01,1.480202625904371683e+00,5.390746433915635905e+00,6.887309488393120738e+00,4.440762890200962154e-01,7.843911496126069194e-01,4.180455942661625457e+00,2.784798373312047381e-01,7.047820170478746871e-01,2.928469267963698108e+00,3.357987392490561218e-01,5.492267819776576410e+00,5.181011002659867692e+00,3.322967565865083017e+00,5.322046596812407770e+00,4.881236745563736434e+00,4.194334423699323189e+00,2.897521033736116802e-01,1.198507937995141770e+00,3.059813180266294230e-01,2.007156727312830569e+00,1.128615539656868449e+00,7.794467275437627407e+00,1.998381939169865840e+00,6.966064235155748463e+00,1.231988967543626856e+00,6.660298129578496873e-01,2.927845297146891568e-02,2.142435587619686999e+00,1.066240753315858658e+00,6.644607925084697442e+00,6.250061248636373801e-02,2.318285553495273099e+00,4.361300027080261543e+00,2.119560931198669174e+00,2.701242442355708651e+00,4.416768451895816128e+00,6.183243031864970263e+00,1.666929243908517932e+00,4.695699821897811432e+00,3.637414138379868600e-01,4.204029964338111824e+00,7.200330312581443293e-01,5.223228210504618829e+00,5.598817885421615292e-01,7.625930876350719423e-01,7.145473531311100857e+00,5.074489199107558690e+00,8.666362405441431216e-01,7.592288369501138945e+00,2.612938345490444902e+00,3.542984481944851938e-01,6.386075320526425791e+00,2.964052095520063546e+00,8.415996634755360972e+00,5.715168416816121422e+00,7.577572938036293948e+00,1.587445895684397978e+00,6.389766150863895433e+00,5.336583301850587269e+00,8.716101290900784004e-01,4.397396185986044870e+00,5.997232559191221668e+00,1.124823212743806700e+00,9.855556945772119271e-01,5.572767807113322647e+00,6.778122962078869662e-02,5.034194993777530769e+00,1.764501256151381536e+00,3.043179438886210342e+00,6.327293249070949699e+00,1.826540385905845554e+00,2.338602879660103717e+00,8.708326654079284745e-01,1.800521238924686518e+00,1.119486073990389796e+00,3.508077427938539383e+00,1.291209080147893040e+00,1.113447508113901918e+00,7.330013008069460767e+00,6.091991465945078232e+00,2.762800100940405290e+00,4.912089171715018132e+00,5.752085638446824412e-01,3.206694468458266556e-01
1.908888301857869063e+00,4.515538955477958361e+00,7.077999684367904720e+00,5.585812810293230513e+00,4.917963384210843891e+00,1.177818249775441917e+00,5.248710782030917343e+00,4.424579776050844293e-01,5.120911674587673268e+00,3.672699234863251672e+00,5.035180890814108245e-01,1.610862759863318505e+00,2.449428012088136208e-01,4.429592032887850195e+00,8.584805132890513946e-01,1.902119666217869653e-01,7.539609570834062247e+00,5.205146320318302600e+00,2.581580373401022754e+00,1.170421569959672947e+00,3.925607562893310476e+00,4.213730711538758555e+00,1.062422248299006666e+00,5.636047684137428959e+00,1.647887635009641638e+00,7.557765151342772825e+00,1.378090600788042241e+00,6.949062989829744019e-01,4.323776132322707966e+00,7.589169152317121192e-02,4.000300815387547004e+00,6.015382989388569079e+00,3.668626990374714403e+00,8.017748435265573903e+00,6.671430002618287780e+00,3.704306047819789782e+00,2.853088641348001886e+00,3.629608360127759781e+00,6.326187743128224739e+00,6.669687827806161096e-01,1.332862390684927734e+00,4.586224093408816316e+00,1.165185056168491773e+00,2.337320757225591628e-01,1.418930270839907637e-01,4.318605234107701918e+00,7.239299148354195745e-01,4.526887635485696837e-01,1.403662071708644765e+00,1.636371250502862917e+00,6.203192828239031620e+00,2.139053518961212763e+00,9.719802464812843379e-01,2.409911478787479577e+00,5.354933572006727260e+00,5.088664106105424523e+00,5.023793660790729199e+00,6.526891620368651559e+00,2.259877692117682635e+00,2.226213814545653369e-01,1.167577426658308326e-01,1.835719582280095352e-01,1.475580418532140836e-01,7.439582532353496980e+00,5.720053269568754484e-01,5.887541753418201296e+00,1.332860779670156814e+00,3.727409843223528974e+00,6.565821244013516633e+00,1.051973344919454600e+00,4.363514990231523782e+00,3.912735602184457262e-01,4.226774539906545947e+00,3.173141497576201786e+00,1.969510158413502854e+00,6.642093856914307315e-01,3.681056210648607774e-01,1.588788775455790780e+00,1.220491041642448593e+00,1.168446725235395167e+00,1.159658440041533289e+00,8.225116360418706307e+00,1.317121395956780905e+00,9.578855965714434539e-01,3.847908490298203033e-01,5.330089874612313317e+00,2.508295057824146745e+00,1.026603488628797800e+00,1.057909335786344496e-02,4.149427952113580176e+00,5.908672940622643477e-01,3.772626549794555917e+00,1.040655798156315370e+00,4.889258813918443414e-01,8.054351594196065278e-01,2.755282549755878607e-01,4.183024060760764051e+00,4.831728292185683671e+00,1.112345456022456824e+00,1.067453700425271768e+00
7.241594000065723513e+00,6.362673860117272540e+00,8.652428320851750954e+00,8.351118606892445895e-01,6.479657058201537811e-02,6.494187890030801213e+00,7.096166296439230692e+00,7.538023660907301249e+00,1.852775795814367132e+00,4.673702363291203810e+00,1.413422913912107060e+00,6.003475805698954559e+00,9.116494689734921941e-02,6.912512106389055333e+00,3.526109116726661163e+00,3.343020995939991025e+00,9.701596726060730536e-01,5.207247499150527759e+00,5.059529364829568721e+00,6.338338169168182823e+00,6.072113284689103274e+00,3.068742031146339144e+00,3.425965149435339363e+00,6.236981236206163182e+00,8.555956285099508563e-01,6.399663641601573083e+00,7.847403226057889647e+00,6.359003513265371055e+00,2.584168813989204949e-01,8.237097404576457782e-01,5.064477353874970333e+00,7.006705008629997344e+00,1.112724028402135801e+00,4.872412449310060900e+00,3.133911608382788039e+00,8.139816550257865657e-01,4.090672160711195993e+00,3.901735990532201548e+00,7.253875608270493380e+00,9.786667300150386772e-02,3.472592864196593521e+00,2.790995719902433780e-02,3.517047544865514297e+00,7.667411117555548827e+00,6.612927537127967215e-01,6.216776939585726858e+00,8.612242956152091011e+00,6.443844956138189417e+00,6.546300462123538111e+00,7.784713433089484269e+00,1.902819143137173930e+00,4.279207174955508286e+00,5.382375724306653453e+00,6.009700068771788750e+00,1.930896588621063170e+00,5.178569855148555945e+00,9.754058285700263342e-01,4.436738874466450433e+00,4.707766555377473239e+00,4.303405019250654107e+00,3.982056456014308132e+00,2.175776385547754987e+00,4.853452103032244169e-01,3.930819440504705664e+00,1.442870458903365183e+00,5.342617571736610671e+00,7.010501196854677097e+00,1.942021591179289297e+00,3.612349467147412341e+00,5.814697154547018521e+00,5.570932680803718284e+00,8.348730933448962332e+00,2.003150138828122984e+00,6.097213197088900749e+00,9.345275125139484995e-02,1.084999844348600639e+00,4.793167425467554033e+00,5.392737645488042020e+00,6.590687803111590526e+00,6.195195023678650159e-01,1.241349922572613673e+00,3.664724078035901833e+00,7.295078571793967903e+00,7.617859510893009833e+00,7.415872140356201569e+00,5.160696357841225712e+00,6.159400497885608949e+00,7.836438075011711746e+00,5.393161544989422129e-01,4.033195936338140442e+00,1.786396159768537384e+00,4.321622218799399562e+00,2.175942772623424837e+00,8.577277077689309692e+00,5.812768153248065950e+00,1.576413037435396847e+00,4.084732779933994529e+00,4.433597648381367939e+00,1.309278478356197706e+00,2.802807098524503715e+00
7.020720724638504606e+00,8.789128615129578881e-01,8.088217072066264279e+00,7.242113570858672134e+00,2.578449249393646170e-01,4.930875537408386577e+00,6.673241201897761599e+00,6.331660391783135111e+00,7.121738378621627952e+00,2.523219350180156972e+00,4.365176073533375778e+00,6.293919322386458681e+00,6.828716196970686658e-01,8.011379987505154787e+00,6.469507589522212498e+00,1.029574886436175341e+00,1.471513298321069030e+00,8.090625697037994168e-01,4.480285671230252120e+00,3.388887258186122908e-01,4.966639520226494575e+00,4.331031881801249206e+00,1.124662862016223563e-01,1.352702702606656260e-02,1.080856489621363936e+00,1.880551811644783911e+00,1.764673976445791270e+00,1.573545584004190312e+00,6.267643665611963399e+00,6.032874035702514348e+00,1.676218530439145482e+00,5.123197650930400471e+00,3.142754271122297993e+00,7.322437989197938535e+00,9.884001000065989473e-01,3.223789233106314711e+00,3.055649908539687765e+00,8.879958232975181387e-01,4.422669036432118617e+00,3.779942025838468833e+00,4.572114746172078803e+00,6.844318021381293526e+00,8.438834371902579790e+00,6.458588379742236540e+00,3.568481735911571029e+00,4.807118756857542863e+00,3.966518932988622570e+00,1.821814121510183515e+00,6.591903636510814124e+00,4.384454077686738671e+00,3.252487577295182675e+00,5.154299929630086652e+00,1.222572304220665984e-01,5.005926059544656859e+00,1.130711710022655581e+00,3.411404968245401736e-01,1.691893375422714563e+00,1.502300075655980116e+00,7.243105233711668589e+00,7.573564378129974628e+00,7.339572373635944835e+00,6.909709675279041008e+00,5.093708897175020844e+00,9.255886791705782990e-01,7.139495823283787068e+00,6.436462103187055028e-01,4.152923063997749686e+00,6.123442527466759877e+00,6.903763161005469939e+00,6.277150613603716955e+00,6.395439773649775894e+00,5.219034931487989581e+00,5.447468050695165598e-01,1.648267545052515270e+00,4.509767983933992141e+00,7.546933306033864142e+00,7.679784705116595944e+00,2.050146592007118684e+00,7.229851153272979225e+00,7.205168213857826132e+00,8.440055667659251526e+00,4.646043192149327261e-01,5.460990612636788200e+00,4.422529921198013803e+00,7.491503084102934196e+00,6.030590049786838769e+00,7.193567245072498562e-01,1.978485065092881801e+00,1.637798389995856141e+00,6.702417515631188039e+00,6.900367414654785536e-01,6.265447962335647603e+00,6.290529154999976669e+00,4.478823470678172214e+00,8.116910300950599400e-01,4.054409076661378286e+00,6.080212806801555736e+00,7.312121779044412406e+00,1.265999335622923549e+00,5.275306860765208938e+00
8.820831270953702230e+00,6.535652360698769314e+00,5.628853191122924926e+00,9.778313823773745472e-01,1.936548186116521020e+00,4.502552674699858315e+00,5.506886384880476104e-01,5.940997828890610677e+00,7.802369531153527937e+00,6.678926957102985895e+00,6.013847459936426887e+00,5.296859878599855520e-01,1.020580683361216323e+00,8.155436782063990364e+00,6.021931571874960198e+00,4.959692050021599075e-01,4.969816965224658212e+00,1.827724617519541628e-01,6.577688421756133774e-02,1.419543091782997202e+00,6.995437166253162253e+00,7.510098447547348677e-01,5.057591489814070584e+00,1.231085301180538938e+00,4.080547311227940455e+00,7.911550702998071394e-02,9.007256781412681379e-01,6.978806824693707611e+00,5.464152404870005419e+00,1.306281865949875165e+00,1.912851817723802750e+00,3.411213056931996945e+00,3.513728740836664421e+00,3.490876664622038383e+00,6.439869437156342524e-01,1.014608758700029645e-01,1.560349792489715615e+00,4.441931079728822063e+00,2.567164262350724035e-01,3.003796802200253691e-01,4.750094058774125827e+00,1.174531462048004293e+00,3.984439536717210295e+00,1.079469376998620778e+00,6.492827449206567181e+00,2.558888337997407447e+00,7.844672897121028221e+00,5.798690452092522207e+00,6.562687523399659550e-01,2.894267742908702701e+00,1.964339744547689559e-01,3.822148499010639799e+00,1.457549473458904288e+00,3.235802402694631041e+00,4.372387935039572682e+00,2.153637221161366355e-01,6.178675531918481845e+00,3.286328381429453049e-01,5.991741217744723791e+00,1.398189769768647173e+00,5.151735815967315446e-01,5.156719427802336497e-01,4.543025107809724794e+00,2.299484404678585392e+00,6.495948467940203308e+00,7.408244019348328990e-01,7.190969688087631262e+00,1.106150877581242309e-01,1.950826005973718136e+00,1.098132990120637809e+00,1.054884358735319605e-01,4.885982371113939848e+00,5.467393119393344492e-01,6.296160767792692292e-01,6.979940863624781500e+00,5.014324518907118389e+00,5.878331418072184622e-01,6.754586115368945265e+00,6.869640998128198284e+00,4.757199188717692095e+00,5.325694795558912453e+00,9.729057986289030291e-01,1.681541562796257105e-01,1.306441107860278006e+00,4.693797426941511475e+00,3.083474819420787050e+00,3.394109381483764176e-01,6.245137534013455394e+00,6.451368950973776606e+00,4.199687212549269688e+00,1.126099364460106944e+00,7.878212164426423580e-01,5.087140044354249158e-01,1.404185820623846670e+00,7.471667648995556021e+00,4.119544409124765494e+00,1.775608729272992736e-02,1.282102904822792322e+00,1.556721938480579714e-01,6.511910583957209120e+00
7.355802691128155324e+00,4.698230536780189759e+00,9.519445062482301267e-02,6.931992233720673191e+00,2.866940940095300761e+00,8.358165862194077977e-02,3.159126330358282608e+00,2.434573400084345529e+00,6.649988061308222065e+00,5.904270721153217494e+00,6.859953723722360674e-01,4.700296083279337012e+00,2.805615824432399208e-01,2.092639324222005381e+00,3.398788235489546006e-01,1.025265989012049239e+00,6.638251949169349242e-01,1.830959417122078881e-01,4.323813960422384639e+00,3.892026766962964901e-01,7.579094815804105600e+00,5.877965626317133152e-01,6.655963661727198888e-01,3.114582126260585504e-01,6.734725488688557249e+00,5.094851322189629883e+00,5.764061115139737623e+00,1.082318592614425201e+00,6.841038296334886581e+00,8.078564848173517277e+00,2.190168033073149889e-01,1.203521783641340548e+00,4.956606889393659010e+00,7.219441373474742463e+00,5.445761282513857715e+00,7.623888066601530511e+00,2.055846256803596894e+00,1.181125056423949271e+00,7.455603394189296296e-01,1.190276195932424841e+00,2.520074354019766538e+00,5.009733416880711943e+00,2.693323215386535185e+00,5.675648245171461603e+00,7.473087288215648272e+00,3.050204570143149052e-01,4.194053183929875139e+00,4.872519250650363176e+00,8.764780369483224920e-01,1.096908501534121783e-01,2.416779008222634140e+00,3.918547930358516673e+00,1.416936298338222322e+00,1.221754304892971321e-01,7.438891040274487665e+00,6.883461213649649579e+00,5.937348957445594877e+00,6.761943903144986834e-01,1.908322253644581412e+00,3.143204424132676422e+00,7.534106926665653070e+00,5.269148080759164188e+00,7.540580295644485176e+00,3.809732374523474352e+00,5.690551525285026946e-01,7.460294122129730532e+00,6.504610459749891938e+00,1.437088584011279035e+00,1.557714862065863404e+00,6.451010996747087445e-01,1.137765723035372600e+00,6.704644525435782043e+00,7.535050416589339051e+00,3.495621799647099071e+00,4.457590485274813830e+00,1.096780431372400999e+00,7.485843602631023330e+00,6.148554643242427176e+00,1.663978871459723674e-01,3.303390417341507401e+00,6.094094676390860776e+00,3.904837302381348074e+00,6.684854671593502218e+00,6.418393024499171595e-01,7.478547176984111644e+00,6.965154867140709527e+00,3.383493309372098690e-01,3.528410638264150023e-01,3.391038656346154756e-01,5.022288293384890245e+00,8.026301155759480110e+00,2.797609966571099172e+00,4.160385369639381992e+00,4.251196049126545695e+00,3.193296624117547111e+00,5.593756494520578659e-01,1.263614086247561996e+00,1.914561014741078981e+00,6.379878987766053555e+00,6.343701692735022490e+00
4.011436530023969382e+00,5.284355324577076907e+00,4.105977242346372513e+00,2.609708669871050546e+00,1.299157415450069575e-02,3.717567945247292727e+00,5.923946251040669075e+00,5.761672197291848541e+00,5.263473796046719499e+00,5.263815377587370392e+00,1.312945792310694859e+00,5.035764611816618164e+00,1.656652551619107738e+00,2.398315722938943129e+00,1.423698584359230024e+00,6.788278306463812584e+00,4.283644652532268893e+00,4.833402137481437322e+00,6.977065940807512412e+00,3.952684254816244636e+00,9.175953759504673624e-02,3.170421574798583997e+00,3.318335462485188625e+00,4.280064168829888160e+00,7.551677630922631224e+00,1.331233827004485448e+00,5.626987103287736325e+00,1.004169653267762863e+00,1.010437162602847883e+00,9.114057329437008637e-02,8.779554746425599632e-01,1.562207050819807153e-01,9.699076547311127339e-01,1.398929054817642958e+00,6.198340729524223214e+00,3.741273708857653979e+00,7.848752408567551520e+00,4.101427723955716864e+00,3.417071906696492745e-01,7.357676311278258829e+00,4.940109461265684843e-02,4.810675931857841370e+00,6.504003950054905836e+00,7.489888631680192699e-01,6.190641519212319643e+00,4.065533263005223219e+00,3.104204057898589220e+00,3.153355354289106849e-01,7.199257248061611492e+00,4.097576392450751115e+00,6.621123857619239939e-01,5.836240556901464149e-01,5.408875897222467977e+00,4.466248703662829556e+00,9.018337702925429689e-01,5.928020956700143174e+00,5.994627695809464640e+00,7.815016635706484749e+00,3.431334120649777830e+00,2.395003157787253256e-01,5.530123760771298080e+00,8.445910994817554140e+00,1.885552431339593715e+00,4.173633439962923575e+00,1.977823055024870103e+00,5.730682671459172539e+00,7.329518874098234882e+00,4.817897443137418634e+00,8.709081867594730131e-01,5.340321294049940271e+00,2.213498340303662548e+00,1.592879350552777407e+00,1.015002141655217738e+00,6.738704800126816608e+00,5.676995300170530001e+00,7.777456573660942674e+00,7.421071531112385600e+00,3.565159112509477701e+00,6.375101803437170922e+00,6.895320614773770007e-01,1.014033608850972490e+00,5.528127058244515446e+00,2.751596450659151927e+00,5.492871561134460734e+00,4.782509491044417693e-02,2.113565665723776021e+00,7.908810603912037607e+00,8.168252128746640750e+00,6.739820032962288820e+00,2.463470487939982689e-01,6.197485989887544733e+00,3.584257896124229958e+00,3.632831567847532916e+00,4.927693308453223509e+00,2.252630626851423123e+00,5.915874660460367807e+00,6.855942066971111970e+00,7.972549676223166237e+00,6.487167265927417326e+00,6.823046157843278614e+00
