5.366705654497891054e+00,5.819746292044992941e+00,1.454271249825630941e+00,7.176933662065582809e+00,5.840530873996112593e-01,1.209779765971128906e+00,3.381584916893386250e+00,5.122514702783350415e+00,2.375876113497008113e+00,1.514410037484692495e-01,5.385795956987042388e+00,9.319583146333080492e+00,4.897716049139105188e+00,4.139572826929317273e+00,6.863189011247053939e-01,4.875969300415378349e+00,2.528183622578316303e+00,5.649036655887229585e-02,4.457211013365212082e+00,1.435229046523743168e+00,3.448627789075687788e-01,3.382113043413798037e-01,4.038003839624819236e+00,1.466185933463373114e-01,6.719556380796266382e+00,9.106290263412081032e+00,9.450867772492466123e-01,4.490506342469140044e+00,1.954125861432957079e-01,5.341981818719276909e+00,7.107439230337080360e+00,4.170121749806302347e+00,8.044899118587885312e+00,4.704412705531709760e-01,5.459732897984375555e+00,6.638699742887271826e-01,2.016587324975822160e+00,3.589808225989349344e-01,8.434225007855689071e-01,2.780977608969659176e-02,6.924297760762265774e+00,6.154956432481265338e+00,3.224496941189447519e-02,2.136440156386945066e-01,6.925901340150103280e+00,3.112156181678038980e+00,1.170265309723805824e+00,1.239769965459755374e+00,6.515672246448042770e+00,1.753071101672684762e+00,1.274164251284235050e+00,5.902776754545621118e-01,1.268448683301015345e+00,7.364623215726614269e+00,1.489209818842320177e+00,5.003069499669781983e+00,5.314590030515117469e+00,5.243705467195137082e+00,4.184470214272328903e-02,4.465286711977762835e+00,6.200280551794624451e+00,5.017590674240945958e+00,5.788042658327537282e+00,5.515533136819794624e-02,7.676530075186537294e-01,5.785462854027318969e+00,4.904930862013836546e-01,5.184189284803037090e+00,4.561430423986003735e-01,4.987877488002985693e+00,5.583132415551808947e+00,3.485041862237859167e+00,4.412298469854112781e+00,8.850810038594492113e+00,1.258727705525276352e+00,6.793235607412166033e+00,8.420838297760100843e+00,8.909925739877929018e+00,5.123459767071886439e+00,1.552362568297896761e+00,6.079171288921054739e+00,1.056289455047424219e+00,1.670758368928535686e+00,1.591258203509726243e+00,5.839820401123815286e-01,8.011963252532133595e+00,3.714044541188432635e+00,1.538932671497061921e+00,1.087160073137233729e+00,6.664672654136173158e+00,5.868459460859730470e+00,2.885967699398933384e+00,1.453894333493564339e+00,6.593519355376548319e+00,1.354521644169142114e+00,3.248078790107244984e-01,6.546041577775160825e+00,7.763597960395918207e+00,6.099457696501543680e+00,5.258174866416471360e+00
2.887871978481040269e-01,5.154101533335972540e+00,4.246334993281982051e+00,1.607689513948067805e+00,5.063761173244992086e+00,1.721703826339980870e-01,4.712977286455083181e+00,3.177012517167341343e+00,2.698902243017121449e+00,7.867157076444590835e-01,1.911623532832592343e+00,4.178955587541426375e+00,6.461084180830527046e+00,1.403659681031343309e+00,1.450953224899199201e+00,1.223819419063459923e+00,1.914133667201161071e-01,1.063372050503524013e+00,6.055835609905501293e+00,5.338522021713471233e+00,5.403923534686709829e+00,3.333109240269641838e+00,7.328758494424703507e+00,4.901989571978324634e+00,3.073225638921855740e+00,1.582818350582212874e+00,1.603231530565524476e+00,5.640948472947892256e+00,4.380924035870717992e-01,6.408139392593770189e+00,5.830713862972084272e+00,3.527918350954069471e+00,3.452546984159119869e+00,1.313934568134720982e+00,4.489911231245202750e-02,7.518497229123344283e+00,2.044453509604136521e+00,3.228579941321627622e+00,4.779837258459689764e+00,7.972643101006187116e-01,1.353339363610145618e+00,9.288800844917652899e-01,3.673570719778453508e+00,2.100294763473157911e+00,3.037892387698247765e-01,5.505760458648835787e+00,1.903101433233794770e-01,2.428359711561553613e+00,1.272634643891032091e+00,4.858984639084152235e+00,2.030457051170326821e+00,6.142952908970791270e+00,3.553923830188005617e+00,4.466436512459489805e+00,4.290287079285146632e+00,1.052243473056183820e+00,2.617478066843646367e+00,6.694015121407990154e-01,4.629550742553393938e+00,3.177780406679786562e-01,6.119731478488096954e+00,6.240118203828065369e+00,5.122766677243152600e+00,5.065439930251010026e+00,1.043526263826865197e+00,6.142171238971809721e+00,4.233749986979526980e+00,6.902433810944195169e-01,4.312566514284041475e+00,1.199525599840012280e-01,5.717052662268706342e+00,5.680545303442214866e+00,1.805053213132472134e+00,5.043388265534146875e+00,4.835759995121453159e+00,1.229784931367729595e+00,1.813907360599412044e+00,6.755904709201102420e+00,1.659704424245534549e+00,1.186731899570087068e+00,4.078347491402023905e+00,1.694815570105161928e+00,1.000100386540554664e+00,3.060480097496661500e+00,5.272222612328490321e+00,7.083148222651837855e+00,1.268305202595872316e+00,3.372586773471365706e+00,6.436276428196717525e+00,4.310048984210192557e+00,1.353597315505746357e+00,6.381758755003923866e+00,4.430883191758854256e-01,7.500928916541344194e+00,5.805430363721411524e+00,3.057405667432953500e+00,4.973584843396151811e+00,4.668920916752804295e+00,7.206715016300963228e+00,1.019307366777240320e+00
6.130315597704492525e+00,3.023439450939940709e+00,7.377820120041413965e+00,7.735065967068149861e-01,1.361532568185878533e+00,1.064281740761603645e+00,7.073921955558478913e+00,4.652361196821299671e-01,5.646333379520281914e-01,3.212882071331591760e+00,1.434867933471497548e+00,5.108478010837439243e+00,2.475725526011963717e-01,9.795870935653906431e-01,2.107334503586192564e+00,6.780875648329514505e+00,2.448309720851646887e+00,8.386196558648044697e-01,6.453520515819019643e+00,1.934295170311852274e+00,1.905497291419850470e+00,8.934990770707564423e+00,8.275717620925203688e-01,1.007315162378421558e+00,4.749766923766644666e+00,5.873768856410494621e+00,6.080377425625231425e+00,7.407641324818428075e+00,4.087239133712239791e+00,8.212067316344906942e+00,6.127120999146329794e+00,6.403270275510021925e+00,4.326636387788765248e+00,6.661443084310814555e+00,3.912297370485453563e-01,2.376837112220335335e+00,1.651342817726004775e-01,2.030846140337065009e+00,7.164567542789066934e+00,4.632237575713406663e+00,8.810513526820132668e+00,5.420674063847637392e+00,3.232224574853277410e+00,2.135564711419864814e+00,6.897055204941401563e+00,6.899343547748283179e+00,1.252292093083541280e+00,1.475238519841940876e+00,2.287407165962199063e+00,6.780515380946261494e-03,3.078156661062946275e-01,7.337756134745021086e+00,2.571003184735908498e+00,4.746915402847905696e+00,1.832161022081363999e+00,5.695946565213017898e+00,6.524615254636922046e+00,1.420635478225699133e-01,5.250542942778787747e+00,6.502066994679369216e+00,6.101187586753236580e+00,5.205424605894348744e-01,4.333228153733999832e+00,6.143162746264207996e-02,4.382859670269064756e-01,6.615433707898398907e+00,1.430372762146334686e-01,7.667862011801405142e-01,1.006371023609837767e-01,6.256140079137539889e-01,5.426255306939895107e+00,6.192173491584129330e+00,1.326636872761717933e+00,5.759104682757365978e+00,1.434455265388702161e-01,9.720633985112292486e-02,6.914007315906884443e+00,9.719074448477110773e-01,3.874006923795818569e-01,2.215103020499372022e+00,5.485116679081667002e+00,5.838029444150136804e+00,3.384543819764957995e-01,4.734936272858405459e+00,5.426470415015218762e+00,8.015638653681845582e+00,1.138378257672638005e+00,5.599917904875125529e+00,9.563864080891837371e-01,2.208098487342329719e+00,5.016086894042262045e+00,4.100872330509420571e+00,2.320822627454460774e-01,5.003135889592497776e+00,5.407640024505619536e+00,8.558864041865303918e-01,3.764027554563854849e+00,5.966489923118172278e+00,6.206966160592362947e+00,4.634825355390258750e+00
5.741816819270182393e+00,6.790367235787391209e+00,5.854925686556305742e+00,2.417724748772996257e+00,4.548122015079393066e+00,1.810315904851812707e+00,6.243369316629374666e+00,3.814298418229066900e+00,7.628131771240224124e-01,3.936591016569744639e+00,1.863123809413885557e+00,5.487552059422798223e+00,7.174926752086317805e+00,9.652719398713291987e-01,5.457066911781718765e+00,5.094083488476612409e+00,6.242190727794010296e-01,6.859391444478377675e-01,4.489849851042088780e+00,2.830833696150548917e+00,3.388812577644212176e+00,9.680290400155333597e-01,3.618434737523910538e+00,7.556764882586241683e+00,3.386710449272769097e+00,8.476693355920927875e-01,1.688377750981923553e+00,8.150998300347154224e-01,1.875189576006263792e+00,7.620040641097934886e-01,1.882494733198791792e-02,5.584778058364838316e+00,6.975277927483213070e+00,5.493128555895939513e+00,1.156179541697018198e+00,5.694904563627712690e+00,4.726914912217183851e-01,2.220394109963169882e+00,5.182055348256470850e+00,2.388727851322280493e+00,1.250234813431938097e+00,4.359731702589826341e+00,1.266015680236105112e+00,5.391777506185158053e-01,1.527199065967973057e+00,4.768609632317987845e+00,4.940811298660685580e+00,5.119449605536496861e+00,5.367172801717445374e+00,6.968623516863766687e-01,1.760096174601447849e+00,1.457469845794274299e+00,4.695910115209845914e-01,5.239819253839526070e+00,3.243127674119981929e+00,1.720242188087453661e+00,2.163525067605282182e+00,6.999328116858518634e-01,9.417872566276371815e-01,7.302750564000707101e+00,2.079697593330044114e+00,5.521543204026709617e+00,1.531765072392916149e+00,2.527886082661522149e+00,1.033699231910448546e+00,3.146445201420675630e-01,7.230819379876624708e+00,5.444480566141780553e-01,7.754270229495784150e+00,2.003770690820383393e-02,1.874290618139576425e+00,1.076668179217314725e+00,6.176826233989562098e+00,7.326940048417784901e-01,3.096655753381234000e+00,8.770240755239333552e-01,3.142335620625894332e+00,5.393608939450655893e-01,9.585629094043087717e-01,5.936909118610289582e-02,1.585631821462546442e-01,3.801085337781051621e-01,2.369228987057092617e-02,7.942426845967300864e-01,3.910370100678923766e-01,3.085718490417288962e+00,4.824747712435197844e-01,3.114122028497556816e-01,4.257641737860780040e+00,1.352712771717440976e+00,4.163767048838325380e+00,6.105571757646661268e+00,6.394527361715694802e+00,6.623027032779679857e+00,5.159542434707181435e+00,6.198921267196180196e-01,9.081975544675395806e-01,6.103664145500800942e+00,1.193269941977908699e+00,5.771464110773187883e+00
7.657507846072350022e-01,3.199193793963580834e+00,6.340306463976763673e+00,4.042551319997712334e+00,5.578289025970013526e+00,7.078336553745470106e-01,4.423179419005669466e-01,7.847379353354670073e+00,1.408486387172147136e+00,8.662802421591910829e+00,5.094606651121273977e-01,5.031485933264313815e+00,6.173718554310417161e+00,2.721649589808413650e-01,1.538942687172878188e+00,4.186883104526767374e-01,1.436071460054473281e-01,5.952150031124311624e+00,1.223688151110814415e+00,2.350137009897696139e+00,1.024814211188466606e+00,6.235870382866696815e+00,1.406116366637074622e+00,3.932382437343654447e-01,5.122481330634895969e+00,4.033222547273727976e+00,8.044694013721924719e+00,4.828824818642674543e+00,2.785117483553647411e-01,3.294567941919007925e+00,6.582782718445690406e+00,5.573289325820438123e+00,3.545455099226255236e+00,6.125167245677903161e+00,3.761440415967044482e-01,5.744582819046071265e+00,5.556433857582415925e+00,2.429111955679577939e+00,6.815455981425531107e+00,3.074450923087755250e+00,5.097693511924881626e+00,5.275504535353485736e+00,5.719312002790696070e+00,1.859349144033613621e+00,4.155213519895093910e+00,1.409022628994497373e+00,4.393692700487566327e+00,4.257313082032581075e-01,6.332208791879134768e-01,4.544792656962375332e+00,3.049069519635105863e+00,1.209241219610733165e+00,7.258316476900010805e+00,5.757974642771943152e+00,5.089680812661506515e+00,1.360711773056044516e+00,5.346019046598367908e+00,5.688464440795615751e+00,1.185431532026876233e+00,5.981249766984205074e+00,2.102810457442686243e+00,3.415718138566577800e+00,7.751099411817243379e+00,6.972931305854583428e+00,1.105698968507419666e+00,2.695755323652551105e-01,7.332207365810990751e+00,7.022406260208028383e-01,4.599219840074297849e+00,6.931170108484270287e+00,6.428497899156075945e+00,5.045041473279502142e+00,1.677576008057766188e+00,6.679300049596152533e+00,7.020511414642152559e+00,1.189847434086717115e+00,7.124653022540195835e+00,3.310194122057311006e+00,5.316386997229481715e+00,4.978303663528532930e+00,1.051012667739873230e+00,6.424388855338738491e-01,6.390070749473313327e+00,1.196156166650491404e+00,4.061145518972615331e-01,6.682263407485078410e-01,2.672793848394480420e+00,1.971907751029252864e+00,3.214596613663648128e+00,1.408977830368817186e+00,6.098193220412628790e-01,6.280090940048717485e+00,1.037798905431944974e+00,1.462468308038497478e+00,2.209396877609516530e+00,2.253441295538816114e+00,5.141347180227746172e+00,5.051565136758213725e+00,2.099660722976043115e+00,5.192295563900672484e+00
5.551903655526094106e+00,5.685023417991969197e+00,1.021842741822833744e+00,1.330320226126200156e+00,2.201495647407860190e+00,4.852141987372600163e-01,7.929252524972516092e+00,5.149648988175107078e+00,7.272312288281455039e+00,5.987636859067331230e+00,7.386560715544277400e+00,4.951501116243719913e+00,6.838321939804353100e+00,1.263178232936632783e+00,6.523283903776078141e+00,5.086641616474083527e-01,4.347993672746016003e+00,5.056740345801931102e-01,6.422062452121849674e+00,2.733932876686609781e+00,6.746375938960840202e-01,4.923145608331949141e+00,3.217208996009806921e+00,6.510761241619191786e+00,6.357460106157819091e+00,1.034405425112219445e+00,4.791524780178191278e+00,3.787485741865832534e+00,4.750344936002830920e+00,6.659670885263688334e+00,4.633068164456487281e+00,1.965359813608354544e+00,6.374618358962508280e-01,7.105697918179496142e+00,5.534439307101763461e+00,6.714578730420559083e+00,4.529487226148857237e-01,3.825252087535610634e+00,6.623990818823946469e+00,3.438715640012701691e-02,2.993648975607644314e+00,5.558516529447273591e+00,1.055447317222954595e+00,6.824988548671363731e+00,6.063967023267181844e+00,5.563375087334105018e+00,3.585890030359079717e+00,6.612999424431225570e+00,4.000537891000830459e-01,4.774064168031594058e+00,4.165234556801210353e+00,1.220619926552164003e+00,1.346890519031128886e+00,3.516025027065623476e+00,7.172936739189768929e+00,6.504242173601384458e+00,5.575830720094453241e+00,3.379659925209478111e+00,4.768243913092709896e+00,7.484018694628719715e+00,6.227581032702182995e+00,7.688617923741891680e+00,4.563930318410861275e+00,6.530351731686565131e+00,3.528196148637742446e+00,3.295647139486475918e+00,4.088024403498204506e+00,1.452425984038934192e+00,8.163205541282581024e-02,5.554271195432161079e+00,4.598030934969047578e+00,5.478352392001557547e+00,1.329911477226993100e+00,7.106638267534496123e+00,7.560008245307325403e+00,5.623517049140645874e+00,5.958068303860512671e+00,8.161396850589596852e+00,1.607022320829702533e+00,6.682593191748448902e+00,7.174438315681666012e+00,3.762127781703029861e+00,8.027198939787528076e+00,7.288505117405918554e+00,3.736004649342676842e+00,7.941451322871141194e+00,3.874442865973123373e-01,6.165981929832939912e+00,4.039905105124675266e+00,5.108457291071948347e+00,6.218098625535702695e+00,4.745113812781213802e+00,5.641901132554627551e+00,1.829078628208576029e+00,6.372413416692520371e+00,2.797496481062998974e+00,9.159387133968384109e-01,4.081750033395681321e-02,3.371818823053003733e+00,2.873503868514402093e+00
1.483813601548998662e+00,1.983536608686997216e+00,8.059059331200737475e+00,1.834743343732810672e+00,7.230663157894436921e+00,2.121834715461935694e+00,1.199754879993917056e+00,1.380813754069035948e+00,3.331966996579321716e+00,7.172652441880106977e+00,1.233897083668603623e+00,2.866542716739935326e+00,3.682232288920118002e+00,2.349808491302527003e+00,5.703395247905175935e+00,4.981104318305090928e+00,1.090368698753704457e+00,3.797509264697195519e+00,4.892794925837241626e-01,4.808450969375098083e+00,5.944676608393045569e+00,4.311456382352405470e+00,9.548705760169721168e-01,1.527249673833638965e+00,5.883399441057501900e-01,3.062323537081104163e+00,3.214932177710560612e+00,5.503425031687458002e+00,5.246475494954333740e+00,1.253525641519427136e+00,3.397846127211483491e+00,1.403675594538275506e+00,6.476112375388463960e+00,7.724370126503516509e+00,1.956140710566574903e+00,4.952612491408199702e+00,7.575123023246890241e+00,8.820326423992307374e-01,2.172277731179218740e+00,1.458930149910435681e+00,3.080545381294115259e+00,1.104806669103044925e+00,6.459430522057788338e+00,4.417075201803180917e+00,7.350601637795964649e+00,6.347154593325263772e-01,5.123282135317512864e-01,1.182291804171162752e-01,1.358866512791117032e-01,1.530652541159048807e-01,8.546893077137358574e+00,5.636287272496666390e+00,6.873894242549866362e+00,9.268045149940293825e-01,7.873330483204210584e-01,4.480042498028753428e-01,2.175347429513013520e+00,9.754508889274879913e-01,3.849722934247450379e-01,6.550959185386837191e+00,7.178975542046100777e+00,3.541096723363156062e+00,5.371303682196186813e+00,5.430454889177024569e+00,6.996814613577321040e+00,5.390797739156412138e-01,5.028107397744648210e+00,2.842219848098443968e-01,1.428967752111689693e+00,6.345770980824370966e+00,3.447028364906338016e+00,7.955005861238372944e+00,9.474389311733628638e-01,5.881658469477606399e-01,4.728202450650043964e+00,7.431553069723720206e+00,7.278247339045096354e+00,7.044301660871874482e-01,5.066729972308253060e+00,3.001918344935061711e+00,8.252669241862577998e-01,4.395053281648095833e+00,1.601953093043326781e-01,7.745089958825298382e+00,2.152591171690559690e+00,6.231996066842135917e+00,5.533827211099824339e-01,1.705079817893223826e+00,5.347438240971034595e+00,4.203205457125396283e-01,7.103777435492159675e+00,4.076299219927530970e+00,8.997414021205984991e-02,4.921788560659402734e+00,7.746088372108474118e+00,7.082261658984425612e-01,3.276846892059357419e-01,3.868627475045984809e+00,9.270538271544563891e-01,3.527710910489310070e-01
5.794395838223290518e+00,5.165375647519340419e+00,9.579900655516264685e-01,2.466369360079521122e+00,2.102634598221102991e+00,7.077350221072714831e+00,5.696913960234310181e+00,8.759602732050459917e-01,1.444684181742213358e+00,6.503744306783245221e+00,5.326835190088347716e+00,8.522615130348768275e+00,6.502734765407242712e+00,6.306499260419571318e-01,1.774567510124961389e-01,2.188520497607199466e+00,6.862270027796459892e+00,4.882840453367371047e+00,8.330134964433753009e-01,4.181143085687268890e-01,7.275747962768265964e+00,7.253093950094611220e-01,7.306051987180935292e+00,1.167087948498791716e+00,2.919099529978603336e+00,9.063966316389006295e+00,1.844442316200280096e+00,9.756346705146013987e-01,8.976357164648909315e-01,6.675190436704299124e+00,5.464293881520424279e+00,2.132255427136637849e-01,2.386270430489288774e+00,3.270874202022195032e+00,2.343727466828013029e+00,8.504965040730558812e+00,7.672255383211773250e+00,2.193460586060965056e+00,5.707409400498100638e+00,3.574452252644952477e+00,7.884959407861789060e-01,5.030416805200007779e+00,7.351558578639312280e+00,7.430795132460158214e+00,2.126916184087833450e+00,3.570721572166420721e+00,1.725371418816916691e+00,7.421275621298275560e+00,1.387485735135498555e-01,5.177009992069149469e+00,1.574525601060824842e+00,1.051458615614504932e+00,8.473676002792183137e-01,5.839690947285498090e+00,4.991694685164788758e+00,7.141033245531415830e+00,7.746800573762091524e-02,1.662921914691945169e+00,1.112130159112657335e+00,4.613537814133993331e-01,5.847343395945712174e-01,1.445224889129503865e+00,2.118409446209980729e+00,1.100974089248829557e+00,1.287664236801463247e+00,3.520714608928455558e+00,3.653896467982213903e+00,4.347029000583664704e+00,6.366290118749693416e-01,6.954439482280744045e+00,9.195420092633860287e-01,2.161333800981836140e-01,4.283050843681871278e+00,3.828381527420549713e+00,1.485115630795584618e+00,2.109475354524336321e+00,1.030529283091470738e+00,1.633880966968327186e+00,5.115078582934911466e+00,5.220424878103622213e-01,5.881857495828704430e+00,7.402153057727316465e+00,4.243915491882446211e+00,1.651978945398138610e+00,1.829186734858032626e+00,2.918363270470862858e-01,6.631733715525082395e+00,4.919302157564051647e+00,1.175281756469709116e+00,5.312197674056706731e+00,6.521135351364762300e+00,1.061128335900358044e+00,4.492549273569117929e+00,3.141617906486395828e-01,5.192249543695297564e-01,6.327403985587030100e+00,6.753987446695339791e-01,3.973003917958809472e-01,9.988273369382746347e-01,5.734058131158233707e+00
4.997712333363849346e+00,3.351109295827396917e-01,5.355770380614172765e+00,3.752794862232191608e-01,6.380101417399723474e+00,5.517970718617162262e+00,1.853178894799698995e+00,5.940724196490569042e+00,4.356800153763996875e+00,7.077451360471853192e+00,3.458653773442629475e+00,8.747487191002013551e-01,6.634600868273366814e+00,1.806163359557261705e+00,4.015727654116933998e+00,1.444042819386346821e+00,1.213395092945722675e+00,7.343144687096184953e+00,1.088410350156519435e+00,7.674437010710501106e+00,1.007352603521469714e+00,7.088476342183653855e+00,3.987807896575794153e+00,2.804035155376015886e+00,6.484242597649267026e+00,8.967662154627913385e-01,5.293052462224199672e+00,2.975547416813241863e+00,2.229952007365706201e+00,9.442599834700806660e-01,5.863853774790251272e+00,2.034568753619873327e+00,2.535268088250856255e+00,5.731030054039966792e+00,3.569861336467107460e+00,5.606726947412774109e+00,2.205786198340287108e-02,3.635422622062054465e+00,6.550894438867794989e+00,1.267789122616468811e+00,3.762047912727672916e-01,5.471297887518105085e+00,6.724752382238265991e-01,1.626639419818098453e+00,4.107139427795104325e+00,3.190158275703143698e+00,8.195738135642271160e+00,1.061082918219268478e+00,5.520025392885699045e-01,3.401439041384529016e+00,1.140812136588409409e-02,7.544772203093394580e+00,6.954831722924801340e+00,3.990335644803248094e+00,5.521349134716164286e+00,4.974135414587597559e+00,4.680226810003632387e+00,1.282872141972866586e+00,6.044575602744561849e-01,6.176028483086102305e-01,1.944863193957679925e+00,6.208740556655601317e+00,1.323809074639673788e+00,1.305698182439214872e+00,5.069838978915297556e-01,5.770607300598515899e+00,6.083346155805006816e+00,3.883184044237426136e+00,5.575669773055138556e-01,3.117162118770414825e+00,3.317341443889182395e-01,5.115445516535350734e+00,1.552572692411396282e+00,5.188286203742086045e+00,1.896099591585511668e-01,3.389234903035343915e+00,4.476405569861070521e-01,3.770759091291818743e-01,7.140550042023648736e+00,4.097319632157934599e+00,3.784807714296366754e+00,3.833783199246457052e+00,4.763163354669494254e+00,5.126551705833872319e+00,7.820224501036365794e-01,6.665785860633828719e+00,1.048129556043877475e-01,5.814834829205626221e+00,5.200652190452717427e+00,1.618062954432808453e-02,1.103892661610250459e+00,1.546796890286449511e+00,1.145757392413087494e+00,6.827190580131095032e-01,6.723381253841180794e+00,1.003988708082945935e+00,1.590128871555290369e+00,6.277002314658657767e+00,3.580346800776412763e-02,8.992194420108960973e-01
1.725199639850674149e-01,1.530825077119175814e+00,3.642910216583776339e+00,8.218959778812841677e+00,7.307688273007299173e+00,6.149094860770586202e+00,1.806750145178079192e+00,1.074363169705092602e+00,2.065228927287791061e-01,5.027529849252765359e+00,2.032129726436092021e+00,1.294193018201814205e+00,5.261833989576231829e+00,7.624930429554488853e+00,1.782266244178807080e+00,4.668142740994711826e-01,7.461271537203457704e-01,1.914818361955215043e+00,8.983673396205556827e+00,5.979373790465529748e-01,2.125168837107084485e+00,6.318991754445450582e+00,6.744213463893381721e+00,5.866912472399698153e+00,1.699082279674581919e+00,7.186012246132469805e+00,6.884880426837385325e-01,2.215215315833321874e+00,5.831956268368037932e+00,1.120277617274486381e+00,5.486606948234947545e+00,2.705763699435915104e+00,1.279028574387636841e+00,6.542256308937168363e+00,7.990314003841729740e-01,5.029119444226791913e+00,5.508028728262814866e+00,1.553234782391732960e+00,5.326178543904397600e+00,8.583696001047629309e+00,5.418244258280831005e+00,5.989723958130531045e+00,4.875413123636954005e+00,1.956586895870995324e+00,1.959522285430056687e+00,6.025722169116308535e+00,1.798477248509716020e+00,3.451371793903542651e-01,1.059391918252722276e+00,1.493039737130429367e+00,6.420041705756227124e+00,2.030997058920663179e+00,6.147187317021240105e+00,3.811115396142457978e+00,5.092423294492571806e+00,1.270147611392488995e+00,5.365549510524320276e+00,8.596301928884415577e-01,3.891708769465646256e+00,9.918287816223836373e-02,5.104790462815914864e+00,3.616057223799082010e+00,7.615343787289993394e+00,3.471656615124230072e-02,2.100039829631179078e+00,9.089373085036609456e-01,1.083794906928349455e+00,8.393247430822792232e-01,4.903176495108898081e+00,2.650989432535708623e+00,6.215175181559794204e+00,1.197243543180437353e+00,1.558461616631034996e-01,4.485341966233240996e+00,6.674473282612927605e+00,9.593398527397878350e-01,6.106100116423610835e+00,4.931639070019124382e+00,5.670823184692755703e+00,2.438278228496167266e+00,6.490601835177598922e+00,3.237431533795314120e-01,2.473652789568547838e+00,4.265213534922477123e+00,6.776298788888636793e+00,6.280551001546890610e+00,5.023793340414619557e+00,5.019619690270671342e+00,3.568393386892902974e+00,6.884618026825049419e+00,1.805078653965745961e-01,4.676310118539579008e+00,5.123764669201801070e+00,1.759428755772931119e+00,8.485241704668020191e+00,3.339443313497257204e+00,9.203448977851709234e-01,4.705604763487455378e-01,5.920309176659254158e-01,1.015742709491296969e+00
1.625646196691549195e-01,5.433287145078693037e+00,1.492565701351047602e+00,1.240716186177115432e-02,1.067229884903628578e+00,6.346248774743541432e-01,6.552370930879753530e+00,6.002688326803873764e+00,4.946886049614687586e+00,2.699193711746783464e-02,2.050365732221353099e+00,2.158889854313959411e+00,1.276056544033113749e+00,6.363298796545629799e+00,1.608225850848587601e+00,5.608060322609322856e-01,1.182776029840733489e+00,7.212577372764847894e+00,3.344853193629055532e+00,7.463043039280119473e-01,4.116033460321279591e+00,5.988358130938026491e+00,6.038892019499211727e+00,7.271662977128242389e+00,5.366716081186758913e+00,7.004135123818965525e+00,2.103164841797483753e+00,7.384154326751499742e-01,5.601314256680416825e+00,1.334674658924670743e+00,5.922324405852561924e+00,5.764257388304335095e+00,7.378118496195807952e-01,3.293622741116542407e+00,6.427405520967916175e+00,1.209036246982584162e+00,9.735171377369332690e-01,1.067846138686798785e+00,1.035821331202434026e+00,6.688734271622737815e+00,7.869172776194661267e+00,6.203300428452597437e+00,7.198936561369138065e-01,5.768781954974127935e+00,3.376814364699980864e+00,5.364248786596890639e+00,5.142464558621236748e+00,6.510918139345395872e+00,6.677211174260763826e+00,6.040933613490103937e+00,6.484666287132649920e-01,9.389127072480640379e+00,4.097043988858096952e+00,6.747019690160991345e+00,5.448725970602175117e+00,4.054331274073976310e+00,2.071737047579458313e-01,2.008449810122385770e-01,1.473597814371559567e+00,4.073120350311031146e+00,7.627530538167889063e+00,4.216376956041449020e+00,5.106910854668971211e+00,5.793359565850479953e+00,1.171154363770572360e-01,6.268649302678934720e-01,1.143289990994844185e+00,4.783908305118168336e+00,4.786818136047935823e+00,5.321934968566671920e+00,2.530684570091413566e+00,4.178458427410825848e+00,2.287040614925772708e+00,5.962609872935663802e+00,3.842958536108974865e+00,3.454692711671138117e+00,5.393754088005170644e+00,8.214166468187900083e-01,9.080217176157482362e-01,7.445150423040486132e+00,1.969974785614351465e+00,1.558983095422912912e+00,5.119036314270625887e+00,6.464605451813412174e+00,5.136676856014586789e+00,1.405548490450497123e+00,6.438558290863050537e+00,6.814115038135022395e+00,1.310383983709555222e+00,4.489484776424124135e+00,6.175001803801659861e+00,4.404224925264674795e+00,7.326217218961945221e+00,3.236770011043026862e+00,6.260197338961782876e+00,4.781546996260727767e+00,5.388921886261677230e-02,9.315795393736274743e-01,1.590918038012096858e-01,5.552081125700740749e+00
5.894525002552065018e+00,1.602075406291393556e+00,3.037057756983848833e+00,7.834831081574393785e+00,5.373846120340353139e-02,3.171216860609089583e-01,7.576745530703441478e-01,5.661226890273192147e+00,5.889350180841551818e+00,1.092630416394744675e+00,3.336825674659766872e+00,3.013953407414408758e+00,7.375747520365333543e+00,1.052861534692479673e-01,3.294396988590067465e+00,7.254472238991889199e+00,2.744702825328004803e-02,5.468970269261495432e+00,4.329367150755382143e-01,6.532476345276331031e+00,7.297501188704857533e+00,5.884812901346687664e-01,9.663592153660125916e+00,6.969823069631893908e+00,1.864992553077513993e+00,1.188621627705541473e+00,6.152559500280561089e-01,6.691573854779228725e+00,7.222410513176825475e+00,1.494353956604487443e+00,3.522972878416375853e+00,6.256975313998684562e+00,1.105796009698091220e+00,5.158114882189360095e+00,1.696605549381049460e-01,1.383914797325610735e+00,5.219359074498973960e+00,1.767642577422814387e-01,8.036835345056843494e+00,1.553938286451898687e+00,2.039070581527368198e+00,1.888215554792579631e+00,1.544345889185984255e+00,5.040889783109577138e+00,6.163943549196426730e-02,6.671392500544607529e+00,8.373968444656391119e-01,1.187538075173572905e+00,1.115881353100413031e+00,6.270293827352219296e+00,4.469974587700635382e+00,2.166846087918092856e+00,2.417005464726605268e+00,7.512578259628070576e+00,2.277013448222327874e+00,4.258616603208306373e+00,4.897043001323399203e+00,6.042158221574218668e-01,1.508501518775304584e+00,5.309685767134275203e+00,1.045984556619727890e-01,1.310201291079376329e+00,8.319546890351283253e+00,6.532963899925229967e+00,4.999838941319613150e-01,7.365233515037992174e-01,2.645213143547114898e-01,4.872213252599434163e+00,2.343304482725981686e+00,7.447125307512246550e+00,9.521928617094258529e-01,1.848508653684042269e-01,1.298724854749087498e+00,6.792945978239735005e+00,1.296907941731046066e+00,5.349366830325221756e+00,2.215895310262325779e-01,4.392004893233321106e-01,2.995831904154504510e-01,7.700222433433353331e+00,7.812045172262422454e+00,5.321548613771276415e-01,4.773549221285835920e+00,4.726824784440688543e-01,1.324883180808393401e+00,1.452761933257858296e+00,6.303778753221411790e-03,1.377236734356037662e-01,4.857264954556955727e-01,1.827554263396424794e+00,7.319489628039489659e+00,1.959314311183422586e+00,1.827535636912384742e+00,4.615266910208144502e+00,4.540758248736742608e-02,1.531361080569639821e+00,5.502830840527346279e-01,1.496163513680905721e+00,1.351288347436229387e+00,8.324957563094734780e-01
6.177676520640336122e+00,1.852396012076199749e+00,6.107121697685313322e+00,2.071600056392949085e+00,5.297572337865043224e+00,2.634100033737910573e-01,6.501372765718798075e-01,1.194900711202469878e+00,2.165279077817007458e+00,2.279818579915624532e+00,3.325025249834290264e-02,4.379777149158139427e-01,2.117121297888314935e+00,3.442271547793137598e-01,2.341298711658692522e-01,2.101437123216499003e+00,4.653110977051612807e+00,1.955504414355893728e+00,6.492438390298256756e+00,8.388795523958709754e-01,6.482180852224435075e-01,1.082246831048725433e-01,1.544745973065641209e+00,4.583657224430355726e+00,5.855250658316028201e+00,4.782751084056992008e-01,8.338353296748372001e-01,2.337177730414762955e+00,7.497120736898346571e+00,6.410647847011885503e-02,1.038534325169184092e+00,7.289085754038864273e+00,5.412856392742574130e+00,4.153129653655383891e+00,4.606785586689825962e+00,3.183606895142805371e-01,9.684024179802628751e+00,2.222383870607436140e+00,5.006312476779149812e+00,2.007765440008898672e+00,6.536966576775771198e-01,4.621889401147782905e+00,1.024559411256228181e+00,1.275007714885088239e+00,1.030693995390289608e+00,7.110590357984208687e+00,1.465982099986813170e+00,5.056590508123249172e+00,1.519349167608313955e+00,5.307544343588753932e+00,1.298095274846837288e+00,6.925489180939959688e+00,3.528944423630189231e-01,7.767445849754524900e+00,1.384020074338718098e+00,2.656389011698686353e+00,4.567949398201950117e+00,8.131158723363871577e-01,1.689009521278564740e+00,2.255463076885948936e+00,3.937037719994496587e+00,3.411623245622134037e-01,5.868147151225224789e+00,2.375672656949645578e-01,5.796998656247762227e+00,6.464079147948617710e+00,5.684423291341516915e+00,6.852348116557742674e-01,8.582039680378864555e-01,2.515648301068180270e+00,1.584293043540503376e-01,6.613612408349243132e+00,6.900016095424013063e-01,3.661940416397963638e+00,3.953895550920730750e-01,5.376238741956742118e+00,2.155901538386184590e-01,2.453920846937054812e+00,1.521913563309277739e+00,7.707371063872411554e+00,6.381313977484718514e+00,1.311538372790651108e+00,3.326124899599814944e-01,3.354930268851702202e+00,7.616795860841087062e+00,5.511148902745995670e+00,6.292178820247186444e+00,3.083569888964435624e+00,7.192865123762778090e+00,1.277442047709310025e+00,1.581469891632102609e+00,4.098316040725856979e+00,3.178299988896568173e+00,3.347952292838018984e-02,3.655604254825127075e+00,3.343200244474174632e+00,5.236315725807460630e+00,3.071703487204088479e+00,5.311096253003843692e+00,1.541533751196237922e-01
7.407163487511250199e-01,3.703641457313822993e+00,6.672926880625607460e+00,7.536153737821646104e+00,6.873972645095155487e-01,1.464092144750686719e+00,6.548889371533075376e+00,5.007708214713641581e+00,6.935489184000319440e+00,2.381599329334134207e+00,4.903494583755941605e+00,7.151322203274697031e+00,1.654769608012396365e-01,7.719879356340031862e+00,4.023040448599957131e+00,4.603641257564405898e+00,1.819880642550261163e-01,7.805795945511208700e+00,2.234238155298140072e+00,7.608249135216524905e+00,7.507258908224975436e+00,7.422450685770870527e-01,8.242612546834756637e-01,7.047398567143858372e+00,8.456939418523610641e+00,8.148696372875198213e-01,6.586321170202015907e+00,6.205086565079839467e+00,2.115756600412772137e+00,2.128342153086728583e-01,5.168885632760906290e+00,3.355165087092276899e+00,2.385440802222726919e+00,6.494742134782681475e+00,2.512310559344118843e+00,7.188403941437192524e-01,3.712730472954606675e+00,5.110470979922886237e+00,3.227802516661104182e+00,4.256169896685844112e-01,5.959176639190027380e+00,1.550620438200497553e+00,1.763119155138290317e+00,4.588978978190740854e-01,3.558858213750070165e-01,3.776782688315976078e-01,1.487534615775428559e+00,1.629212380042944108e+00,1.287866038990194806e+00,4.328994354665255173e+00,2.568881494063835369e+00,3.167511845502284373e-01,5.175953839854056326e+00,5.469692167794905302e+00,9.999473254853281645e-01,4.422569711301851392e+00,6.197793651118377767e+00,6.064248877110858249e-01,1.453691723758895993e+00,2.032324864455601343e+00,4.254310022186670537e+00,1.881296474919385009e+00,4.168537513167037467e+00,1.034586068903717626e+00,1.985315745201307047e+00,1.661855689932877134e+00,5.504926511536660794e-01,6.834720994522480719e-01,6.046495766341395850e+00,2.183871336998257640e-01,5.503331502164144906e-01,6.382846698154898135e+00,2.616253439314889739e+00,1.216846728071103056e+00,3.261423739001239053e-01,3.299691294967749045e+00,1.610851239733063878e+00,3.660129629547734798e-01,1.623449698035418276e+00,1.054630865443268117e+00,4.352173096999830015e+00,1.208288257985929315e+00,6.925828614322948162e+00,2.657868705175316038e+00,5.593407159428975817e+00,3.981582491918584488e+00,1.950638238649855971e+00,7.831519096579587114e+00,3.111755948011449391e+00,9.696635926375047898e-01,5.556904028543491414e+00,4.565072115489704707e+00,2.196800722412955764e+00,1.136846296155236136e+00,1.457409944518391232e+00,5.381860845613082311e+00,6.189038567562906934e+00,1.223258926613720377e+00,4.518132973828448584e+00,5.427121172580808839e+00
1.039486880864148199e+00,4.082466485359189434e+00,3.593519423064155394e+00,1.242912585233470368e+00,8.806068005573701285e+00,3.194907384897523350e+00,2.607559802540401428e+00,9.489986322885589631e-01,5.894719513988396997e+00,7.862871455039864621e+00,6.505743005269912338e+00,4.427311972237777393e-01,4.383046555146678180e+00,5.750513600693877514e+00,1.737549964461809981e+00,3.961901267642756075e+00,4.427766359361486437e+00,7.673740523920272949e+00,7.574923368713164074e+00,6.152483689450953364e+00,6.606727628056794366e+00,3.559438623808726554e+00,6.348918709753606393e+00,3.619394370235415437e+00,1.732475976050395605e+00,9.426850534374616730e-01,1.736688649939266860e+00,5.035523754545161879e+00,7.410971103008339611e+00,4.340202297292166556e+00,6.670018341380164806e+00,7.173606128005609595e-01,1.815619849589338752e+00,5.012060904864761302e-01,7.365524924631785098e+00,4.967723786384289575e+00,6.297008204511238105e+00,6.681835941746529173e+00,5.542516925364671998e+00,3.816034664874622173e+00,5.573396164144043041e+00,4.886083201378656149e+00,5.152651898260342200e+00,4.451211867742902228e+00,1.199279527148436442e+00,4.864106784598053679e+00,4.453864371105064279e+00,3.793301874203598434e-01,9.119406056206072364e+00,4.650444468531995668e+00,6.840230621451658166e+00,4.071808334770937732e-01,4.987962785600855709e-01,4.242738124923139509e+00,4.306782993743931698e+00,7.269332151735160785e+00,5.569213382018604719e+00,4.069541791642162565e+00,5.242673171064843096e+00,6.762550768613651009e-02,1.540210410027299526e+00,5.827984089732867190e+00,5.449944812862565158e+00,7.143001019073079050e+00,4.467934912276596116e+00,4.007855699160723262e+00,5.907317494457740459e+00,6.504619354603920378e+00,6.312043966755958913e+00,1.167502952606962241e+00,1.754789111719867734e-02,4.532378652193019164e+00,4.932626732356963473e+00,3.593939657668030474e+00,4.922678971433428474e-01,5.820200504065417002e-01,5.675232783883174648e+00,6.296022839604072274e+00,5.683503436220755489e+00,2.013490794524692262e+00,4.117906804566499268e+00,1.109175549017393569e+00,2.265226944514100005e+00,6.215727922950319950e+00,6.363105605648832430e+00,1.900880922268243012e+00,3.915286956391490492e-01,5.478202907906204011e+00,4.345716837299430146e+00,3.109020164541608011e+00,3.741028055777247729e+00,6.198404241036507223e+00,6.624124376580851958e+00,7.575152883393445613e+00,7.731285281495337003e+00,8.047264350350236128e-02,2.542445243247100084e-01,5.574895827947570215e-01,6.652484979327978998e+00,1.031361655564323021e+00
2.658820898289246948e-01,6.289263292706671393e+00,3.947067122667998973e+00,1.767708785579813480e-01,1.503847240942216112e+00,6.918920606885032853e+00,6.558384466476425700e-01,4.494474477197901940e+00,4.434640479622154352e+00,4.456102703249410268e+00,6.690896173621612153e-01,5.573222425819688297e+00,2.177591098370995626e-01,6.170939766253832559e+00,4.260613643197216582e+00,1.236531171193835377e-01,1.030903590557895377e+00,6.576567726883808973e+00,5.602391595451928552e+00,5.724169571867549600e+00,6.189497823873796101e+00,1.327612355909464137e+00,3.947617114184822640e-01,8.259662323086383040e-01,2.134041462094987907e+00,3.199820467833800919e+00,6.287423103213908071e+00,8.075439517490585750e-01,1.875251720718414283e+00,9.252309840080196190e-01,1.203054203173731906e+00,3.972971177989208069e+00,4.874843723671983931e+00,7.469249329811932903e+00,1.584311655567800514e-01,5.678599341256726163e+00,5.175116697011499234e-01,9.592828470184292522e-01,1.914178805000643857e+00,1.168612655719500903e+00,6.765517693229449847e+00,1.920810034579180314e+00,5.344884951798420936e+00,1.658849390554961278e+00,6.571806171103060645e-01,2.382334784031755470e-01,4.221275345962993697e-01,7.434542208369697702e-01,1.150281531736780272e+00,4.122114573206370203e+00,3.001106927674089819e-01,4.935480150336052141e+00,2.006290253135691870e-01,1.162570084215805766e+00,4.484888864048381940e+00,8.441664496039125165e-01,1.761911998778840083e-01,3.516966668621311243e+00,1.784032551935702093e+00,3.667370088548785878e-01,1.769097733697747810e+00,5.526035978138353677e+00,1.679905522582122668e+00,1.000854560802084015e+00,1.375702486976569050e+00,9.454605154871522643e-01,2.753509642553442216e-02,7.535443867614829649e+00,1.696465060695707017e+00,3.153025256962551204e+00,1.666589963322300694e+00,1.679474310749864641e+00,3.221696490447117922e-01,1.050317280438995970e-01,7.352156080472674660e+00,3.237130851268884335e+00,4.047282514710980550e+00,7.373667650577274912e+00,7.665960306396941704e+00,6.050058099025367397e+00,3.985949104643043972e-01,4.327578468958223068e-01,4.849624854903508364e+00,9.168385723534662191e-01,7.101817139667193857e+00,1.360258033307261138e+00,3.740035899811784859e+00,2.441514085753865970e+00,1.129105978136271560e+00,5.383206034118437344e+00,6.202070696434687669e+00,5.724805215868405739e+00,5.145305191231129172e+00,5.115849327537230762e-01,4.032084026609925154e+00,7.417499832744846699e+00,1.119879607062540527e+00,6.914497575276553398e+00,6.609918635675872345e+00,1.053096749268129795e-01
5.023892907564375676e+00,3.952155275680143465e+00,3.045440051630103451e+00,7.055932252509840019e-01,3.779962245812634736e-01,6.246387932279734656e+00,8.343937798815558304e-01,7.565944662067535242e-01,5.065338725438589762e+00,6.203521590111156225e-01,5.003529697243737751e+00,1.611747823976771521e+00,2.244712834486834119e+00,5.625483940441423414e+00,3.174121512634897613e+00,8.542846338809342299e+00,5.553783250994837495e+00,7.411798990504641083e+00,3.673004145752387650e+00,3.888882321445596091e+00,6.421467651175220226e+00,5.393759256467545171e+00,6.481066977882991686e+00,7.181178621057327405e+00,4.826367168927048645e+00,1.295303223661266712e+00,6.782175631223202217e+00,1.396552528985087083e+00,3.155240848144341026e+00,5.390182708507860632e+00,4.828580397644175015e+00,7.256199910381130991e+00,4.014995101124043231e+00,3.864160504079256597e+00,1.186027601595188719e-01,5.902905039503428597e+00,2.984634847723370843e-01,3.562612522871821952e-03,5.265568549159765688e+00,6.204609996846297548e+00,4.759618810050201709e+00,4.622237535481432680e+00,6.278845497659755637e+00,6.052688089186817777e+00,5.804700644047093849e-01,1.238891143326357192e+00,3.199012070338230984e+00,1.025496818124453258e+00,8.753863770396509425e-01,3.126669250836056513e+00,4.829371810900241258e+00,9.517417899387055069e-01,6.723150920354008520e+00,5.593514797112734804e+00,3.796055846979442538e-01,1.772857740783469360e+00,5.947903699327374838e+00,4.686710769474221827e+00,1.539408609524888671e+00,6.915934836960646592e+00,8.857490984935843414e+00,5.436191418515901042e+00,2.297758078908707979e+00,2.013332853571467407e+00,5.873028929238364171e+00,2.518230809545265014e+00,6.478961814645122885e+00,6.618789337451969956e+00,5.246645777243312381e+00,4.084150082177306906e+00,5.242414376322715341e+00,5.093984422640813747e+00,1.996408061954394686e+00,4.489705565800391263e+00,5.502139586905000712e+00,7.017412905420826519e+00,4.715981235097870261e+00,4.347417825871180419e+00,5.644361118837286639e+00,6.196972737969642431e+00,2.390052417881704638e+00,6.419149035313804763e-01,3.008196546550391925e+00,3.617342513660327663e-01,5.994714086583782908e+00,6.762565168897827217e-01,4.005065946515589559e+00,1.371549102331580006e+00,5.215664154089632021e+00,6.324186062121053276e+00,5.388284338082632630e+00,4.091104356040320411e-03,1.436693686035952044e+00,3.149763557209126486e+00,6.956122227165315586e+00,1.177198595822582794e+00,4.848441633523798089e+00,6.356525361348304592e+00,4.237440608687707000e-01,6.014046622656474383e+00
4.405765028360538738e-01,1.412367797897313704e+00,1.787316451372154003e+00,2.340710700972359337e+00,1.674422675642118552e+00,3.885454013023828423e+00,1.003760329111692107e+00,4.270605793936439909e+00,1.779302068708354057e+00,3.127568840179800524e+00,7.432758482009578227e-01,2.708229187864846566e+00,3.324419247663774613e+00,8.886391747969979438e-01,6.811818739697026892e+00,6.282420557914942805e-01,3.067612786047750895e-01,5.853669595890500510e-01,3.348140103776263476e+00,5.917898000467072261e-01,6.659760871020219852e+00,6.899848219429319585e+00,1.719003472627142592e+00,1.301576255611199606e+00,3.419359995802924157e+00,4.039267405125715804e+00,4.999976112025946051e+00,5.807716929257027871e+00,3.075006653352352792e+00,1.602566284232088023e+00,7.202094219162419542e+00,3.429225268815606409e+00,1.870306892921720365e-01,2.846795418287925150e-01,5.374287898161015598e+00,6.535967862303275755e-01,4.129886707816517344e+00,6.612955129785271779e+00,1.911604841415636802e+00,1.575499159606518429e+00,5.421986907284043866e+00,6.291424389274562046e+00,2.236414426102718345e+00,6.785130103267532853e+00,5.146180616192847168e+00,1.130831857115093930e+00,5.602294867543387014e+00,6.962763812211744785e+00,7.032509052783993297e+00,5.039861801348921588e-01,5.987637277700750271e-01,3.611850168065471323e-01,8.330997255143559599e-01,6.349282823319252422e+00,2.079771099803202627e-01,4.622272431712964647e+00,6.453061747663992875e-01,1.917690853507800774e-01,8.974684787596785007e-01,7.774800410430298570e+00,4.264761499520365540e+00,5.398538265830922001e+00,9.111527655490717637e-01,1.423915549205365449e+00,4.788265176219832497e-01,2.161962063355586494e+00,6.461562390485067198e+00,1.310633637609600610e-01,1.222501928190325549e+00,1.372963519566552382e-01,6.973536898092935310e+00,1.268412546915762773e+00,1.573247395875685850e+00,4.974738927490298668e-01,1.192415599330260090e+00,5.607629173001391631e-01,7.299949997383103906e-02,5.621585845746166488e-01,3.347012897923521191e+00,5.500720265656732222e-01,7.335837029650330798e+00,2.096581931530789866e-01,1.556883685364386594e+00,6.021357011801459436e+00,1.479899726399210413e+00,9.377705996016351131e-01,3.819860321353527599e-01,7.063565430526152156e+00,6.306463091244800978e+00,1.103096870702658272e+00,5.739067605610210343e+00,7.167631111224120666e+00,2.643057644926076755e-01,3.575368453783867029e-01,1.748033275150209231e-01,4.062965847668998265e+00,1.701792520937098319e+00,5.027241153390036743e+00,1.837990710486077983e+00,4.215804594486238344e+00
6.640346572430010141e+00,2.336411973555958532e-01,6.663450373330883636e+00,1.179050663943724153e+00,6.578880560334019911e+00,6.028642172275367805e+00,7.158814558730428601e+00,5.833584858466624112e+00,5.866797057905462687e+00,3.291931737143398262e+00,7.125569577854435899e+00,1.240089081655703751e+00,4.092536925003566139e+00,6.429546356586530287e+00,5.061728456662154763e+00,3.111516880661138185e-01,3.726824869809407303e+00,6.235663295651565630e-01,1.077881341604484788e+00,6.996035567064041061e+00,6.616106314755025863e+00,3.053160444163360854e+00,5.206347626419823627e+00,6.655217013566179229e-01,4.208518357596146231e+00,5.455064028709822210e+00,7.947449923733191923e-01,1.780217955163742038e-01,7.535609350880392299e-01,2.632168892411990146e-02,7.136836291982795455e-01,3.751393706104577674e-02,6.355790129919187237e+00,1.042645998238285632e+00,8.971446725882427087e-01,1.113722089001760507e+00,5.631907732986231707e+00,3.071800237191414151e+00,2.278182000197851664e+00,1.253438010304241956e+00,7.883871294349978243e+00,9.182268426615218804e-01,6.284444661904126761e+00,5.331079603602748129e+00,8.058711555858895537e+00,4.548053481498741668e+00,6.025307589030493460e+00,2.766764420652356726e-01,7.457346498710896832e+00,6.876116370650551257e-01,6.770456843860006568e-01,3.099272104964785779e+00,1.689802523900365117e+00,3.749548897873832942e+00,4.390527463429663158e-01,4.158581108272501936e+00,7.941786682631658323e+00,8.553834632894073309e+00,4.533285740168143008e+00,1.878308615363499801e+00,5.221345853668317716e+00,2.457323864622287246e-01,2.275852084395081354e-01,1.359779901729999851e+00,2.274431474608820114e-01,6.854601456433334405e+00,1.922021971098538673e-01,1.653653931533449750e-01,6.339183036358937429e-01,4.890856474489437389e+00,4.777466819822197008e-01,6.911995655732805943e+00,6.196656458248656740e+00,2.679485973121511488e-01,6.668919940007212332e+00,4.571060992587380412e+00,5.274744749095908958e+00,6.929004915111823593e+00,5.050680629898051777e+00,1.711376644975258987e+00,1.155431720943645546e+00,4.146493343358903516e+00,1.775239135733647666e+00,5.402847381638451907e+00,4.627039899169545834e+00,5.724556201827232016e+00,6.419532503393180711e+00,8.399410180244444302e-01,6.985194096107353090e+00,1.675526654727307996e+00,3.907217948407348374e+00,4.407796978642793739e+00,5.697881265661040473e+00,5.227248235463148873e+00,9.481956353094544987e-01,3.108730538969420198e+00,7.630699190813367672e+00,4.610029040670224898e-01,3.756654744431592974e+00,1.176176047876360986e+00
1.068767891465645103e-01,5.535884658554062199e+00,3.477586037449084122e-01,8.057675458053749296e+00,6.872841235258110970e+00,4.200941664353454286e+00,1.723726648373301362e+00,7.164161341045858222e+00,5.939294723295122758e+00,1.647472111612053869e-01,7.654019144103487271e+00,3.851131756846390530e+00,5.646419082103468767e-01,1.531516789613268870e+00,8.072029248833024084e+00,5.020489741353656221e+00,6.196414947262315565e+00,4.670754631850876137e+00,6.897266711331649702e+00,4.008584538554945453e+00,7.581530367193220599e+00,6.059691621349778679e+00,3.447123220476774996e+00,4.258014614143235121e+00,1.513177540414997413e+00,4.416167161362595905e+00,2.257199151505932200e+00,8.864487695972298908e+00,6.744447738196718056e+00,6.005608683132056314e+00,6.710340075047061426e+00,6.794666168336136458e-01,1.310817209991915977e+00,5.688177827899778549e+00,6.559179218909847009e+00,5.323040142991057877e+00,1.248262316377422021e-01,7.128289041189212583e+00,4.571731710040962682e+00,7.904219350830801183e-01,3.445430619320702270e+00,5.533513597745830737e+00,7.526100432820987507e+00,3.085280496559519303e+00,3.508731858734777553e+00,4.013015788699637376e+00,8.358597577799551814e+00,3.392685221619353264e+00,2.332909245917965890e+00,7.221570314743864571e+00,1.515303441392515937e+00,7.284069042981045961e+00,2.421478660832985241e+00,6.210557481319670892e+00,8.439694536548323356e+00,5.046799722007799360e+00,5.450193042651730657e+00,4.880095452404817902e-01,8.313864497250097685e+00,4.638535635251330724e+00,1.405992805505963394e+00,6.350545421970462456e+00,5.063870427969716204e+00,6.107264469921345196e+00,4.066678022739385057e+00,1.320644040495556393e+00,7.514708982667880122e+00,8.072480756096449994e+00,9.005773550441380504e-01,5.459835188712388820e+00,5.945689568520228896e+00,8.234781626167104740e-01,5.868696635826611718e+00,7.938102895228226430e+00,6.457701230421547756e+00,6.562483985519783403e+00,5.806869994315194461e+00,2.624252455413953466e-01,6.824144794919008383e+00,1.361375612044414929e+00,4.061469195904246376e+00,4.506854889887898175e+00,1.814428050699805617e+00,7.496738289029793556e+00,5.594315228272336071e+00,4.922906552809633851e+00,1.248835590907164672e-01,3.635482191391209206e+00,3.298181934742322241e+00,1.889950266705909598e+00,7.378070423040928638e+00,5.944958638469120871e+00,7.144240116097331672e+00,1.114065155411462893e+00,6.629209958962714921e+00,3.608711665431658666e+00,2.263880898769609296e+00,5.785927694402930310e-01,1.907945656577521021e-01,3.085209724916887275e+00
5.145676891910049733e+00,7.132945572959599190e+00,4.768117614163905893e-01,4.304071819625562512e+00,3.818065631903344581e-03,1.996370419507203620e+00,9.731889920155023521e-01,4.520640388093720929e+00,9.297117870615668522e+00,7.927585126970468465e+00,6.111678715998272171e-01,5.946688447179893089e-02,1.857716858090536771e+00,3.592164868035934155e-01,5.835119542376676627e+00,2.035112141404658903e+00,1.790276923641991313e-01,3.268565709458628454e+00,1.512996029852512692e+00,3.654981985917896026e+00,7.472837843566376925e+00,2.493228848142077236e-01,9.593543231135505112e-01,6.168024498171312819e-01,1.467642595865699118e+00,4.692847726648144757e+00,5.579700626917095008e+00,7.327218137390619113e+00,5.561620389825375099e+00,2.598223056105433137e+00,1.519345093176074801e+00,1.095304172375022311e-02,1.295310111284572852e+00,3.787762917159835041e+00,7.649115404417925035e+00,1.495116496610428003e+00,1.168010569153026701e+00,2.810681012676476964e-01,1.398808314709495404e+00,7.983767390655055252e+00,9.736100300059757906e-02,2.957702109144418667e+00,6.688162507395738032e+00,6.306408608571298480e+00,7.258667035481775720e+00,4.620112166720087288e+00,5.847639151654639988e+00,7.125753351298659055e+00,2.821327065551078039e-01,7.112966760581096892e+00,8.630097321991443415e-01,6.699396625001346806e+00,5.949288764510850314e+00,1.863899445779303665e+00,5.531057482327321750e+00,4.714669511945547953e+00,7.124710172789976426e+00,1.144755048957551757e+00,3.050651835537482537e+00,5.131929283659407481e+00,4.106900133905076800e+00,7.604514797670522963e-01,6.611252007405940212e+00,5.421066091143768695e+00,7.331875180652580148e+00,6.629704818792672150e+00,1.637579078160792623e+00,3.938396284746053411e+00,2.301911799747458076e-02,5.533582085086797164e+00,4.436956701581972196e-01,1.220263860740091966e+00,1.221254105975354776e+00,5.074934645399725497e+00,3.502796479883716785e+00,3.287693442453585302e-01,7.262610537148430190e+00,3.054493307423627346e+00,5.813651196836745250e+00,9.755410468983349848e-01,3.046540536530013554e+00,5.985324954171784562e-01,5.615207416993799328e+00,6.581278937178324462e+00,1.748728335926008182e+00,2.271691312023376152e+00,4.263657732911895870e+00,3.317168669989873919e-01,4.705397978527223302e+00,3.634015684875500085e+00,4.135504066285045965e+00,7.189810039611107761e+00,4.899137580086233790e+00,1.998575376037245999e+00,5.518992025724744899e-02,1.105729277968732660e+00,3.968961470744882369e+00,2.944909703770826059e-01,4.270701589189886072e+00,6.290673598466707261e+00
4.792273905202796058e+00,2.140830180612728562e+00,6.739944722911493713e+00,4.451441496048805568e+00,5.177337914400049534e+00,3.316005581557255333e+00,5.082431055860413771e+00,2.048942750357945819e+00,1.503327668640925818e+00,4.052254093495073484e+00,3.438930267951890718e-01,5.081230743780209558e+00,4.472202289978765677e+00,2.074445672139995978e+00,7.279373335804650402e+00,5.377298118503604840e+00,4.682962765146753803e+00,4.411201027006674380e+00,1.146793788770193112e+00,4.690562191973743467e+00,4.614732591865140954e+00,7.007618620719585856e+00,7.928891064240179531e+00,2.000126136096185725e+00,5.558595474206279086e+00,2.424654845831615724e+00,7.490739431838767670e-01,5.662516495289055207e+00,8.911170389381753765e+00,5.239647576806367724e+00,6.924997695279667020e+00,8.261886462506836892e+00,5.277018505785917579e-01,4.541628400706862578e+00,4.665565750326562400e-01,6.708224677981759143e+00,3.964501642672614068e+00,8.074893231231903279e-01,6.974317028884515324e+00,5.007345698332131612e+00,4.237071210334942606e+00,7.341975125677353553e+00,6.474350100095984217e+00,3.380676385353747371e+00,6.020174741791952222e+00,5.428684635204490405e+00,2.745593047596928127e-01,7.503664304906858540e+00,5.818252186152914618e+00,6.234277160089442660e+00,6.790809275376339826e+00,6.135998115394999175e+00,6.897110662791562596e+00,6.162390666265849859e+00,3.433734052178380125e+00,5.551043131596383517e+00,5.557034058295826640e+00,3.347274665768343871e-01,7.281955681727038332e+00,3.881774524794296077e+00,6.253761127068944603e+00,5.990824755679657443e+00,4.429109534802940118e+00,1.993452338490646181e+00,5.259931413885912121e+00,6.377325177823759184e+00,6.663933807314498914e+00,6.490461930576659100e+00,1.259557342540449376e-01,6.270944984907328212e+00,3.883989676014500070e+00,1.194236567812738237e+00,2.245568052624888900e+00,1.055508666283848207e+00,5.683538616952266143e-01,6.335140687637074386e+00,8.037064825804360879e+00,5.072549020480796145e+00,6.907106435540645961e+00,3.732491882815557993e+00,4.026184409119101915e+00,1.497242836177528513e+00,6.781738651798483453e+00,3.669350488718804648e+00,6.811657901511130042e+00,4.881217641395649842e+00,1.624526584908723148e+00,2.843413503716840651e+00,4.164550689504209480e-01,3.162495439686451970e+00,1.073188707424205690e+00,1.948625466910828496e+00,4.198078718603218462e+00,8.382214744048505084e-01,1.565746463172696723e+00,4.572939552960573195e+00,4.943414351866042722e+00,1.095548865623950041e+00,1.517325227332490423e+00,5.375263059442117353e+00
5.278233004630154213e+00,3.412549772966329442e+00,5.239743664132523016e+00,5.875154255998271680e-03,6.250003089416376056e+00,2.886604038539629880e+00,1.400643666983295343e+00,8.221434415096451787e+00,5.443228912551596466e-01,2.010578710745061670e+00,1.378339317001292530e-01,6.302326620728265993e+00,3.593764436497101755e+00,9.147995202411260962e-01,5.869758551500920962e-01,4.580322400893824808e-01,5.397496193618865234e+00,4.217777428146819219e+00,4.030992890405562967e+00,4.701113454747086529e+00,1.321333225371180475e+00,5.613593966167294447e+00,5.433937616153601269e+00,7.073686520922789711e+00,3.685753702652017960e+00,7.847835005251781126e+00,5.888949229491642789e+00,4.671904119926757915e+00,4.003543868884875678e+00,1.704142204846151198e+00,3.759702031744602380e+00,6.603075838657016305e+00,6.755728103996244016e+00,4.965289090153595097e+00,5.647949612733579094e+00,6.757521341389824521e+00,4.799808247159603525e+00,7.547732930910928673e+00,5.463719882221180768e+00,7.754031185589059127e+00,6.874710372700731931e-02,6.741135996304365108e+00,3.120495987524161130e+00,6.013385425962156638e+00,5.188169351076895586e-01,3.758908649138034797e+00,8.288913447780051902e-01,2.037532754133337676e+00,8.075218835872028933e+00,1.415915880541526617e+00,6.523301252683616269e+00,3.375666391210017103e+00,1.632931580701337371e+00,6.890062915597993332e+00,5.580829873576322875e+00,5.786894124608714662e+00,2.662826113770376146e+00,2.780349372073827041e+00,1.827184225386915273e+00,6.226956872754002559e-01,4.461533584063700708e+00,1.521915008700059690e+00,5.427450040615324767e+00,1.190016612955166586e+00,6.871040206022599683e+00,7.141274831137426560e+00,7.769929893545407751e+00,4.299781085092575061e+00,2.023098091517867125e+00,9.064152562777189059e-01,5.998940374749320625e+00,4.316570636387380588e+00,5.272687922916540870e+00,4.198325532244944647e+00,6.094699693746529867e+00,3.177711049025958800e+00,3.080987615020648107e+00,3.631348548842214807e+00,2.368777697233684254e+00,1.591585299122771469e+00,9.093571397624411468e-01,6.545335916518830288e+00,7.165575690411384313e-01,9.938243369062563781e-01,9.531717842824849463e-02,4.576814546152062846e+00,8.263417438443422469e+00,7.419032785568298038e+00,5.452715762610914396e+00,7.899615645012309173e+00,1.023509834942385455e-01,5.040856259201860645e+00,4.878754101019168177e-01,6.507500375103604462e+00,5.264898983582989800e+00,5.850343057212045395e+00,1.701609687404550542e+00,9.008825755335800878e-01,3.236830111948775235e-01,1.157619780260823683e+00
4.347576638255545411e+00,1.595743038186117513e+00,7.438077125647655663e+00,7.316602629028557736e+00,6.903132870260385578e-01,1.940885411894608392e+00,5.482275891986787553e-01,1.710757695492841846e+00,6.532020698502484457e+00,6.141630061108335426e+00,1.055867238492175231e+00,4.969381919219943988e+00,5.640921084483343506e+00,1.744329706629688559e+00,7.569193984651647611e-01,8.323104122318209619e+00,3.563565606038678890e-01,1.092259215988208743e+00,9.618722868883250454e-01,4.158399667415962675e+00,3.480943445821701232e+00,7.683380407090481867e+00,6.369700479774618174e-01,6.312517293879837510e+00,6.158586586936855234e+00,5.287482606520850226e+00,4.078604730225566577e+00,4.800063356636842471e+00,7.970969531171776090e+00,1.746136096779320468e-01,7.919439608079913429e-01,2.988172723612490422e+00,1.241779785686412563e+00,7.987977822589036769e+00,8.654252151315095176e+00,7.964990220905448837e+00,5.233786003286981625e+00,7.105595505248055055e+00,1.583809425630005041e+00,7.547251185694439535e+00,6.434547593980674662e+00,6.110431674035988081e+00,2.526251748355663018e+00,4.540689444863937219e+00,5.592809164472432037e+00,5.310175074510228299e+00,6.674964549868919406e+00,9.270162110197910366e-02,6.080782069889540953e-01,1.698978208563662662e+00,4.203692628032808187e+00,6.181164590835336314e-01,1.676201423536377355e+00,2.830860950609057625e-01,4.318238357107617720e-01,6.240248748552833513e-01,4.937183427401627078e+00,3.374931272351012090e+00,6.005362676363811048e+00,6.764095282235311757e+00,1.722953823886224978e+00,2.977562249279406270e-01,3.698324751849015435e+00,2.024186488212664337e+00,6.207738279082381183e+00,7.714389149440846083e+00,5.312737991827100714e+00,5.568752899378570653e+00,4.825949116844748588e+00,3.681887691227478943e+00,5.004258888570509711e+00,9.737761937053823758e-01,3.666317534565353142e+00,4.201963598508625886e+00,6.120514819389560657e+00,6.370531755424869935e+00,5.861958928337217323e+00,4.694643947873571310e-01,6.005020328233446669e+00,1.934556024830146104e+00,7.204148774808727396e+00,3.148724438560229544e+00,3.094781254925572433e+00,2.842435682772769256e-01,3.368801620004256758e+00,5.823220677433788239e+00,4.204320470570300117e+00,3.898910082996884796e+00,1.482993012581727443e+00,1.884435824568703399e+00,4.605161804188902863e+00,2.397251172751604376e+00,9.245303346699613734e-01,2.232725246734500679e+00,4.013644056776158209e+00,4.528648998696964689e+00,3.756327861857775119e+00,5.747248664930664219e+00,1.661325605428420893e+00,5.694906915024240401e-01
5.211646054258419980e+00,6.053282954468498289e+00,6.059071887745321128e+00,1.031888939351136347e+00,2.532361453951067265e+00,3.719080405592555927e+00,5.134603189477914498e+00,4.405155287581544066e+00,4.299603994313603295e+00,6.076170176574038351e+00,5.756701941886483098e+00,9.933352935776106341e-01,3.208091281550338181e-01,1.582399428542016206e+00,4.030121381029822203e+00,5.610125885671718216e+00,4.479353016426398382e-01,4.974281885798815139e+00,3.074825217230519492e+00,1.126440439025938600e+00,3.204182643727508495e+00,4.578101940103426415e+00,4.063089154926049495e-01,4.354061910058119267e+00,5.042882521139316232e+00,3.176979560659977775e+00,1.307939133354908634e+00,3.251531178812504308e+00,5.305983325988058219e+00,6.002618798114434107e+00,8.252395917938144976e+00,7.189794472118332891e+00,1.990051676624384314e+00,8.305213188784213330e+00,4.703560884564783606e+00,6.132974731051064943e+00,5.107852304356322648e+00,5.307165167077713797e+00,4.481965797451004541e+00,1.821715903413208437e+00,4.722718778367239523e+00,4.854111846205796610e+00,4.691271127770091809e+00,4.392856245706029394e-01,5.507453424872543746e-01,4.031994782971467295e+00,4.088419067575303600e+00,5.931982103904873682e+00,1.821758493643366172e+00,7.870062173147585938e+00,5.204576110348304141e+00,7.025460019765134234e+00,1.560647982285019442e+00,5.259208159363281787e+00,5.574089589608366424e+00,1.279323559871405003e+00,3.390575877280833872e+00,3.631199835942492626e+00,2.446046364663460260e+00,8.415911677121915568e-01,5.353336631783188970e+00,7.277893525301720956e+00,1.960030661150037767e+00,1.046367910491268205e+00,2.056660215167072092e-01,4.169187752094101640e+00,6.353765590172951505e+00,1.124781687565064692e+00,5.473926966102576230e+00,2.596119935668806278e+00,7.896079104349235323e+00,8.020942269281643888e+00,7.856079292446206397e-01,6.601950840348591587e-01,7.983228353465049665e+00,6.754790218442407124e+00,4.693773741348710615e+00,4.871865352543251149e+00,1.856308985197368866e+00,2.517520003000625284e+00,6.094008283326413533e+00,3.509324718619385219e+00,3.449894348268858657e+00,6.753404362545142980e+00,6.694828426291930867e+00,3.829361214262696045e+00,1.927303512063160085e+00,6.080216023387320590e+00,6.041687304385919610e+00,6.029969039194913449e+00,7.334771877426755182e+00,2.401904210762669578e+00,5.904779049232745436e+00,4.912771220635833380e+00,6.756905556511851429e+00,1.145822278332363053e+00,2.046500534272085225e+00,6.954498958253637397e+00,8.203517961513025369e+00,6.381104171061098285e+00
6.433198389867540001e+00,5.542852231786256745e+00,7.363809065796298015e+00,2.125218509832623504e+00,4.028035103486145907e+00,2.618267461607991287e+00,9.200614646225798721e-01,5.665905843017536192e+00,5.242404259553548940e+00,5.498041584608611920e+00,1.382523093858690988e+00,1.502788574133732347e+00,1.173797506779541866e+00,3.108946774883760256e+00,6.384239925144346905e+00,2.623698611506545486e+00,1.758690502184859339e+00,8.373907512375844409e-01,6.429928307930790510e+00,7.075749310960879335e+00,1.882002516182241347e+00,2.284983341147128755e-03,3.840732879121571575e+00,1.042696883990631873e+00,3.277609650197137903e+00,9.019388482535714013e-01,6.146370378303092075e+00,2.134260297066061796e-01,1.092718207808845099e+00,8.572932423119483669e-01,4.494971946363294224e-01,1.732689168724327988e+00,4.577714477916734026e+00,6.340859136765587323e+00,7.580508571854094324e-01,1.564651131179621402e+00,5.032431399617765422e+00,7.763656071166525896e-01,5.301499886069978018e+00,3.267908740398276279e+00,3.226842492631608827e+00,2.141898372517343496e+00,6.932180535391202270e+00,6.718207626606600869e+00,4.177006037232099622e+00,4.044172073035748660e+00,5.675673931020702945e+00,7.781334704390980406e+00,6.524665751632467092e+00,4.250140840789410346e-01,6.406430223218661624e+00,8.159547457335962761e-01,1.744304953748456732e+00,4.693546578783988066e-01,1.410091455985529318e+00,4.157904480137567305e+00,1.473594357882663797e+00,9.317102406201881459e-01,4.404622280579951976e+00,2.244395835989317911e-01,9.299998598011988138e-01,5.603942219736382846e+00,8.862822049932630453e-01,9.819460100740146080e-01,1.302657829066209416e+00,5.678461934366721309e+00,3.996681700572470852e-01,2.042471895341426702e+00,5.324154878571846439e+00,5.098181171550347557e+00,1.179045353623264125e+00,1.018011953135162573e+00,4.100808886578630741e-01,1.567738214120276918e+00,5.076407476987204959e+00,3.589961294735112274e-01,6.629518677117571812e-01,6.016063980312368109e+00,3.037736751079673336e+00,1.482388070032065741e-01,5.453604290323694315e+00,6.533726934561586930e+00,6.433786954696837590e+00,3.895762655379372941e+00,5.280429210445523047e+00,1.960678197346191975e+00,5.638104747228535274e+00,6.699498091951683332e-01,8.149202400921254252e+00,6.423944371314876278e+00,7.525005554886382342e+00,6.287564740735656521e+00,2.259761270568698244e+00,1.257501202629616399e+00,1.763113996058822686e+00,2.127612686071305603e+00,7.408487644064393862e+00,1.329361494679295097e+00,6.075485148001745550e+00,5.762724955025761986e+00
5.559564940302855973e+00,1.280107222649990106e+00,5.140116278757944634e+00,4.948025816833085955e+00,1.180237462302128115e+00,4.226961472213086601e+00,6.423392557539642667e+00,6.641382906830605393e+00,1.737308451993794245e-01,4.955323037997045432e+00,5.765002701787496076e-01,6.372513073247322524e+00,6.785986498766527930e+00,3.516055425321192196e+00,6.670784241652603974e+00,6.833203325993652655e+00,3.490142296002515465e+00,3.252080179772950608e+00,1.169938781335173372e+00,5.913033068221511535e+00,5.617585910892107570e+00,5.582260348246001591e+00,4.602942863405824703e+00,6.780080646006844347e+00,5.934714504263397750e+00,2.455765802911649143e+00,4.174408900302606362e+00,5.098408913223736683e+00,6.838961349284044644e+00,5.565981868136383959e+00,6.711420338576505884e+00,5.158278631514214396e+00,1.071887857016538881e+00,6.509445700212038943e+00,9.712817973095140278e-01,4.870154160447592417e+00,4.823482314047338626e+00,5.012512805365672008e+00,6.068774667123332023e+00,2.046724200220961354e+00,7.203285010572036740e+00,3.272366614937324059e+00,5.557380905731542420e+00,6.676707293204462879e+00,7.486769063240701350e+00,8.939503603048502001e-01,4.909348115080462094e+00,4.157025416934764905e+00,8.417016237864050510e+00,1.694361054146099388e+00,4.142693925809540767e-01,6.491154877543124257e+00,1.877271352424654038e+00,5.144261075598064004e+00,6.694082913357354059e+00,7.384357138463927939e+00,2.068748317470735287e+00,3.316138749197135027e+00,6.419171376901225301e+00,4.411492456856987765e+00,5.918533538436252517e-01,3.793548193271705227e+00,4.477439726240712403e+00,4.558198178170298931e+00,5.830644099467638952e+00,5.592856138114754572e-02,6.188597282123049048e+00,7.109297718956553602e+00,5.902479408370695513e-01,8.280657256493483942e+00,5.629168538199889049e+00,1.608815848028940954e+00,3.833378390429522220e+00,8.176636350532164865e-01,1.120354007107067895e+00,4.127825227978458855e+00,3.123314065688760355e-01,4.838573583853058580e+00,2.605981877492007381e-01,7.136482257200429391e-01,7.545880722802889018e+00,7.736425528660950679e-01,2.478542044119269594e-01,5.941025764404017639e-01,3.877168943053253436e+00,7.826438001981894654e-01,1.796748066416770317e+00,6.408653468935470165e+00,7.157788111882015691e+00,4.325999414871626314e+00,2.635334579601078531e-02,4.087006272144201091e+00,8.218739874856971772e-01,5.303225713775616690e+00,4.420449100020047872e+00,1.229820775159520929e+00,1.865060059081835586e+00,2.156399521065834879e-01,6.590249699228809099e+00,4.416702806040413876e+00
6.204965296753801596e-01,5.506833072981567767e+00,6.060002719315856545e+00,6.204154212963971737e+00,9.518077316567837842e-01,2.630442922203483080e-01,3.706021653226909240e+00,5.250128827552895672e+00,7.996008883839080816e-01,9.425182885689666890e-01,4.231620259812472362e+00,7.530403416835056429e-01,7.657795778677749077e+00,2.036470274116670254e+00,7.599886769453306101e+00,1.697285780748108985e-01,1.537356504771727916e+00,8.190742506442094673e-02,4.569880550492910753e-01,8.015221808713004492e+00,5.520344045168531721e+00,5.715015302589639745e+00,5.472817846994900925e+00,3.831999839960976706e-01,7.756074876085730097e+00,3.052260089028520529e+00,1.297169780719342747e+00,1.006154004462599394e-01,9.015157237693947057e-01,5.197359927617482001e-01,1.515203530161509882e+00,1.074287554746724771e+00,1.840616207155777895e+00,6.073527739710593565e-02,3.911466772574355044e+00,3.930612188445210098e+00,5.712714738099915479e+00,1.602260005203315796e+00,5.659835266472802218e+00,3.313206891573724278e+00,6.821994226418681695e-02,5.173708999707062439e+00,1.474997807928830396e+00,6.926121444451226239e+00,4.517104267402249906e-01,6.936527223559559863e-01,5.745126459522073681e+00,1.521187191663386340e+00,1.890250825018060965e+00,3.514142365700096970e-01,4.600097647484197694e+00,7.289138292453852586e+00,1.635752453359609060e+00,5.770866598935971759e+00,6.165144505043294032e+00,6.633193547286613256e-01,8.033958518708257390e-01,4.000052981716869516e-01,4.848117640075038093e-01,1.454178736912650205e-01,1.122239587745272660e+00,7.548162290974026689e+00,4.336175669758532969e+00,1.950030855487457249e+00,6.276250902921606034e+00,5.929606599146328705e+00,4.647997461300201749e+00,6.056836353908721549e+00,3.805125423227934123e-01,9.602237679223011302e-01,1.530482015147080155e+00,1.009078738654715091e+00,8.664494080387028507e-01,4.504246356564944875e+00,2.149166361726296159e+00,1.301808531862016505e+00,4.140560787436058376e+00,3.299262119377839308e+00,1.730285418269914111e+00,6.305513788538193332e+00,5.306414028855500398e+00,1.688782197115995309e+00,1.714839974994771588e+00,3.056552760451486606e+00,4.956463699135190026e+00,2.391938838880442120e+00,5.771812860688567248e+00,1.519038540065842380e-01,5.007337456809872300e+00,5.137203325915004726e+00,5.461529672509439770e-01,8.093844049242497007e+00,2.355436364514817971e+00,4.978908261035408955e+00,1.438177594798202730e+00,5.624079339870444727e-01,1.532263460302118574e+00,1.762463673055593150e+00,1.672656593450012386e+00,6.649186097570972009e+00
6.813046331171620507e-01,9.296981739211267470e-01,4.683892686855169352e+00,4.694895431146278497e+00,8.791684143358136083e-02,5.782897097824140076e+00,1.228251231363450824e+00,6.139768560857225665e+00,5.807054770244242548e+00,4.228374063553311801e-01,2.231131377398736682e+00,6.072231552825544831e+00,4.282021265235541385e+00,6.133727492451585661e+00,1.413735872648424596e+00,1.798241194566176260e+00,1.164993708028901009e+00,5.218377189823057982e+00,6.353691718559944412e+00,6.664272952295537067e+00,3.627955601752010928e+00,5.389386787130693079e+00,6.844772904642770328e+00,5.774610093427437363e+00,7.664697447711773748e+00,6.608470888612000493e+00,7.011333603458163033e+00,4.790773269399088541e+00,7.061022393401009012e+00,1.781902072626485811e+00,5.305881172133724455e+00,1.524848479605502849e+00,2.420236186406816703e-01,3.783342314356342939e+00,1.302409760494072755e+00,2.346719060034629045e+00,5.308947834199345905e+00,2.982280181339872271e+00,4.480235080644976442e+00,8.254385656893987289e+00,4.132897453221907824e+00,5.706053587990921550e+00,6.969624569183484830e+00,6.923362676828505258e+00,7.263703112020161612e+00,1.087635939638620153e+00,8.476982490095581468e-01,7.434117551036966809e+00,4.148507604972522245e+00,9.977239981152772330e-01,5.675891801689543215e+00,4.121433273298989342e+00,3.053734097645789625e+00,6.099274571226034780e+00,6.598624272976810090e+00,1.855952432490341142e+00,5.290200807967718077e+00,4.199320019690354400e+00,4.980099520555278048e+00,3.979149941535117474e+00,4.769307613603405827e+00,6.690583877333000196e+00,3.837582426582657469e-01,2.922987893549717775e-01,6.177091990978851754e+00,7.825212003928862181e+00,5.238958798835027686e+00,3.725201420412737718e+00,2.333345931106455495e+00,5.376003672064381789e+00,5.316533664434750506e+00,4.098303661415288346e+00,9.821861705554166821e-01,5.673707504683527247e+00,4.905611624576726726e+00,1.118935071688732297e+00,4.577305281124028014e+00,6.077834977038333975e+00,3.461478832281001505e+00,5.956234131805632437e+00,6.040300233632441618e+00,6.742696827512564717e+00,6.659441834724961318e+00,4.376787261468020773e+00,6.465364895721664951e+00,6.746506201516739409e+00,1.346643755124692587e+00,3.623157904378945027e+00,7.482534407576926228e+00,4.430534328203404648e+00,1.796839678502929250e+00,7.748146026452420898e+00,5.988451797743933325e-01,1.169059198877985262e+00,4.959134821546762772e+00,8.566750597361871833e-01,1.026977896065079943e-01,6.313559694979605119e+00,1.017781770075134373e+00,8.086204840309326514e+00
5.265843387668902587e+00,1.076154422965073465e+00,7.264396179039209756e+00,1.808502578201117261e+00,6.171342505077126894e+00,8.631670443979382323e-01,3.588305133503404409e-01,7.691056104909976820e-02,6.186964778679293175e+00,3.172013153625328208e+00,3.833419101553084740e+00,2.007067669205749194e+00,7.909978166240501096e-01,5.021454098707837765e+00,4.158287291321418166e+00,6.548060761696494758e-02,4.866070011959179098e+00,7.928974091576426186e-01,6.921342409375247584e+00,3.868303946798462789e+00,4.636858742053423299e+00,3.750352125731255537e+00,6.448988351737894309e-01,8.365669273643817405e+00,4.788168070867206971e+00,3.054064819545538878e+00,6.833670655498261581e+00,1.525887153897715454e+00,1.612793282671801220e+00,3.486989331156324035e+00,6.590042727283437429e+00,7.463249197147092673e+00,5.939405592926160438e+00,6.184366823903987509e+00,1.263088883408677754e+00,1.133658618546309338e+00,4.660770344145046984e+00,2.874321567329632954e-01,4.400157949262240464e+00,5.148429860641651423e+00,1.223565630462224441e+00,2.153765277570736991e+00,2.403027690808070549e-01,1.875980858318339273e+00,7.171708663633919123e+00,4.745069026801554735e+00,2.178905194598257378e+00,6.302741117113166425e+00,1.727109992173866182e+00,8.548397217640077983e+00,8.881991521149118496e-01,7.379176421108784467e+00,6.354306613667689341e+00,7.097154374086212414e+00,9.124675625988065697e-01,2.326960012816762235e-01,1.469920190503956725e+00,4.739945666097786336e+00,6.391915798993965225e+00,4.877832442459499873e+00,2.160494559046681751e-01,2.712143468702795657e-01,6.892619979779704309e+00,3.818874438337093835e+00,7.519271777880659480e-01,6.959481659998381531e+00,1.496893504433561173e+00,9.237831200831252421e-01,7.354044721288812703e+00,6.006192636514569472e+00,5.387418892371123036e+00,4.431177403313492746e+00,1.907381578870783745e-01,6.229140712610169217e+00,5.249320457475234569e+00,4.724876446770125860e+00,6.396828895257074876e+00,2.223360856286549225e-01,5.924141151769348745e-01,4.912054822506890517e+00,8.692380817347360455e-01,2.074069713353969835e-01,5.179335439763036675e+00,5.618880667187525546e+00,4.767968856184914728e+00,1.245389336884559439e+00,5.046388655779857402e+00,2.141373106775124047e+00,6.743757828743810023e+00,6.301502908336594544e+00,2.061391357914523326e+00,3.717322284572190050e+00,6.706890049489874883e+00,1.412698018007561007e-01,4.773726782201326291e-02,1.779834392799026777e+00,3.470528804646394683e+00,1.179365894721663421e+00,1.061275923836643376e+00,4.880077047579685967e+00
3.617842790350101367e+00,4.452529190738977682e+00,6.292892148352893233e-01,6.109823858360169169e+00,6.587657912147308892e-01,6.381888463641495868e+00,1.300121216353837594e+00,6.731068978192406682e+00,1.352040432097150191e-01,1.276458402136514625e+00,3.353611694422709011e+00,4.510632516108847412e+00,5.766503403369966030e+00,1.482215422867546373e+00,5.330492941120949624e+00,6.646897778258850309e+00,3.892211306840983598e-01,3.560960369359118971e+00,3.972278964134748902e-01,1.763437472643306414e+00,6.087273363537097914e-01,2.178277151445575655e+00,5.588491464413452015e-01,1.456628070151955390e+00,4.746909812033830001e+00,6.635968795451471891e+00,4.746725947736198492e+00,5.138523922641111685e-01,4.845961173884061779e+00,1.017806795459306191e-01,9.290177564744417360e-02,5.307197536289716133e+00,1.586502920833152697e+00,7.093900484715877752e+00,1.740838731438341336e+00,3.000791362326667322e+00,4.267371816231226855e-01,9.352695050114867570e-01,7.943412010674436807e+00,5.109966729621272741e+00,3.230352510531246057e+00,7.142760948634812479e+00,9.335099534076816141e-01,2.043861957997081369e+00,6.712154824149379806e+00,3.475609312461251932e-01,6.632264689848271111e+00,6.742127177737363475e+00,2.131615906811529904e+00,7.707536868725759049e+00,5.751085631860359371e+00,7.122730459864626162e+00,1.099823977796933638e+00,7.162896538204378771e+00,1.878053621516352578e+00,7.763003941755592940e-01,3.517521133289908342e+00,1.627489755382319103e+00,6.668206958716552890e+00,2.544136250932976573e+00,6.405185940246320264e+00,5.338376190037170232e+00,6.641915796324608046e+00,1.194325815714453398e+00,5.553323691300897202e+00,5.175485108105686294e+00,1.404116813518341944e+00,4.347813896658104582e+00,5.168155957467862827e+00,2.242837350135292951e+00,6.776280575082815893e+00,1.854944502609638946e+00,5.716779939495070906e+00,2.652082330684645939e+00,6.717175868515994352e-01,4.681276507519218200e+00,4.732565593594188158e+00,1.204570808178938801e+00,6.909969679539358367e-01,5.798964705437983369e+00,4.132816908139755441e+00,2.418340264107885496e+00,1.252159051432446324e+00,3.115117332211350121e-01,3.290940420747144657e+00,2.546521864881221120e+00,5.576604298952625882e+00,5.959418883686748103e+00,6.862189481517187994e-01,5.830509997423347635e+00,5.204794812567888229e+00,2.657378946971840072e+00,4.159343109700425423e+00,8.105461551651510499e-01,1.595286261183782583e+00,4.641436416163967849e+00,6.416305443504435324e+00,3.242434768792128441e-01,6.579402685620214797e+00,2.182415146572076914e+00
