1.953366475603349084e+00,4.335573010054297072e+00,2.044867797089631622e+00,1.301435676370756855e+00,1.436868122247227708e+00,2.730214199129277208e-02,2.530744146864457367e+00,5.695770277110608681e+00,5.276043272723531796e-01,5.817777313394492111e-01,4.165939965059726191e+00,5.753788485904602901e+00,6.370020986994585854e+00,2.509556709179941780e+00,1.217859763921444793e+00,8.466596598304012566e-01,6.742434659977070588e+00,6.870660955929487557e+00,5.415337368853787581e+00,6.940729096520166230e+00,1.197477917209715415e+00,8.032586350607914483e+00,4.035972334011398210e+00,1.425111866735665478e-01,6.195083083396395907e+00,1.927844067550228857e+00,5.290841207508864663e+00,9.123952878519798304e+00,2.311567833800626248e-01,7.081816865115272641e+00,2.062434566909648215e+00,4.265888761022067932e+00,6.618555890533935226e+00,6.294561148501419012e+00,4.058510667449965581e+00,5.381865474238964886e+00,1.044014614350004866e+00,6.451346407292645857e+00,1.699895223990959270e+00,6.443424771179834032e+00,2.451452700916743055e+00,5.789953321550186160e+00,5.055984896624115876e+00,1.254692220245008372e+00,8.870080478830444370e-02,6.446951476541700643e+00,5.661617472396600625e+00,1.814459167172886467e+00,5.703099045172290715e+00,4.900377269750666898e+00,9.218734727092262604e-01,5.286235114435537952e+00,2.074057300507345492e+00,7.909354461480513354e-01,9.773350396197715284e-01,7.192406953904280087e+00,1.100064954746496015e+00,7.678412017396013312e+00,4.818982485562271378e+00,3.224149545367219760e-01,7.001705163441597435e+00,5.305848193031186710e+00,4.367531572910147375e+00,6.959897631180707034e-01,6.689240510190495925e+00,4.366344279129090733e-01,5.524366710404741809e+00,7.166146355589209094e+00,1.939987560954675505e+00,4.074166209654465298e+00,6.011241814716925980e+00,5.473611432736026572e+00,3.915258891501342209e+00,5.862012635519064929e+00,5.712391437196284727e+00,6.730037673075349502e+00,2.126602072305650015e-01,6.083712563871186418e+00,4.395386162206417424e+00,6.936856059045911849e+00,9.723120401372860044e-01,8.288054829132451840e-01,1.449297197077343835e+00,2.328650919534247521e-02,1.928325602638534253e-01,4.046402516205463762e+00,9.656335520210338474e-01,7.832895740952928954e+00,3.185144826305204457e+00,3.889370750228424711e-01,1.243000586253676820e+00,2.252061628477143307e-01,4.379327784647513155e+00,2.816741035973164831e+00,5.057945629255431896e+00,6.877086154288790665e-01,2.424236287561644332e+00,7.547710933613411832e+00,1.115836965221652877e+00,6.130334182910373464e+00
5.500064414121430545e+00,5.897530415135301851e+00,7.499318424145934303e-01,8.980752442199738672e-01,2.358430748878971972e+00,1.123916548669963378e+00,1.242964710329562905e+00,5.091498447660608662e+00,4.988422702372301565e-01,2.866000545036079927e+00,5.903621712642992403e-01,8.062818581085450242e-01,4.125431232878447041e-01,5.906091386467054782e+00,7.104879237584989404e+00,1.617833502314875327e+00,3.263989058420014855e-01,1.514264435268665832e+00,1.878567176978632070e+00,1.868655538644551140e+00,7.905907884762528592e-01,5.833439739226031762e+00,6.318409596093641056e+00,2.571147621689640062e-03,1.031681742712770244e+00,6.021964064428164676e-02,4.112381494492513667e+00,5.729797245649798754e+00,2.429349305948119486e+00,4.823554805210220842e+00,2.241046640034761062e+00,4.160465690956870688e+00,6.938252921066084156e+00,2.823287160273488361e+00,1.891684287223068139e+00,1.866010129720471200e+00,3.037225526494576222e+00,3.424039651286149510e+00,7.697815898985240324e+00,3.445870699734602915e+00,7.414315925628462089e+00,2.705381795245494381e+00,4.759969853620986235e+00,6.777416241253571449e+00,1.413272971035433700e+00,5.920238467426183426e+00,7.741962741926846192e+00,8.113456495094342191e-01,5.277216110253093007e+00,7.099423190428618469e+00,1.412932825714010354e+00,6.170085054828308380e+00,6.146993050545554560e+00,3.537401570418923225e-01,5.011575949133431074e-01,2.907663096076625875e-01,3.822104285000627044e-04,1.651521527245392029e+00,5.900609389549942296e-01,6.077856609386880216e-01,5.079308434606089939e+00,4.076148481853140382e+00,6.202124426760580178e-02,3.274705884017172774e+00,6.402390210300340501e-01,2.758712229314438602e+00,2.237180297350649383e-01,1.491630438457078878e-01,7.151207969708624823e+00,5.465958283732526901e+00,1.656031369693590660e+00,9.608256901188713117e-01,4.613656681472345866e+00,1.166737413587486394e-01,2.257679626598592559e+00,1.973521200428855149e+00,7.607526614006238086e-01,6.216695050732386818e+00,1.094263893141034449e+00,6.395524271469739119e+00,8.785031652531106516e+00,1.208108046820288051e+00,4.448281948102191130e+00,5.893269659313509656e+00,4.607174989846267721e+00,6.395176769278791973e-01,2.673774808024893979e+00,7.044529314405313158e+00,5.559977403184767075e-01,7.294547834142287579e-01,5.031996251906912576e+00,1.415625994002249310e+00,5.456444264300037261e+00,6.487936011021619986e-01,2.029095583665287528e+00,6.961682611043608304e+00,1.638606374112161923e+00,2.554932511300371800e+00,4.644712633743010244e+00,4.138032315949053963e-01
7.486762451618309555e+00,2.239702004324590767e+00,1.425532129389894376e+00,6.312719295706918921e-01,4.528422638743959894e+00,5.734623420535474025e+00,4.376158270184358656e+00,1.720563972933554009e+00,1.561953775893097696e+00,3.622890994183849411e+00,3.732138584761897082e-01,5.812913268938719735e-01,1.054882093322852210e+00,7.088616392380128195e-01,1.823184555448841504e+00,5.396317429890745032e+00,5.265186446053709446e+00,5.604148794288875912e+00,4.234270377393817064e+00,7.863081588005290667e-01,3.445402852227555268e+00,1.349348179557854355e-01,7.481648626980507366e+00,1.104706640591264666e+00,1.427971892976594770e+00,4.354876157789194124e+00,1.344971861168640093e-01,7.874127721723963802e+00,6.178880940642829778e+00,3.291235858094103683e+00,9.555869816526034732e-01,4.656483668655285513e+00,3.315499464902980087e+00,4.265296377327134181e+00,6.043068768495223786e+00,6.078907867049353264e+00,1.323425934462631570e+00,6.673107406646179740e+00,3.975972023074831885e-01,4.212099156462208782e+00,4.930330523058688019e-01,6.609687924383374380e+00,6.333312361282771974e+00,4.321730597296881804e+00,4.139714735636187193e+00,7.401929744677836709e+00,6.047832139644994776e+00,7.816522846286816595e+00,7.018051865282506796e+00,2.500299763568880618e-02,5.199623947469909524e+00,6.806513456213802549e+00,1.676488344040663492e+00,6.011688710695615612e+00,5.519316831347763852e+00,2.111283427670509472e+00,5.523512224721056185e+00,6.672007019540854955e+00,5.342580463603825436e+00,6.679737083595198577e+00,4.932896650432054386e+00,5.009115022602356859e+00,1.001163445378960626e+00,4.001374011565030031e+00,1.372925996900248080e+00,3.951943175503573435e+00,5.195367062148193327e+00,6.129803564186592446e+00,3.287116595895940740e+00,6.057902827970373494e+00,4.019980928796905495e+00,4.251862145104543522e+00,2.617247565696918521e+00,5.021266723329373072e+00,6.906125903614825035e+00,6.618754204146490849e+00,1.005995194005647519e+00,1.877213198519928516e+00,3.315107721468755653e+00,2.274884999952834441e+00,4.088881411747581573e+00,5.263758897333588038e+00,4.169509746389435279e+00,1.770639214821799978e+00,3.071695532775422954e+00,6.416991475067679751e+00,1.800656328782010762e+00,4.294891895579091567e+00,4.370016062243478494e+00,9.116479663460294036e-01,5.128972767235072006e+00,8.658812093462778137e+00,4.170835795271679025e-01,7.142006910864311386e+00,6.633704909297992280e+00,5.636323359678355516e+00,1.573104991489615578e-01,4.464893228785770773e+00,1.762488624091247402e+00,1.947830738226262071e+00
8.638078258750958582e-02,4.612085731106907005e+00,6.803970503957591731e+00,5.154310150803430801e+00,9.564386649824079267e-01,7.246409475618663443e+00,1.329344299757966086e+00,1.739841385744885116e+00,3.487900095178422255e+00,8.611134745782731414e+00,6.176712563287971136e+00,3.063874282429920992e+00,7.492918032988763244e+00,6.572396208487830904e+00,4.261118814744350836e+00,5.922525028509001643e+00,6.823507412159106167e+00,5.308433507639336746e+00,5.472710518504318777e+00,1.292012762930689451e+00,7.769583826984176156e+00,2.629426311484341472e+00,5.000195419971706912e+00,1.502120915154429248e+00,1.478777766842775510e+00,7.783085007499062069e-01,6.773797568240135902e+00,3.367933084394805654e+00,5.399248764979631687e+00,9.678281294288346714e+00,5.433390597181992021e+00,6.278235864437816893e+00,4.495670708722244946e+00,6.601892908908977731e+00,6.003794910884731273e+00,1.316603334780012347e+00,3.846108778117230287e+00,6.221892865097252923e+00,6.849181633308672801e+00,5.523254234029900900e+00,5.821332344631085398e+00,8.919218683253719249e+00,3.282428089070944521e-01,4.440454783753275958e-01,5.574755825359051897e+00,1.843426878039271521e+00,4.717884287889044792e+00,6.508410527575080096e+00,7.330672512278296082e+00,9.150218507512027921e-01,1.511856330363318346e+00,1.222633115204882159e+00,8.203172067325468220e+00,4.049783798649860600e+00,1.053710878263252049e-01,2.918025999168861739e-01,8.305145677746840205e-01,9.961961275733766108e-02,5.959260249679672050e-01,9.216423788196230760e-01,9.990745137489951411e-01,3.204767401955150863e+00,4.260449703470444049e+00,1.445799426577171864e+00,5.567410826441479443e+00,6.568946785109454289e+00,7.984529813496894501e-01,5.264221800574757637e+00,2.082025362205071062e-01,1.734108990417875473e+00,6.852487305268718742e+00,5.825151674954916814e+00,4.736269994543301998e+00,6.225702004051978378e+00,3.268088139902324940e+00,3.288382870681935799e+00,3.960292124005330372e+00,5.199081094287463678e+00,6.043540352874524402e+00,2.283537283149933206e+00,1.251799829080527227e+00,1.698617924120338074e+00,6.535320250976559553e-01,4.478631734130624764e+00,3.026930039617053314e+00,6.375139314289895331e+00,6.252576730360170920e+00,8.486310964387647759e-01,8.154614414246902143e+00,8.065487543080017474e+00,2.424271002316549239e-01,2.280020708614974634e+00,6.577794206529878451e+00,5.850805127810363437e-01,2.189269190510519714e+00,3.279744014814583775e+00,5.123055071062050381e-01,1.810868059383796247e+00,5.671069457049321194e+00,7.070357871847388065e-01
7.074446555377576829e+00,1.273792435151538838e+00,7.013000796332455877e+00,6.172427141039504406e+00,1.994997434619378396e+00,8.730618665926339617e+00,4.522791578149019109e+00,1.722791923136132830e+00,4.515569857971186707e+00,6.573560728225164240e+00,6.665704137677666008e-01,1.684294033957226766e+00,2.228328912942910689e-01,4.759474810503343534e+00,4.197794039311541603e+00,1.256521980193222809e+00,8.224490134246593698e+00,7.635834995678389969e-01,7.023147812848771210e+00,1.509771749120253137e+00,1.804609588516473018e+00,7.724588645080778804e-01,9.288216060262443063e-01,5.094296164829137386e-01,1.011400850782723904e+00,6.444300049314353185e-01,5.850006087413999190e+00,5.644768611637106526e-01,2.077020272088467845e+00,4.886770560275019548e+00,5.127615104875135721e+00,6.380642034932320961e+00,5.299675495783518819e+00,1.732240931506101589e-01,7.283131927500212655e+00,5.581268348106013022e+00,1.197832902792387078e+00,2.169907613996185702e+00,4.737475444492859289e+00,6.172641814786591574e+00,1.164481157113796961e-01,7.180314634280080988e+00,1.512401526003454677e+00,5.050649999067607254e+00,2.173728708301376322e+00,5.347619317321004040e-01,7.318229116884389374e-01,9.606780607551701490e-01,4.265546643438728580e+00,5.882629507995116747e+00,1.234458436025818173e-01,4.748610951786185197e+00,8.123570760612118136e+00,8.426832124730260221e-01,8.495783512604793142e-01,6.883198105255321941e+00,3.766005566802443916e-01,7.612240534155167992e-01,1.088091148721430201e+00,7.258963510999926427e+00,5.661626196562558055e-01,1.016430442682856983e+00,6.630590949234100862e+00,8.418486479075507845e+00,1.694413107551092867e+00,6.169184446489726525e+00,8.455317825401792220e+00,3.910064940893754892e-01,3.835241372046942487e+00,1.405886960938641961e+00,1.097211489512466942e+00,7.060457222396312460e+00,4.074183706833291119e+00,6.248448359101633542e+00,1.344182468682841636e+00,4.213820732577445050e+00,3.499241337025628340e+00,3.173896117752115220e+00,4.562148243352379673e-01,6.342562856878000144e-01,6.960359449267731868e+00,1.025690854752963510e+00,4.692296844932162259e+00,1.775243130535421265e+00,4.168028024422817168e+00,4.836461529211047328e+00,7.055460928850076918e-01,4.311304923885384000e-02,4.138004641116928006e+00,6.044676574167885619e+00,3.029469747998561058e+00,7.111196149768494124e+00,5.002692199047578114e+00,2.002783050175512169e+00,3.123175511386722114e-02,1.169346074563715199e-02,1.678766563395176714e+00,5.810145367274399675e+00,1.386600738221049012e+00,1.319879117992525330e+00
8.464241417717357052e+00,9.411460313588868587e+00,1.430954411195415776e+00,5.689660683241478445e+00,1.353691671835935084e+00,3.308709956612350123e-01,6.364183587997477964e+00,3.263690220841499290e+00,2.474629430051539458e+00,4.580412251740985319e+00,1.861673975030621042e-01,1.762155787649232197e+00,8.398664160151291247e-01,6.704431101779098512e+00,5.339364191815054728e-02,2.143392064622520188e+00,8.189385087132943220e-01,7.823374781868787764e+00,2.240769936102186000e-01,5.895100187132106484e+00,2.668749291407783275e+00,4.270623999001163185e+00,4.655005501471210394e+00,8.240017221993024776e+00,6.337274926922247253e-01,5.971854329089739011e+00,5.200857808216499123e+00,1.365535142689197956e+00,7.423413893897440552e+00,6.251413296482458470e+00,5.312445889908041785e+00,6.341446576148168646e+00,3.534854905473992837e+00,7.115881559131576051e-01,5.456987832928014370e+00,6.495382441382963279e+00,6.338759476915023505e-02,6.445205210384497008e+00,2.426787329621045153e+00,5.726255773059357068e+00,2.497412535953573709e-01,1.191691478055573628e+00,2.227527160002613194e+00,7.477456674704763273e+00,3.207890902392546373e+00,8.048324648283256000e-01,2.096475290043078310e+00,6.217592518075792718e+00,4.369362223544826840e+00,6.220310127966152791e+00,3.553219689018701999e+00,6.420196295333800762e+00,8.394771439133650315e-01,1.835214947160579424e+00,7.659732624048360528e+00,4.517619799980646889e+00,2.093387684746994104e+00,5.136097376562613448e+00,7.999339977380770961e+00,3.379568308015263867e+00,5.558155798505463707e+00,6.790374229319552590e+00,5.241041555793243489e+00,2.592237453599304242e+00,4.937993064270370880e+00,8.100129256217709184e+00,5.466162946640469311e-01,4.292966339668732978e+00,4.934463501733080903e+00,2.114013599229530804e+00,8.482011688788885229e-01,2.225076016456600136e+00,7.304048747407363429e-01,5.715662532718633670e+00,6.835603671743367471e+00,4.139641094354838735e+00,4.250215357671904837e-01,1.245728743808331318e+00,4.167691912442972324e+00,5.495555363777016922e+00,6.453958866673038308e+00,3.674614586075619194e+00,1.559953739863049416e+00,6.280185441389772194e+00,8.181906903930634911e+00,1.791259252375997590e+00,1.598731263953322213e+00,6.235397005387233182e-01,7.140114085441824354e-01,2.170129284290755578e+00,6.961623847418533906e+00,7.911390332932962677e-01,7.469115600008981559e+00,7.586501643700769293e+00,3.314238209206534336e+00,5.007552096325702529e+00,4.456956651978429385e+00,6.742451979345416291e+00,1.367705843946860345e-01,5.827303023591556830e+00
6.218040921233092710e+00,1.260554504742423809e+00,5.520448443882992606e+00,3.824014774980724507e+00,7.626297902743143453e+00,5.464616811618429715e+00,2.559127223812206475e-01,1.123105785695562187e+00,4.655662678245937158e+00,1.166727771532674485e+00,5.958519308650645385e+00,2.100465944960141051e+00,4.694295865206121299e+00,4.821057027463909739e-01,5.338733236784962699e+00,6.853287356045871803e+00,3.455651512268256287e-01,6.294539967576662676e+00,5.459231757371454385e+00,1.591194014879090179e+00,5.042730845907311021e+00,1.667926715431418128e+00,5.250677291376318223e+00,3.005017631596986316e+00,4.083849547771051247e-01,4.975847424497506388e+00,6.111477895147078065e+00,6.150062292419576693e+00,4.016669995032525975e+00,5.335170403482634160e-01,9.226235463957014105e+00,4.978002430218133156e+00,7.746977608184487663e-01,1.886887439770210229e+00,7.292877704116439652e+00,7.274691073295788124e-01,1.180207100941801368e-01,5.134734396179556626e+00,6.677133098672092260e-01,5.094842538863511905e+00,3.845605987773165868e+00,4.032610599582744371e+00,7.770987235709946539e+00,2.013112688140204387e+00,4.497732569724568474e-01,3.325070232220013189e+00,7.420966618674301074e+00,1.283749294941992192e+00,4.597510617256133081e+00,4.553597007002788466e+00,4.114543661001524022e+00,6.617702803468400674e+00,1.214827258792230413e-01,4.693331991420407689e+00,1.467409969288163474e+00,4.379316454527931946e+00,4.039486378487158191e+00,7.346335160988838098e+00,4.721802428020995812e-01,1.567352258394798525e+00,4.571820489325314485e-01,5.084246737553432816e+00,3.865085351650240142e+00,2.106948190123521414e+00,3.666391554954262499e+00,5.560461578476079136e-01,1.453576953312663012e-02,3.687837810929596838e+00,4.877793609975015876e+00,5.145122389876066737e-01,3.933315021023178648e+00,2.632424962790197664e+00,3.244608260483565321e+00,6.145808512772387822e+00,5.162046019081078185e+00,6.367704512566991326e+00,5.081727958469779871e+00,4.565309475903878145e+00,7.789308839136086515e-01,1.030637090125562816e+00,8.584408585717081541e-01,6.026096075551373055e+00,4.166088955092016377e+00,6.129081719764336356e+00,5.028950337070804188e+00,5.038471399611607282e+00,6.093486410168866829e-01,6.053671041047625323e+00,4.153811078518744537e+00,4.873207338834181002e+00,1.286688558303278329e+00,2.685597144595774921e+00,5.330537827554682195e+00,3.180149761253027174e-01,5.058178214790287619e-02,4.830682366444576381e-01,4.159839303644790043e-01,7.295730213855819990e-01,8.507875647408535968e-02,8.456662892000919030e+00
4.755243768271133931e+00,5.385478453263616849e-01,2.028984421545462213e-01,8.287284789357860504e-01,3.861350780345907285e+00,4.528629009024909280e+00,1.380477457914949024e+00,4.701719721380259287e+00,6.172000673702848772e+00,8.201762419594132325e+00,6.117699407673896417e+00,8.787957548877567415e-02,5.898853700055454397e+00,3.049365320410276858e+00,6.880926558347342237e-01,4.884170663413015312e+00,6.931299212699504331e-01,2.934914248303527318e-01,7.449462759464599237e+00,5.495128353906930663e-02,3.604109591036642080e+00,2.988854954458541879e-01,7.448162020009936768e+00,3.577741163459597473e+00,6.948370666230843096e-01,3.517742398233803858e+00,3.216765574829235419e+00,4.454202049901514471e+00,6.452051931934075668e+00,1.912462190668113404e+00,6.600397912777036247e+00,6.134091708504232798e+00,4.865415261881329556e+00,5.601227163932007258e+00,1.136930737083147402e+00,2.068290247213154798e-01,5.636953811006940818e+00,6.022291080650973072e+00,6.761252584057974246e+00,5.241431221446530841e+00,6.039090474859444946e+00,3.379843692136646816e+00,6.557372644663104211e+00,1.113688033244866205e-01,6.731073243793771477e-01,4.802777555308079371e+00,4.668544551546109922e+00,7.949274185207986676e+00,5.490564195319872276e+00,1.360375208336036978e+00,1.310877256860173423e+00,6.598520983457700773e-01,5.323632554157781804e+00,5.750768802754816278e+00,6.005281422629672683e+00,7.727091176901470071e+00,5.958105467321775706e+00,1.567229144432216836e+00,6.168125863789106766e+00,3.841410369286037074e+00,6.487644551608166665e+00,4.948907076321901188e-01,4.211520046118947258e-01,3.602499196321400365e-01,6.394191486493746801e+00,1.112890496533903928e+00,7.736458198734550429e+00,9.695502267083819348e+00,1.621625982496051055e+00,8.879541569839419779e+00,2.865323430831538953e-01,8.135030400538978412e-03,7.452042457035883416e+00,6.919880201254088981e+00,1.480476656768726196e+00,1.379609306746963027e+00,2.729216211776837930e+00,7.734129822201073479e-01,2.512112581977595127e+00,7.789279162979207971e-01,1.146962767985836740e+00,4.145724810363996760e+00,6.104344316872309939e+00,3.350899788601044982e-01,6.447034206411498047e+00,3.146093378017951636e+00,6.957501246025166175e+00,4.333214669106806305e+00,1.222232756747500204e+00,5.169826340159022315e+00,4.044044367248002203e+00,2.807055325970016391e+00,6.357965311946332854e+00,4.164395737004749520e+00,4.213678807320146991e-01,5.969435297516414884e+00,5.348930783802448019e-01,4.303686450114280859e+00,4.049020091503430230e+00,3.706138645470861137e-01
5.741694315752930322e+00,3.784295380836636635e+00,4.474764445411947733e+00,6.978435611440185760e+00,5.329895343679473818e+00,4.564100179878694874e+00,1.448404607598274385e+00,8.645910520489204387e+00,4.973040824798207638e+00,3.334295601159418254e+00,7.606639822158021147e+00,3.991509201934908990e+00,4.684560681652376601e+00,1.069375622467635845e+00,1.237711673035843951e+00,4.568506616164391687e+00,1.689368996221629615e-01,1.073344349611488058e+00,5.101273564192240428e+00,3.930336139199987588e+00,6.927086696321986814e-01,1.100301983679381479e-01,4.876331792424419831e+00,1.585901537254133853e+00,2.055420320745722229e+00,2.711931645633747223e+00,5.879358022655534199e-02,8.017497707505036431e+00,2.016663843783820464e+00,6.551967983804352080e+00,4.769200610944357432e-01,1.596108289449098105e+00,4.416491520230545476e+00,4.376070269971222615e+00,5.399512317274462347e+00,7.030251251427426240e+00,6.504849598321413850e+00,1.468362978039490674e+00,1.543256938087364638e+00,3.366015326175942235e+00,1.350741924544081041e+00,8.733768554854263400e+00,6.218622320857372543e+00,7.154102188429400044e+00,3.652706905023535455e+00,7.488379731801665606e+00,1.523050537468027654e+00,5.688132611549250761e+00,5.571410346608820063e+00,3.555782564422890424e+00,5.680548789281015587e+00,1.252489882169305568e+00,5.956966749154899432e-01,7.075921999890684155e+00,7.377831325500848969e+00,4.079446625902006573e+00,1.671224699732750674e-01,1.176132607762081284e+00,6.192033790417620365e-01,2.042652176630415539e+00,6.357076324890877927e-01,6.880095992696416474e+00,5.445038907325058020e+00,5.402912056610646552e+00,9.913315946618687091e-01,6.052215237692006866e+00,5.753334885640563279e+00,1.602334357827605693e+00,5.710360624225003789e+00,6.490499752206909889e+00,2.348443446106335930e+00,2.557400063911053900e-01,3.384216067599584044e+00,6.231058557775628337e+00,1.414502608848569265e+00,6.684379157470224264e+00,5.291366742466712125e+00,5.485581701750309236e+00,6.596167554086986851e-01,6.524623478887695782e+00,1.324705485209918709e+00,7.803645856318341956e-02,2.977560451017002841e-02,4.497526100183626419e+00,1.163023074208574759e+00,3.946192376260851953e-01,3.297620528212350521e-01,2.684774928551730833e-01,6.034286675424711532e+00,7.363224336913502199e+00,3.065261624711407951e+00,1.543662492286940635e+00,5.266816187412567629e+00,1.921325258751157783e+00,2.768810691868679008e+00,1.004726661269760513e+00,4.061390959889225272e+00,6.107107120547395240e+00,2.831027588176327825e+00,6.322712982884851840e+00
7.062652423536608381e+00,8.242751196471220787e-02,1.430630873189983943e+00,5.535161532110411287e+00,5.138488822213652440e+00,4.875967874524143930e+00,7.943614693871556831e+00,5.366216217608894556e-01,3.551995364447324555e+00,6.590843768312046436e+00,6.321103994234296142e-01,5.868078537844192866e+00,7.008760539892270103e+00,2.034102365098494403e+00,5.239187740595793841e+00,6.753335495521088916e+00,5.331815989833640579e+00,1.461910297451149754e+00,3.544871660729567164e+00,7.342493961150736714e-01,5.031967356698054061e+00,5.916357485357679913e+00,9.148061926151941137e+00,1.559729156510103909e+00,1.689663089103512039e+00,4.419618529988518674e+00,3.961454106574417988e-01,3.581201529277697304e+00,2.126277133528073016e+00,7.211842846380090322e+00,6.075014122163973074e-01,7.769778887177873017e+00,4.411729238180594592e+00,1.504181553263341797e-01,5.800748723768516246e-01,5.478459484106456223e+00,6.925895435698566693e+00,5.525994244575179515e+00,9.778362167380050263e-01,6.471541402711563862e+00,7.116599928958040167e+00,4.641467790793319281e+00,1.119905197956978293e+00,3.542444052631865681e+00,1.178401697709129170e+00,2.705653345964049272e+00,4.199739049454471740e+00,5.039991321676014380e+00,6.442494561812963205e+00,1.060747261632481120e+00,6.829924792076967677e+00,1.140017487663482321e+00,4.874791491450733982e-01,7.367132669343837037e+00,6.698659946591383196e+00,1.577346066259505353e+00,8.717826053355111071e+00,8.813802460847305342e-01,1.436477844612965793e+00,5.753286344072417791e+00,6.616854692531646265e+00,4.743092703238922070e+00,3.818274725532698533e+00,5.192232877580102546e+00,6.031662746254721208e-01,5.447417989927034299e+00,7.403329376211686963e+00,8.010416660413721690e-02,6.142955834310234842e+00,1.932696215341183965e+00,3.690321528279791874e+00,1.550309767226992985e+00,5.091467728831059247e+00,6.928312541724055862e+00,4.660960974987539807e+00,6.303983311862115357e+00,6.527031708796416254e+00,6.559079263864054710e+00,7.897481382383828574e+00,5.118143487140226711e+00,7.906019450591863063e+00,5.175390379077321690e+00,9.240243044745540146e+00,3.993606897502474329e+00,5.665242384783971019e+00,4.147326770010015373e+00,6.433452835593130636e+00,1.388062525444076378e+00,7.097616295010478638e+00,6.319020830650481813e+00,7.216475256273453986e+00,4.019146688146205015e+00,6.962627215949058979e+00,7.170347088032464455e+00,1.901406815820668061e+00,6.596884774952234132e+00,4.376160932949390014e-01,9.140422861826957845e-02,4.430893101886006491e+00,6.309421365846402452e+00
6.001436529197423653e-02,2.681627649018860637e+00,7.962715264174363705e-01,1.569402587906397528e+00,5.339584015517443660e+00,1.807130270030275820e+00,2.581642179308023533e+00,1.297078058568189585e+00,1.168406120414295035e+00,1.963972220210410402e-01,4.869109588062980887e-01,9.638048432409384025e-01,7.297521697442447275e-01,7.030258016769983520e+00,8.447353278036846547e+00,1.007197638057657496e+00,2.289537932391178643e+00,5.413748750766159468e+00,5.781364776683022733e+00,5.520400623993916511e+00,1.464199653274219637e-01,3.379226354738424032e+00,5.524113600359042309e+00,3.023906751151841821e+00,6.830356546041390864e+00,8.996945111237438786e-01,3.213370276169514650e+00,8.949657356911491224e-01,7.968286414428780162e+00,4.634299159348777231e+00,8.613159575575918270e-01,7.281337531065583679e-01,7.173626715673647736e-01,5.793004423838747030e+00,2.565725035192951253e+00,1.711402748964812037e+00,6.513279139688316732e+00,1.237965854963943624e+00,4.907818389587193408e+00,6.855246145843452155e-01,9.635133401628082073e-01,6.115560608839376577e-02,6.675971166794188782e+00,8.358728517792268775e-02,5.645325088783502032e+00,1.348369008707877015e+00,1.242214873042746248e-02,2.593473220781112420e+00,6.738544913157251681e-01,3.242758142723793480e+00,1.507327009434642262e+00,5.771924443520076942e+00,3.852216804238750569e-01,3.606677894491638003e+00,5.584867084850528851e-01,3.004083763187975986e+00,7.814433202901863718e-01,3.229657846529423448e+00,7.238468449034408003e+00,9.341095337436158275e-01,6.527125301142404190e+00,1.787253495528395852e+00,1.914774811455766557e+00,2.122574935784653505e+00,4.539053428194541162e+00,7.728187738037810561e-01,6.460405843681503057e+00,5.231396758703858119e+00,1.218145421252320393e+00,6.100250537763844072e+00,1.516658196335393338e+00,2.117798746889322015e+00,4.062724869463912869e-01,4.704363170504004543e-01,1.834116750073871094e+00,5.719325079440093162e+00,4.158438195170304219e+00,4.545346504704097512e+00,3.999461664802424377e+00,6.524796544271104004e+00,7.237547726011245963e+00,1.776622121805127019e-02,8.087150182006087817e+00,6.632043874227431246e+00,1.957000542606332161e+00,4.144854610328875921e+00,3.089869109049476759e+00,7.596746543363435578e+00,6.791164973957270590e+00,5.577244105689123543e+00,1.844312332920596376e+00,4.807856226996415572e+00,2.890549275239858718e-01,3.180400588796514771e-01,5.349172428563396586e+00,8.567521941726948143e+00,4.661839678559350553e+00,6.316403946475633191e+00,5.276815897842777936e+00,8.782364827063504631e-01
2.864727458962790685e+00,4.209387162990934073e+00,5.391641977498787597e+00,5.596544435705931519e+00,6.629591992007048518e+00,6.645767039113240848e+00,4.361940679359497253e+00,4.632830684579466229e+00,1.738294197778184280e+00,1.078407912717705530e+00,4.011572642647895037e+00,2.882357853706629669e-02,5.786645928108852033e+00,6.401227504188547357e+00,8.207784997040863395e-01,7.753748809152676280e-01,6.026166265145073808e+00,1.654278673748490691e+00,4.112893356233536579e+00,1.865281477350148709e+00,6.252036669588540541e+00,5.562377451464677769e+00,4.253825156741469549e+00,6.915760046440546205e+00,2.209258773261589148e+00,3.861370127820571430e+00,4.577523682225827173e+00,6.979897747445058531e-01,3.534905349830786747e+00,1.035261036001688506e+00,6.718968624854169569e+00,5.282520772137753173e-01,4.721467620132649756e+00,5.862955731485579136e+00,1.312732108565066502e+00,1.835956383329951480e+00,5.863786244416356652e+00,6.680969383834804987e-01,5.312770886489209587e+00,8.789024739347059523e+00,8.110125656304743025e-01,5.223621573262141382e+00,4.164190605694589209e+00,4.186699409325366439e+00,1.435945736666403239e+00,3.321185253724818320e+00,4.665129979557913753e-01,7.733422864106174188e+00,5.245039951537451728e+00,1.428420069542629900e+00,2.398002607957422150e+00,6.823733471440045051e+00,1.875810660290009757e+00,1.085025229990499440e-02,7.398831408964840151e+00,4.462295790213629765e+00,1.303953314760706750e+00,6.409488217662427267e+00,1.379382857980917088e+00,4.133171359391300648e+00,5.710605900607838237e+00,5.188724363127467321e+00,3.776295541895531294e-01,1.680456395721979135e+00,6.242204423499040367e+00,8.290951311498351295e-02,1.861755319918842577e+00,5.368498396784107118e-01,5.591684248312574823e+00,6.167369654509036181e+00,7.888162985491886658e+00,7.663778486502570431e-01,2.101799506916141258e+00,1.620918407148774776e-02,5.127153158202033545e+00,3.549484074112140508e+00,7.104763255665869082e-01,6.168237361882975556e+00,3.665095001875654512e-01,6.555982163529589180e+00,8.135923877574125385e+00,6.765198896957016927e+00,3.218092949049609519e+00,1.063225020924091435e+00,1.337133485688335899e+00,4.166960549720741369e+00,1.871026829272236292e+00,3.767842488078972263e+00,3.177712862183716958e+00,4.814250727759657345e+00,6.845123433539045621e+00,5.847719509819144790e+00,5.064603953645949730e+00,1.350182558215460293e+00,8.410037642571780436e-01,2.386332942649386446e+00,5.585167431771278501e+00,6.897900869114582889e+00,6.347773032977409358e+00,2.217909424258235340e+00
8.266325029520832146e+00,6.382608543111260246e+00,5.515220121144169596e+00,1.719066170954588468e+00,7.309628765857098642e+00,1.550903109296435378e+00,6.683823346714820701e+00,1.078502722949076453e+00,2.286386376408264809e-01,3.772924699171122054e+00,1.295834474654415702e+00,7.442103055743316098e+00,6.327320596240947559e+00,7.890317530664622048e+00,7.872518147930232857e+00,2.904904776190201154e+00,1.363069137683259768e+00,6.285902099071061677e+00,3.699197343216916734e-01,5.017823401172945452e+00,2.820729724814918793e-01,1.218765337096185064e+00,2.526300802881140672e-01,1.405954329189386121e+00,4.667328712995142403e+00,7.082321133895920440e+00,4.738633031806914531e+00,1.213620887062357934e+00,3.387973169054707689e+00,7.351839025420650486e+00,7.606506763797108661e+00,4.065343693558284288e-01,6.716634882153174502e+00,6.423196421791105948e+00,4.250875216407924206e+00,6.511657018249889184e+00,5.456140124100293143e+00,4.125684383497083552e+00,5.984018433642165569e+00,4.981563162313186410e+00,5.435964545928809954e+00,6.796812511236369758e+00,3.065976089532629345e-03,1.253745969359223000e+00,2.986230852551761128e-01,9.135208565489794097e-02,5.674427307357738925e+00,6.431090354216775218e-01,5.611317805216683219e+00,6.710893879302041398e+00,4.746409311744120174e+00,4.557459828689203185e+00,4.424548644028226896e+00,5.752798201116789301e+00,1.902324015817235425e+00,5.505273631327079364e+00,4.698491617653515195e-01,7.055415010347143578e+00,6.754349045850911892e+00,2.627187791123898997e+00,4.317099048108353543e+00,4.060770913677959060e-01,5.413461754766504264e-01,2.914702685541661786e+00,7.417753796084971540e-01,5.778291506259748189e+00,4.936845417596665841e-01,4.482232836922571018e+00,3.408129269487121249e-01,1.568806786828194300e+00,7.161272580925097664e+00,4.522787494188367230e-01,4.971310393091354030e+00,2.087413632531771590e+00,5.157661638601273024e-01,4.051730901374785532e+00,6.699383258396516272e-01,6.105606257133647574e+00,4.945131427214294995e+00,5.675002580661478113e+00,3.584685007862065120e-02,3.925877287195369547e+00,4.020962475468103925e-02,1.508568935267775801e+00,6.312503822528571007e+00,5.656583961614584100e-01,1.473246118602006050e+00,3.799838786629123888e-01,6.939014913940450002e-01,2.237360442340162736e-01,8.593964730024995502e-01,7.165728589648030500e+00,6.823822337161264073e+00,1.377130287189269442e+00,6.692310923368421705e+00,1.196142213547604971e+00,3.816898974293075675e+00,5.904539033012786930e+00,8.577488270295710038e-01,8.128270726465157026e+00
5.477929311842238747e+00,7.090286669636857164e-01,4.398183707743053006e-02,1.143640748461559609e+00,2.671092248048119178e-01,6.226835736576916247e+00,5.106189354346182263e-01,1.088272686258260125e+00,5.188595690956245399e+00,1.519093173359843174e+00,4.063295560011445318e+00,6.885486514036004202e+00,6.283990855593337699e+00,1.003860055136910034e+01,4.144052321858305632e+00,4.343205659421025544e+00,7.394512320214184697e+00,6.870807974655949169e-01,1.546590121219749481e+00,5.600149397561504649e+00,1.105738966008617652e+00,9.179206289651986594e+00,4.446159246084993910e+00,5.619520725467560318e+00,2.207854423947413824e+00,5.294243789869823580e+00,7.901580873400186888e+00,3.246904729497835707e+00,9.032576970810154648e+00,5.240182289297992568e+00,6.467906906989278504e+00,6.308013800717902519e+00,3.655765845094612221e+00,3.144949762197580601e+00,6.346978337986316498e-01,8.297577540471812174e-01,6.058069433858982222e+00,8.710177303171282581e-01,1.044127737761745722e+00,5.632488976524768098e+00,2.808789638169642000e+00,1.517619483114566403e+00,4.367358390652128497e-01,4.035774000807832884e+00,5.750330685478231008e-01,4.520947283206943723e+00,4.865692647067293208e+00,4.607869991274957666e-01,1.049445825064079019e+00,1.903765321193340299e-02,1.361967790105557574e+00,3.118800843197248707e+00,4.182717524936176545e+00,5.708855279396432891e+00,5.784489272985434027e+00,3.399445232344648904e-01,5.535630701022144606e+00,1.020558796572923921e+00,1.550990002003747925e+00,2.084435461306293202e+00,8.702337976953766763e-01,3.702899704725485464e+00,4.943842841961089363e+00,1.165095768353678451e+00,6.092713703959987015e+00,5.445586857725202012e-01,1.383184439258520415e+00,4.441596365868058172e+00,4.092299825450552930e+00,8.284352409089090763e-02,5.540033371461383638e-02,1.443903438272044371e+00,1.454370671205108989e+00,2.586777012760395511e+00,6.135887221635170086e+00,2.877196377383619552e-01,3.468387607072000556e+00,1.102012268823366226e+00,2.132303258985723371e+00,4.519809587649760374e+00,7.607374939647193912e+00,7.332495769017043363e-01,6.084885419219704161e+00,6.504444312663538952e+00,1.592912655780654996e-01,2.419821295156301844e+00,1.183339810294630867e+00,3.270672276738380013e+00,7.324206698932599124e+00,1.782383247795985337e+00,1.234594132566215308e+00,9.818811229901958093e-02,1.156198864957673988e+00,1.970725749939195026e+00,1.242758768668312586e+00,4.902811467913348764e+00,9.566700732657973383e-02,4.647953571396089556e-01,4.606711722257193387e+00,6.407174620571592705e+00
7.720941310415556202e+00,4.398862630396538798e+00,5.759547105862410810e+00,6.359986132267636094e+00,6.437491765814862710e+00,6.397094175298044583e+00,8.341366085727826007e-01,1.537302845739528578e+00,1.107939142088791629e+00,7.115335517412798794e+00,1.663596371903902416e+00,4.512673099673803812e+00,4.855789564509859213e-01,4.646887522730736464e+00,3.333704506445768434e+00,2.243720697085448634e+00,5.841616424463677681e+00,3.050132381051584574e-02,4.164236522176373079e+00,7.606128984341254951e-01,3.210846059985041467e+00,2.456913588367579671e-01,4.668767203830157086e+00,1.156985938874126152e+00,4.965465990121394668e+00,6.908130919003889758e+00,8.040001464055848146e+00,4.013228869558716383e+00,6.086416668898669613e+00,3.830913789638927813e+00,5.263445109699202540e+00,5.852290461203470073e+00,8.797993872551211680e+00,8.923043868622536623e-01,5.738770548255182291e+00,4.270644651193722385e-01,3.649368465412887730e+00,7.246162687742290220e-01,7.605227165827756153e+00,9.914576249342166303e-01,2.464671903219190163e+00,6.280267138846856056e+00,5.304402611438743698e+00,3.991987850830030382e+00,6.016920362678644274e+00,5.107245974279766898e+00,4.196553010500092995e+00,1.000025461840514884e+00,6.168276716555978645e+00,6.648434691465298307e+00,6.475499204997968938e+00,7.168700400941995454e+00,5.396233576426242573e-01,1.546734689089017900e+00,1.803456025053215672e+00,6.689403846275981280e+00,2.612231446884249575e+00,7.915682532449041631e+00,7.114348513163594845e+00,6.764141489601311896e+00,1.864338163612182075e+00,4.339375052842962432e+00,1.052168795030551163e+00,5.869721174564064725e+00,4.349762085081959384e+00,6.263304394263024655e+00,1.639208831224333140e+00,4.563062247637573066e+00,9.095239376433067235e+00,3.161139738632789076e+00,1.579212507583765968e-01,6.734768283261228561e+00,6.761059471331692272e+00,6.841525085912835813e+00,2.404026655182680550e-01,4.938564612433586909e-01,4.355307262765196974e+00,7.151228900563926238e+00,1.000538069033650279e+00,7.315260269311217201e+00,5.183429988602514804e+00,2.041296098027373329e+00,3.900262493704099498e+00,7.215179794887511378e+00,4.518435833696951676e+00,5.306485478246003140e+00,5.164738001667327438e+00,1.911901663514224969e-01,2.006760281623554132e+00,3.885159337531126633e-01,6.235735427796491592e+00,6.456719767546731603e+00,5.655547913300955187e+00,7.071693647222974555e+00,5.489747023216672517e+00,1.464027401630949576e-01,3.847008024940055559e+00,2.459217538499097966e+00,3.753318808161616893e+00,7.151818657827128334e+00
1.372238845056682255e+00,5.662396047720600123e+00,7.251452459822089747e-01,4.823624718096588992e+00,4.297857760219851109e+00,7.133961165954272321e-01,5.255766908494143408e+00,3.752311794881243223e+00,1.640421040822681586e+00,1.335557295307984393e+00,8.739192553133000585e-01,1.436336966156134043e+00,2.729860265130275021e-01,2.072213976358480814e+00,2.417258137699536125e-01,4.570893948483340630e+00,5.869913451845784280e+00,2.472610370806096469e+00,7.066123269664267958e+00,6.908290228775014974e+00,2.860202939725556615e+00,2.518307637140274835e+00,2.620376780139402673e+00,1.661555662112457199e-03,1.546112766193183496e+00,1.496073305565803091e+00,1.791340873782232279e-01,6.512223678418171957e-01,4.156974016885548018e+00,3.391869631298984444e+00,6.777580315470104644e+00,5.709365662779024575e-01,4.675816622400435385e+00,5.577523266692097081e-02,7.185489008398748823e+00,5.453585579229804026e+00,4.560933220230516838e+00,7.515188545643654017e-01,5.084389463778986595e+00,5.807786503869291295e+00,5.713656728908456550e+00,7.614283953937450278e+00,5.902784533387007038e+00,4.485646132970591893e+00,2.335684654343916922e+00,2.925787217364439474e-01,6.981777006591918244e+00,4.227007744252660792e+00,6.158303205267253055e+00,7.414673155432274232e-01,1.548970050447042723e+00,1.877946371399772385e+00,1.278516516152197635e+00,1.826083030002600527e+00,5.767789252783673604e+00,5.191692996682883532e+00,6.300664149633365518e+00,1.847371633362833165e-01,1.226028377462249574e+00,1.320298121485675713e+00,5.088957006217274426e+00,6.987116122693428633e-01,7.400982419413635327e+00,9.402032454014316087e+00,5.148271443509173650e+00,7.350937448524002882e+00,4.520647353013671044e+00,6.219263345495400053e+00,1.494638451617853248e+00,5.148189182247783435e+00,5.769983749824168839e+00,3.179601227026647159e+00,4.499468420039415939e+00,9.858626690744000109e-01,8.939421497171389230e-01,1.782865260631160353e+00,5.374211898199424908e+00,6.253863059058272000e+00,6.680877951342291121e-01,1.117180180146772672e+00,3.170188867086393358e+00,5.714003308237378675e+00,5.393503508502582200e+00,2.027409500852261903e-02,3.056606912111502483e-01,4.741456471038605791e+00,1.139817077386275468e+00,4.449222345700031944e+00,7.907573697732201978e+00,1.257805927753266495e+00,7.625343816946628106e-01,9.479831406119731962e-01,1.077170929432253343e+00,7.949193668697297488e-01,6.106988638097337052e+00,6.711010661772356389e-01,2.048757834813485168e+00,6.311088899936232011e+00,4.529827943037412652e+00,6.860740353851920048e+00
2.021207404557920917e+00,1.889397685231564150e-02,8.225099762120857694e-02,1.437019134528352726e+00,8.670913983400324598e-01,5.192498035525997757e+00,5.416317113330284538e-01,7.634355465242494532e+00,4.118495669134233594e+00,3.151673928458691432e-01,6.159328148133290881e+00,1.104147891705887119e+00,1.823688452481756261e+00,7.972305723356295504e-01,7.410228181802864800e-01,1.312967554183052332e+00,6.596235250086381008e+00,6.567460541230101256e+00,5.145078457599077559e+00,4.500496609841622586e+00,6.487007776215925503e+00,4.269958557886172068e-01,2.657827502494730432e+00,1.514311163809968441e+00,1.359257500547925712e+00,9.770752595006069186e-01,6.451146382775159616e+00,6.089102498554555432e+00,3.942955706648930914e+00,3.658813263921895320e+00,6.968631397908211511e-01,6.444522118247153486e+00,5.357714767434316627e+00,5.757539979736348013e-01,6.479139621574937280e+00,5.285230243431784380e+00,6.006869496436086919e-01,6.431643542035441197e-01,5.776320358483980399e+00,3.922707868644750739e+00,7.454530803592167132e+00,3.302977712112200592e+00,1.084159862460297941e+00,3.535881880325603355e+00,4.474929804451562632e+00,7.436679945301301942e+00,5.388826218169251447e-02,5.075326264769397966e+00,1.952115987902213412e+00,3.131074337134339913e+00,1.137708119515412619e-02,6.525212300270506915e+00,7.772108111209691472e+00,6.232141901809917783e+00,5.068293529918586060e-01,7.293566464527187598e+00,8.652771380197746609e+00,3.322097306387085114e-01,4.774595692820074788e+00,6.246662628661594496e-01,5.020462796923616189e+00,4.176410474720461119e-01,1.703087352011592781e+00,4.588144781473446621e-01,4.026929567832211454e+00,5.029048025523447762e+00,4.556689057424105016e+00,7.313889198894468535e+00,7.104278987101016796e+00,2.282101035666269873e+00,4.715851636536064539e+00,5.833520067149626342e+00,4.018352338456065098e+00,7.714315177402844448e+00,8.658246112914611547e-01,7.967971330190511736e+00,4.606265955864616402e+00,1.358318043578941037e-01,1.226657355726300302e+00,1.525654053839520463e+00,9.221850792734128888e+00,2.081845667440974879e+00,1.237753793051570295e+00,5.052717384987546190e+00,5.552109348515598342e+00,5.676460621572637422e+00,7.758510382220336066e-01,6.164056493306540041e+00,5.548881748959863636e+00,4.523640561525272830e+00,8.326827066861499205e+00,3.426441198230417040e+00,9.970626895725810401e-01,5.202208158318307518e+00,5.419986356065569666e+00,7.440114691755595366e+00,7.343424270923818220e+00,5.478603897816972434e+00,1.512714002725195517e+00,5.487093657716239470e+00
5.763113328850280936e+00,6.472063433593979731e+00,4.918791455130992141e+00,4.191577918711539841e-01,4.710695855830085321e+00,1.198895814068794641e+00,5.771549648505047259e+00,6.688534843918766626e+00,7.244678230049459877e+00,4.297254633391000667e+00,1.357627489281543198e-01,3.873174567924240641e+00,1.004616196912589743e+00,3.184357573483447723e+00,4.242911708999420384e+00,3.767713642889547465e+00,3.111935646685044965e+00,5.129893442954096550e-01,1.305842860678161799e+00,6.843574461165133016e+00,2.541388821910572027e+00,3.657713214582647421e+00,1.028875985422023520e+00,6.590462038026435820e+00,7.600805240672019458e-01,8.376729428177918990e+00,6.264406805168630576e+00,6.228388496404582142e-01,5.222923982160500245e+00,6.971242101450361162e+00,7.334856450528305594e+00,3.229391582589630882e+00,4.921626477543748379e+00,1.435395325662572663e+00,5.445729266826306869e+00,5.755421160965277672e+00,6.737432028793092442e+00,6.894624827935830425e+00,5.688033830238209632e+00,5.168350966729420293e+00,5.838200211077665180e+00,3.127370390391657651e+00,8.543760220656040349e-01,4.518316880746613418e-01,8.413915765304529337e-01,4.342077492877272960e+00,1.444230796730145983e-01,4.281960462945890278e+00,5.758908353805479052e+00,5.725926785235175842e+00,5.949973492461422708e+00,6.467368029002885876e+00,4.305510736246282999e-01,5.217662493891246811e+00,2.060086264202360073e+00,4.836861761105118340e+00,8.513392817080851493e-01,7.481827264727517246e+00,3.879401662949883978e+00,3.464415384494632821e+00,6.995137540441944246e+00,1.889596746778789305e+00,5.017309495998381941e+00,2.782191372850275624e-01,4.487705525712994969e+00,6.143842867296916310e+00,8.033771751129314964e-01,8.608389760186449635e+00,6.761956369384234833e+00,5.372105485665105817e+00,5.570502216560716313e+00,2.113636450588562532e+00,5.838528494700891969e-01,3.122517140449595718e+00,5.309153702420650323e-01,5.272893706922695323e+00,6.663015430227470226e+00,7.473413018590139956e+00,9.026471675352919499e-01,6.225220309606693370e+00,3.623880177490864440e+00,6.909443151443723785e+00,6.671041896059985987e+00,5.341679794377657942e+00,6.026969033659318242e+00,6.272899187547655409e+00,6.176112824418697578e+00,4.229017578386536691e+00,6.026805167674753605e-01,4.994618188230072198e-01,3.016223095273251609e-01,4.603785984767426953e+00,8.371472319510100846e+00,3.995053843197322596e+00,3.794921926425714354e+00,1.423812907614555812e+00,2.202975543769540856e+00,6.017506517219805673e+00,7.383189357017636567e+00,7.109299676138711277e+00
2.433093236384250346e+00,1.902236190303122854e+00,4.055421578266610316e-01,1.091356976064149276e+00,4.609864355312517148e+00,1.071108180559070533e+00,7.894417893969883693e+00,4.965398740850041293e+00,4.889462944821117318e+00,7.204556527725894277e+00,3.392553459804528160e-01,5.748242498084666918e-01,9.508043927956911778e-01,5.199119623005659108e+00,6.936210639075383710e+00,6.206020929247147322e+00,1.141150210882878158e+00,7.642498676487973874e+00,4.706614388917790492e+00,6.753535927224506352e+00,3.042263734302971923e+00,8.332133437035260215e+00,4.199069501527434412e+00,1.654684611507939884e+00,3.267101993066163779e+00,4.889287012190241200e+00,5.758963285592866299e+00,5.200377902431348787e+00,7.921161064499058213e-01,1.863807472680039989e+00,6.205086222859222289e+00,5.188793560559247453e+00,1.583922581178850653e+00,5.599838811304071129e+00,9.275861929386205462e-01,1.597831968599215946e+00,4.352894937388994911e+00,5.229690386043112760e+00,5.632310977611881597e+00,4.455443207576448295e-01,5.275537025926915646e+00,4.120247616064988350e+00,4.368137873960925788e+00,3.818229860079664917e+00,4.076471504274540969e+00,7.990431802345843160e-01,6.120522927153961845e+00,2.050773023369549808e-01,5.184243697514663296e+00,8.061470869652547222e-01,4.553409601757850922e+00,5.080887047522648636e+00,5.951107342818440227e-02,1.261852828571755847e+00,7.366896000943236267e+00,7.650525464674567289e+00,4.301956482731990050e+00,4.903752919352563744e+00,3.364384074403841129e+00,3.428573454883745875e+00,6.117268953376562735e+00,5.034732672595037428e+00,4.640748305321297451e+00,1.614056465970755028e+00,4.059973919517982033e+00,6.057396513432221852e+00,8.797236033607543915e-01,2.331772144672712876e+00,5.071800591582483975e+00,1.696359188731372480e+00,6.344539050439832906e+00,5.700751513209610266e+00,9.185575651627972960e-01,4.511299907135805753e+00,1.937698741130288393e+00,1.354412396276117425e+00,4.379110189445441392e+00,1.510042056871152116e+00,7.853690524216673907e+00,6.914627513294335337e+00,5.130597063344171094e-01,3.401351048195127014e+00,3.119085078231786934e-01,6.396455312192063092e-01,7.329906282149918795e+00,6.268240869701324769e+00,7.671026540612229994e+00,6.887890417610806892e-01,6.583535876433941780e+00,6.616978895843439901e+00,4.985757619597166013e+00,1.352042420520006782e+00,5.635579554053901319e+00,1.356777204674893600e+00,2.510384246333708269e+00,4.697897807056902408e+00,7.590526768041252481e+00,1.676401785713177439e+00,6.551875102639516335e+00,4.773541501747802229e+00
6.206444397547034697e+00,3.737832691402633856e-01,6.769746157504281214e+00,2.619922283525352391e+00,5.390527579107730283e+00,6.717533943251623452e-01,2.565059098757606071e-01,1.382141245511031125e+00,2.303009869392396602e+00,6.489592162900546413e+00,1.425650397925275925e+00,3.729967415554471089e+00,3.177972876879466391e+00,4.996257061274186340e-01,8.897252243216666745e-01,3.018206047067259590e+00,8.029534615430431899e+00,6.301142921063689784e+00,7.460836606215235367e-01,4.442276153216162982e+00,1.010657831923085004e+00,7.176173991925956841e+00,7.374714305304772566e+00,6.105208353627491924e+00,4.132599895923400268e+00,3.902005971265192663e+00,1.088667440675650688e+00,9.817235198250698902e-01,6.815522946322169595e+00,3.115828106069515435e+00,2.370421147477522972e+00,5.064581748384141768e+00,1.114169836934872482e+00,3.722879038264914620e-02,3.058413451241890346e+00,5.146974052801517097e+00,3.396262782006178593e+00,4.479249538546765663e+00,9.483980732816776893e-02,6.302046815556592740e+00,2.904777128986026913e-01,1.754163316661975225e+00,3.046067199474149945e+00,9.030625276544170799e-01,4.155883041451847504e+00,6.749409887447461731e-01,6.969478702672578407e+00,6.847336526534805401e+00,6.512975418342570322e+00,3.875509185898389664e+00,8.401630182994553886e-01,4.304155529561613847e+00,1.317671305899617673e+00,2.562744518229824742e-01,6.221050109489480562e+00,1.148735017903181888e+00,3.997208203320593345e+00,1.064216167583142747e+00,5.431706896382775263e-01,3.238824576974865810e+00,4.007486728957509570e+00,5.798931735342604199e+00,7.505584993490932000e+00,6.233479392548067821e+00,7.239226052945217482e+00,5.818692103424307760e-01,4.602301301760284069e+00,7.347475004045135316e-01,5.032193875332048982e+00,4.153731912511202218e+00,5.708973502342882256e-01,2.776446678893457198e-01,5.138732226178643892e+00,4.830803159481630082e+00,5.985661042154212907e+00,5.126269684731435738e+00,7.412753141791638356e+00,1.327615101293043498e+00,3.773165087196620693e+00,7.567669711876673588e+00,8.405565133717799453e-01,9.143540856655533178e-01,5.296417210588162394e-01,6.599892824713483819e+00,5.125276491842913451e+00,6.524675719180920375e+00,3.588386920902169042e+00,7.109550075335811847e+00,7.224552923528848591e-01,6.306509205724740497e+00,5.041218723540159541e-01,6.609216559904919741e+00,7.172938659961528352e+00,5.572927345316781356e+00,5.947124719740031651e+00,5.212802699278530350e-01,4.103780485676349343e+00,4.055641436433129243e+00,1.610281498218643303e+00,7.117844185102127241e+00
5.914471726049879585e+00,4.190023887814533499e-01,2.685579963950162963e+00,6.552034000026583094e+00,1.078580848826373506e+00,3.106120918674100562e+00,7.059816008809527421e-01,8.046455152951512702e+00,4.355674548769981058e+00,1.748188975122930255e+00,2.103508361878983379e+00,4.035622960359114941e+00,7.302008805885302323e+00,1.273672608540136642e+00,5.953204983433844077e+00,3.965985405777832540e+00,1.610642467273266654e+00,4.001793406997794733e+00,1.886059550247619843e+00,4.120786663399572447e+00,1.521950189068404180e+00,8.449503546665956932e+00,6.804641481927275137e+00,1.689965385694821576e+00,9.946005439022147510e-01,3.788134375091586348e-01,1.441787232503806804e+00,6.884435643802035543e+00,3.016897321106826624e+00,4.354665759303553152e-01,3.894484768352917126e+00,9.693771097737435838e-02,6.573898395611677437e+00,3.607437940765072071e+00,8.456192504166766710e+00,6.200647813570913769e+00,6.348079611357018592e+00,6.493941647624510427e-01,8.267120872330915304e+00,6.906410886495150336e+00,6.799744263515417053e-02,4.726413495617640237e+00,4.590926099526218884e+00,5.524084924494635729e+00,4.622935201879574407e+00,4.094030663510386248e-01,3.624632510181635681e+00,3.807635074810815645e-01,4.062680544638680447e-01,8.034112358798603637e+00,2.534024765663540180e+00,1.931901507864814516e+00,5.122200793284214626e+00,4.237923653597244211e+00,5.059414562857468489e+00,7.193066213968990041e+00,5.651824915601184607e+00,5.047441881258008856e+00,6.469094743611517373e+00,6.035937114296062056e+00,4.852531770347550122e+00,6.876631760258227644e+00,4.017702944358027217e+00,5.829312866607669008e+00,5.186249401390480074e+00,6.407632523280890169e+00,5.187771632127502919e+00,1.196614652177340199e+00,4.459986997487502158e+00,4.067083838567644882e+00,4.559355525108099272e+00,1.210610953766613873e+00,5.984535020261711580e+00,6.347090850845996668e-01,2.091387239986810975e+00,5.771971384100266889e+00,3.015998356032798533e-01,6.433341079018857656e+00,5.087500412822069329e+00,1.787986177991570669e+00,9.829080289749623223e-01,4.934667066763001486e+00,4.880318049752235154e+00,5.737878435731464943e-01,3.489668020750036348e-02,6.899949168250084419e+00,6.265406592947437403e+00,1.961561181138540055e+00,1.439240885578580986e-01,7.884873283041581082e+00,6.435600289785671890e+00,8.569686157280520078e+00,3.506384673973344857e+00,5.611808055436919851e+00,1.724562665560144925e+00,5.765323202499603283e+00,9.151219694969469742e+00,5.383402208993306459e+00,2.199676723863900563e+00,3.617813976302114654e+00
4.086405340303694622e+00,3.938399712435786792e+00,1.038113248684647605e+00,5.692275207663085368e+00,9.046735006850452621e-01,2.308585735884434165e+00,2.574599071010842399e-01,6.593657884530497171e+00,1.916662190074033711e+00,7.076078203525025145e+00,4.831094417312977285e+00,1.770799001251526228e-01,6.171237238831756677e+00,1.660323747467250532e+00,6.115021423787982080e+00,3.973449138092434163e-01,1.362631884733890297e+00,5.921963416033916516e+00,6.141349018836121942e+00,6.153507507406157373e-01,7.221193611081124786e+00,4.788551940642227223e+00,1.332544386478458520e+00,7.530977937120738375e+00,5.798410856812584946e+00,8.198453805861550592e+00,1.030499526916869968e+00,6.629124071872217527e+00,1.992598475909997946e-01,1.366608554913364859e+00,6.580006090476207881e+00,5.934239405813405810e+00,3.996260976197404613e+00,5.183097357417192796e+00,5.362820610940277621e-01,1.179970450563142093e+00,7.245128922671051352e-01,6.538497501423654157e+00,8.390052968189863236e+00,5.306601354362063816e+00,1.659184925765933016e+00,4.634058368232704339e+00,6.148153686064430801e+00,3.056148811098138296e-01,2.499507554408733068e-01,4.913382138943665822e+00,3.613983573392600679e-01,9.119968885198262987e-01,1.163065860850465150e+00,6.254625536563260368e+00,6.069784274322041817e+00,7.813802272600217647e-01,7.064879166276677225e+00,1.326400069958896033e+00,6.281638419273142482e+00,4.338265938869618310e+00,1.404434516616371420e+00,4.327708995315509455e+00,4.695637654192030830e-01,5.138374118856522621e+00,3.247883793262261065e+00,1.108488026005939986e+00,7.120016490166261036e-01,1.883390552548284802e+00,1.179757974102072282e+00,4.524630777342613541e+00,6.287649127538126770e+00,4.438118771781589977e+00,6.179053483795014401e+00,1.766673123680003954e+00,2.008792838256383995e+00,5.396510560746652363e-01,1.838257368702717942e+00,4.214513112713643039e+00,6.766047511822812943e+00,1.243537801639150953e+00,7.339928019306428686e-01,5.092869298364870012e+00,6.629104856776627308e+00,1.634230386188531892e+00,5.837376632931441378e+00,1.488683310253924752e+00,6.755431014843320536e-01,4.839640393227771398e+00,7.007857810005347687e+00,5.203503228309735995e-02,1.007917040549939580e+00,7.823536820783813184e+00,4.470827735753927001e+00,8.411936880888873702e+00,7.005201476215471068e+00,8.074174442827468656e-01,1.900186370741500763e+00,5.885534244372605528e+00,5.652662382701481469e+00,1.778356125987330394e-01,5.392627595200428559e+00,2.271077779982224598e-01,6.260372626436507382e+00,3.116114694537118091e+00
6.952882592121491179e+00,1.016872656520340312e+00,2.590489821962961958e+00,2.705984314361490339e-01,6.463090965948336653e+00,5.422232546136685372e+00,2.707716969228727288e-01,6.369382075061704285e+00,1.648547561758570978e+00,4.903712601527721482e+00,7.995253926487208673e+00,1.223451553583154716e-01,2.925953543428043702e-01,2.750233856665412757e-01,1.309864821757421582e+00,5.724773929808670836e+00,1.829152882926532442e-01,1.808708913860683776e+00,6.122334068219112524e+00,6.200126876729854519e-01,4.923512377549366104e-01,2.510248551810727591e+00,5.043316597496482423e+00,1.728820926021291449e+00,7.008948645226254826e+00,7.982083252054759548e+00,2.448575186223664879e+00,7.176162379561237259e+00,3.054640029701416459e-01,7.358490031721634850e+00,9.149278333271890773e-01,7.361920736342475458e-02,9.573011114822449485e-02,6.894716825102558566e+00,3.347265679331222099e+00,5.176514907047174319e+00,3.395022452529964596e+00,1.450353316317749330e+00,4.505158165997493747e+00,6.755294285858900238e+00,8.774756289067788373e+00,5.993056324395729106e+00,3.389099655206595507e+00,4.224043180604714065e-01,1.693855897963811863e+00,1.370163039599222810e+00,3.753888679507940473e+00,7.163878307294945458e+00,4.035078047000471013e-01,9.533746912783547245e-02,8.216235236460378566e-02,6.773759975303546454e+00,6.321737481406424664e+00,3.026430593413282466e+00,1.107380364275179163e+00,8.314895052058927094e-01,6.039348850366375032e+00,1.474333575426163945e+00,1.979480613832496516e+00,6.717060842803151965e-01,7.975038485912138153e-01,9.785594234484936038e+00,9.439092737137035893e-01,1.493604448245661409e+00,6.302899112665072856e+00,8.009675800074347762e+00,1.844044988037910393e+00,4.079098312301690399e+00,5.849880064485416753e+00,6.968059928602027497e+00,5.925263344613244776e+00,4.705435560816353835e+00,4.731544062448438837e+00,1.199825334420363987e+00,5.692403078957663176e+00,6.157396218708001356e+00,8.395975999255129718e-01,1.072898822637729399e+00,6.621863891892980192e+00,6.062092522908155701e+00,2.896417682941768934e+00,7.377623635055700291e+00,3.580641390852279393e-01,7.456482542252441448e+00,7.313498168178195868e+00,2.123046594371162943e-01,6.229320962464841571e+00,3.835334847195182029e+00,6.171053356414850644e-01,8.209178831815104882e-01,5.441495379963980916e-01,1.652436207305027160e+00,1.210519304940653518e+00,2.124959117651287865e+00,7.595661873495846983e-01,6.360398790269907288e+00,1.395094770303392906e+00,5.176941180346753768e+00,7.537343665747265220e+00,7.275787921462356422e+00
3.961126311198747807e+00,1.698046373490239791e+00,2.695289937587792117e+00,7.144111005794468561e+00,4.618251011725394761e+00,1.460433353473355567e+00,2.394440288323265165e-01,1.180916503516002969e+00,5.254449667542594682e+00,5.042384734496238252e+00,8.204595331083081033e-01,5.489156546709634377e+00,5.746554505335543794e+00,3.899657640257808477e+00,6.220404304480822155e+00,1.787331760298299432e+00,5.425321132460770635e+00,7.417901307011899981e+00,5.112022958606793566e+00,7.875192311541446166e+00,3.353883839136599931e+00,7.046528787416278305e+00,2.879366138365792027e-01,1.011918472171856598e+00,6.568729798377171747e+00,4.452524871747764124e+00,1.771341389350813422e-01,5.832161831759909099e+00,6.413603294651032627e+00,4.561112230331722195e+00,4.423278442616137340e+00,1.577406828767309976e+00,6.718473172980814034e+00,2.951701844013982612e+00,5.054982461171146468e+00,7.225869777399528182e+00,5.333854189593943751e+00,6.682309177193511474e+00,5.242427616417634439e+00,6.033682989111632367e+00,3.818420650252592363e+00,1.405765849738132012e-01,1.292735902571398032e+00,8.742287336006112630e-01,6.328765403271202850e+00,3.322321276916439636e+00,2.874811858323885971e+00,6.637268488944082501e-01,6.381521487408562621e+00,1.243739746591568718e+00,2.197205530570138343e+00,6.822998839074526423e+00,4.785089192302027783e+00,5.214811820814384546e+00,4.872901652589822774e+00,6.572758451048759110e-01,4.480971271673315215e+00,2.516474171194408305e-01,5.033801000451886942e+00,5.023101017373412525e+00,7.606733907915677051e+00,1.428340698663357111e+00,2.199040235740549853e+00,2.106626140783232071e-01,6.029761491222284775e+00,7.315156870164331693e+00,8.263783426196201987e+00,7.622374011298116425e-01,6.789758608629028913e+00,4.823228948931237881e+00,3.519979309584104321e+00,3.383796207436362558e+00,6.193505444433283103e+00,1.624171454884392185e+00,4.996764979466396639e+00,4.979616025660368317e-01,4.555366755823297531e+00,5.498797728973210397e-01,4.024008330904822017e+00,7.965619901895533594e+00,3.047524345422774061e-01,9.240066601216136988e-01,7.398808153877851623e+00,8.297497545257133567e+00,7.303286253859997412e-01,5.475282178134707856e+00,6.630606387510725952e+00,6.496655757134948139e+00,5.985158695104024318e+00,2.065315411488340303e+00,8.246886923487529941e+00,3.023925919007015573e-01,1.758174253902530459e+00,7.865405048587295056e+00,5.155106488571450374e-01,7.508877657730289812e+00,4.591390487909078999e+00,4.923622882098029896e-01,1.266445840143823665e+00,4.566501129834570349e+00
5.726444931178034103e-01,1.133322469796550713e+00,1.773357253185421811e+00,1.712466152257170471e+00,6.828878393408770897e+00,1.100349257103479195e+00,7.065729273800492649e+00,5.174754075096250183e+00,7.014532333879181181e+00,3.033276284692825175e-01,5.998421811436804418e+00,9.153699644869781604e-01,6.166824336229294268e+00,9.388220415910697447e-02,1.723178843246437886e+00,4.401141826547932956e-01,5.084492050684831455e+00,3.971761581980390865e-01,5.224832945327195777e-01,5.388021424548625760e+00,2.499392306237850914e-01,1.628101294165514856e+00,1.613675577277828843e-02,3.920714355019658814e-01,6.321491289467653374e-01,4.564151436699921405e-01,1.293157065410211803e+00,4.355654269999146955e+00,6.126571180542361716e+00,5.145553060605791984e+00,1.584626188379001377e+00,2.869169179217404553e-01,1.254033614453923695e+00,6.773950045534240516e-01,1.793527292694114372e+00,2.101949886122518318e+00,6.306910973936632914e+00,5.841907756995665224e+00,8.670816534806771614e+00,2.723667032391471121e+00,8.448743566692892060e+00,1.740341565961629700e+00,2.381382824454712388e+00,5.672037979364243920e-01,2.128819127305776604e+00,9.561627033175235102e-01,6.591102697498413931e+00,5.116827435805689106e+00,3.714871272981679517e+00,2.180751402392013816e+00,6.217344745584116872e-01,4.077360130083405032e+00,6.296946535488290309e-03,1.993959525017630963e+00,4.821045231186537272e+00,3.131686871359243618e+00,7.630146975407972043e+00,4.808149351390165194e-01,6.490586668919816837e+00,2.006638964997175201e+00,7.229755609363868629e+00,1.818038991841889329e+00,1.185233352518429983e-01,2.352007310118298555e+00,4.248980196614107641e+00,2.632046593125314526e-01,4.403678221474370602e+00,3.595647442267653648e+00,4.175286046104000448e+00,6.592501222089488522e-01,4.708686730654982000e+00,5.143406925362156157e-01,1.476309699041467027e+00,3.756948331792409945e+00,3.377747304967754882e+00,5.035412677496307055e-01,4.740943463286408921e-01,6.731375413280788145e+00,9.244844929923203836e+00,6.114451087942980756e+00,1.234625364663789249e+00,2.142287657321588767e+00,1.982577480087313715e+00,2.754350609940671823e+00,3.667293511705498332e+00,4.833489142129309357e+00,6.392433521957567422e+00,2.751872904589407476e+00,6.384661244023381865e-02,3.832890962098107757e-01,6.276837932944236087e+00,4.232324312444597503e-01,1.248399734386037574e+00,6.571487985517928898e+00,6.511922269413925157e+00,4.124505882179428928e-01,7.026398071776052134e+00,3.164981171597098797e-01,8.697932574886134915e+00,1.529641242919433264e+00
6.949646122486385025e+00,4.532921605133731546e+00,5.430917400918437110e+00,4.781307572634078129e-01,4.731792050955746731e+00,3.736636775839170976e+00,7.997652525826394410e+00,4.442517034293265610e+00,5.698704593071392210e+00,5.259039201147030163e+00,1.359124383673788738e+00,5.537720902785326693e+00,1.252895318466945351e+00,8.676394705983224043e+00,5.892610242347794625e+00,2.324948966329248634e+00,1.330028342697094690e+00,4.897302874385488503e-01,3.194286768443078017e+00,1.810594102933300586e+00,5.235566624791404777e+00,1.033320050866803230e+00,2.130143205900115078e+00,1.694025578473426830e+00,5.952602217204352453e-01,2.691085787313305389e-01,5.782577859929372011e-01,3.607671324953493297e+00,6.042329653350775764e+00,1.128785657194247838e+00,3.368825044154637460e+00,3.187299658133581293e+00,5.763480190186065499e+00,4.444716056597782128e+00,4.100336105713692447e+00,5.138201688400213740e+00,1.406321369289581957e+00,6.866130953101491130e+00,1.911597827577413922e+00,3.742720945240662456e+00,4.244193341218545967e+00,6.286141337947870333e+00,4.801834483050471114e+00,6.606258010402505931e-01,8.559907060938312107e-01,4.513665608043980093e+00,1.833292441850752574e+00,1.693216668910992873e-01,6.410065722120742215e+00,8.227035729049374524e-01,2.253270333914958901e+00,4.693249754149364961e+00,6.832109989683857521e+00,2.205606896558647279e+00,1.481795006636976275e+00,7.096150231212952519e+00,1.727570219605625290e-01,1.610234769412173250e+00,1.193072174581614853e+00,8.685524863361962389e+00,1.416817855965048611e+00,3.991895634729825115e+00,5.392172702725669176e+00,2.730659440792684300e-01,6.667982998117705229e-01,5.483805550455352673e+00,6.847812873755114715e+00,3.504346207999300411e+00,2.174322497597555248e+00,6.697199078246784953e-01,4.421991973233143192e+00,8.647875177681317638e+00,5.149586687185336409e+00,1.874456799996150114e+00,2.391056215163875009e+00,1.182794878127191751e+00,9.873094489645020122e-01,1.885944201516334129e-01,6.612500466598105753e+00,2.425280091122383297e+00,4.553913273703864562e+00,5.071335350747210313e+00,6.913144086591813675e+00,1.663899593080989892e+00,7.282688733519920632e+00,1.247179937674523398e+00,1.037183584203209108e+00,5.215085381914557949e+00,5.309460904451348995e+00,5.116177686941671077e+00,6.393350939143390477e+00,2.590358779776113618e+00,4.647313460274109076e+00,6.583955073699586436e+00,7.563073679183784925e-01,2.172692620648489559e+00,5.473774780148398023e+00,5.215025013220058625e+00,8.691414277747989914e+00,2.122328173119117256e+00
5.079473190541630601e+00,3.035889958596841076e+00,7.111141209553752951e-01,1.185723642382676246e+00,5.515610999606513687e+00,4.319618767354183930e+00,2.126531332993138346e+00,9.553551500992083501e-01,1.962312838392439529e+00,9.240081294088127173e-01,3.067439575439304011e+00,2.169334068372779090e+00,5.522963439619829273e+00,3.831579795663588861e+00,8.009113023046099400e-02,5.631181290725955080e-01,1.454102166071098212e+00,6.854814318004044615e+00,1.409480694876913631e+00,3.300003782914718631e+00,7.776513815468601543e+00,5.525658271122533272e+00,7.806963735739921306e-01,5.156891503110692110e-01,4.966117121117624045e+00,4.252778236921173516e+00,4.786565338098090372e+00,3.243118946487836274e-01,8.086056936073386936e+00,6.584122067645910015e+00,5.254055636418636377e-01,3.606067753544300647e+00,1.240451652038215169e+00,6.363082656858303210e-01,6.787344330916152302e+00,8.094728089800325321e+00,1.707685497869404490e+00,1.278340718644890295e-01,1.224535996886893408e+00,2.086882785275972374e+00,8.251773020964450200e-01,1.408343844785006294e+00,7.838310368861499677e-01,7.421856448423450381e+00,4.399821841049109672e+00,1.280899933164834303e+00,1.959478079216562918e+00,5.261555343267318996e-01,4.844051587532341330e+00,4.832772793483761653e-01,3.335904813893957765e+00,7.335334424954560006e+00,6.295395574483253043e+00,5.234963058290698967e+00,3.824275292173842100e-01,1.682913498828258803e+00,5.602061446541752865e-01,4.076042369125070230e+00,1.750974681144836342e+00,4.339118212087214488e+00,9.725469311359828950e-01,5.592745326189500155e+00,6.016583316465826670e-01,2.076145817958416462e+00,5.066757194147044618e-01,1.272891423282813905e+00,3.094779778433345285e+00,5.405300434772817297e+00,1.470808971472693072e+00,1.267691362795582588e+00,4.547351571463004838e+00,8.005373484565051490e-01,5.965401771302490275e+00,1.303236042318125953e+00,3.367042611735805435e-01,2.247694096101663375e-01,3.993576318231608635e+00,7.192769675689872244e+00,1.591063931102231432e+00,8.236952985819665507e-01,2.208563047000529522e+00,1.856375647601824497e-01,1.627352683299650771e+00,3.792314454612798702e+00,6.215615489145418948e+00,3.163337874487106127e+00,1.212098438476602480e+00,5.147087719136325124e-01,4.160670725623914379e+00,6.684001883290555668e+00,4.123971327856326141e+00,5.198796575744473181e+00,5.501912339942172103e-02,3.434648284071912361e+00,2.494393628858227352e+00,1.568017785048533064e+00,3.650572631793773226e+00,6.743362436038710328e+00,3.634819096639338998e-01,1.459566259185120174e+00
2.469352980773084738e+00,4.852195178071802006e-01,5.332336260869305455e+00,5.047878550520510377e-01,1.045695650833443180e+00,7.480218403324114362e+00,1.574181917492706306e+00,7.187188444338289628e+00,2.989943852567819027e-01,5.140490255943438669e+00,1.174853198062605131e+00,1.529722766330978700e+00,9.337861961777084829e+00,7.182026367185627258e+00,3.171938910315921234e-01,4.829922328642552998e+00,4.601127507109403325e+00,6.396873701666862644e+00,7.155273891889141202e-01,1.512297211220250626e+00,6.716002998004778846e+00,3.294275604724314022e+00,5.793593054029793521e+00,6.501788435143969203e-01,1.609793983790628547e+00,1.018868937563269350e+00,4.512300717784678561e+00,9.654377129362694987e+00,1.852866515109226286e+00,4.048659762735173473e+00,5.852989528411216558e-01,4.191024830794262357e+00,5.034093100156672662e+00,9.332286879571276561e-01,7.611154683190253234e-01,4.342626572976577393e+00,7.053202466507299206e+00,6.048361335740236377e+00,1.491434949785999553e+00,4.564867833182392864e+00,3.512263532610425454e+00,1.045639439033594797e+00,1.910689136747775851e+00,8.060631304172423128e+00,4.809085574102940797e+00,1.421599414918746973e+00,4.261769531672023881e+00,1.900316765843035327e-01,3.537948918326341285e-01,4.687822869902006362e-01,1.340364700282139943e+00,4.702375406749759179e-02,1.644938489511651891e+00,6.453681133933622860e+00,4.881502713744653832e+00,1.381502169202388774e+00,7.561247056900691987e+00,4.312417620547853048e+00,1.675073765810160431e+00,7.209703137466532130e-01,3.629032903531010046e+00,4.609613533642424876e+00,7.902681948445218207e-01,3.005987751128156305e+00,1.559666100167520275e+00,2.214359456974333007e+00,1.062698896345204425e-02,9.641942910786083232e-01,2.402719264744414218e+00,6.507316783507354430e+00,8.366085097675503013e-01,7.313484510650538617e-01,3.293305579572188835e-01,6.949759038740863648e-01,6.527756771812465608e+00,4.688211040851038014e-01,1.221105889922925902e+00,2.761724242489942860e+00,1.013303753333971713e+00,1.896624403247346935e+00,8.845469561111563017e-02,4.372317186220450402e+00,1.017994548429614676e+00,4.327532023973069464e+00,5.400129719519405569e+00,8.287481937803567789e+00,7.146426702285795685e+00,7.290567092199370380e-01,2.008514177681723467e+00,3.565163194751028275e+00,6.891718950841866587e+00,4.955024215375634533e+00,6.302698099880597038e-01,5.248883665106966134e+00,3.639011029206846715e-01,3.784520842584829126e+00,5.761548583833776549e-01,1.207912833225438298e+00,3.028926442137280794e-02,8.276204944381891693e+00
3.099920146994751047e+00,1.247556405949812985e+00,5.015633287662460305e+00,2.113726737665015065e+00,2.387544045099675660e+00,1.041421795454462673e+00,5.732998594947451565e+00,5.160056419375464110e+00,8.519106374642453350e-01,2.823812236052037683e+00,3.624778650619248088e-01,1.251150359816758595e+00,1.103584178625840240e+00,3.146560370139952045e+00,6.103952069491439758e+00,8.388620409541626799e+00,3.655187977850241410e+00,7.614827264429496756e-01,5.184873817046176114e-02,6.172213153440927691e+00,6.517740832783029958e-01,7.939633917003327213e+00,5.044835279570024866e+00,4.081793157112044490e+00,1.728673348929472553e+00,5.438372344706708716e+00,7.228000379362203631e+00,1.973915642886850730e+00,1.693922176864391727e+00,6.489854827549271121e+00,8.544506401685393326e-01,9.603253756011244091e-01,1.176133206412345977e+00,6.870540859994971328e+00,7.081171972414028737e+00,5.281849997925672113e+00,2.546572727559118787e-01,5.698552799907666611e+00,1.882107520398800027e+00,6.165478069546513673e+00,2.363611317560515790e+00,1.012280384220460849e+00,2.294188481222574794e+00,7.795753593206474541e+00,4.799558731183864779e+00,1.665714010330818784e+00,3.246798898761591889e+00,2.657659216876548491e+00,2.455196335865667656e+00,5.773352462813367225e+00,1.660215084047750755e+00,4.169680225224467129e+00,4.097727491238941866e+00,3.343174602281320240e+00,6.073249866327524726e-01,5.217644633035920521e+00,1.371928407235429415e+00,6.281295021759460084e+00,7.849988923589176437e+00,1.371499998546492627e+00,1.991552701324560193e+00,2.331981943621221021e+00,1.260110411154613974e+00,6.342769125548005427e+00,6.152692217266177543e+00,7.532917460094547657e+00,5.010521668111011628e+00,1.349013602409431467e+00,6.152470284709369963e+00,5.460630528384269766e+00,8.598705222576659146e-01,5.093081687820170345e+00,5.386225779905000621e+00,5.712369442202517966e+00,5.468459921817006020e-01,1.221187483555477460e+00,1.592788485064698056e+00,6.796014811077381701e+00,3.534772963396546785e+00,5.024303810402014570e+00,7.326206396903564233e+00,4.233229206068959805e+00,8.960980577401392866e-01,1.826233055531677030e+00,3.726582600033581105e-01,1.370817099116910409e+00,1.006243336608421357e+00,3.834468229640461523e+00,4.252768548887878808e+00,7.898763818650963664e+00,4.063228716727826928e-01,3.941176554427880507e+00,7.206994985364641337e+00,8.220816698356046004e+00,2.757303638596639850e-01,5.504168769513961834e+00,2.503374986254813361e+00,1.860532632062597003e+00,4.570783040260439023e+00,9.526413755117413285e-01
1.247178851062638261e+00,1.200685124993960073e+00,3.380138526738695859e+00,1.595449041118656819e+00,5.381230161905669052e-01,2.081195580187310545e-01,1.520522994234755121e+00,2.797355081404847787e+00,1.666465406087497492e+00,7.755375545272025217e-01,8.074132769162163825e+00,4.209586692299120081e+00,4.218713234830224756e+00,5.299053750803391694e+00,6.661606334709677668e+00,6.681395379514071919e+00,5.157574350186666656e+00,5.936113743177758195e+00,6.049546954753694195e+00,5.798138011617256282e+00,5.245043072353505309e+00,2.284172867685837272e+00,5.083724223765009320e-01,5.283388049300500100e+00,6.132777604875263577e+00,1.269630485244452878e-01,1.415382245535961037e-01,9.930338562300409233e-01,5.595550337823452125e+00,6.255126478157119863e+00,5.735502850653344531e+00,7.067734862246923377e+00,1.107023754018427342e+00,1.804527765809154527e+00,6.480535199191241880e-01,7.284242185749167930e-02,1.464727409455067297e+00,5.353480104564573239e+00,2.827525034405485194e+00,7.012797591351683124e+00,7.972880885316160349e-01,1.036470411053385998e+00,6.973610505757203981e+00,4.755175942019904678e-01,7.702861093601017117e+00,2.454305225730435414e+00,7.239799077560331586e-01,5.278673496978374402e+00,2.356490925339493891e+00,1.884992909365159175e+00,5.225273425668205185e+00,3.315812612757777167e+00,5.301124332209497858e+00,4.021161733126490390e+00,4.160314383183484566e+00,6.364490992526535607e+00,1.232392049501770614e+00,6.612690441422164334e+00,1.509250510614713603e+00,5.586181283410343923e+00,7.046963691104911831e+00,9.532173021820362635e+00,5.186498745214519701e+00,1.738335508253247230e+00,5.128363896895189455e+00,2.206433978252753114e+00,4.241776254966319826e+00,3.527823798075866879e+00,4.439577124334248559e+00,1.704628562966840954e+00,2.815244121749581829e+00,8.458266499758464452e-01,8.247759661421438793e-03,3.708289225518744736e+00,7.307469078299234866e+00,1.387649652517483068e+00,1.672983745439396541e+00,2.668459696398946868e+00,4.112572329848415364e+00,7.468804733528155992e-01,3.104659196979232316e+00,6.027673757673566168e-01,4.665624505989175219e+00,1.089587070260140678e+00,7.333123773119420985e-01,4.361671622963248396e+00,5.487588938959292229e+00,5.907596389320479702e-03,1.433981913653196827e+00,7.666816864318969138e+00,3.532415205570568428e+00,6.048283436310768479e-01,2.464177997418429023e+00,8.966057999808585421e-02,8.351241286992969748e+00,6.113380169058137970e-01,2.209850069984243603e+00,6.567777383145967818e+00,6.956155417904386518e+00,4.409036198467103373e-01
2.212621015740403152e+00,5.097723374212799641e+00,4.681253376256250931e+00,7.549866011348753680e-01,4.075753937925088444e+00,6.648555771670620729e+00,1.893415347239254309e+00,4.964872152256874394e+00,4.275882424861819908e-01,6.230981593918634154e+00,1.589430102647307663e+00,4.030605487379713026e+00,5.747360149286672382e+00,6.283229240701235341e+00,6.774229780960100200e+00,7.903401472342299172e+00,6.798453375349399863e+00,3.899978998251482754e+00,3.511623748390892530e+00,6.372091261547144114e+00,5.183509169269513883e+00,5.463725659217354647e+00,8.286978807210122477e-01,6.093906631391874384e-01,7.235490280633364080e+00,1.772284341717228706e+00,1.784988736117851138e+00,2.263682346714491755e-01,4.918937636904726851e+00,6.063745285310165656e+00,4.263725827133807655e+00,5.077652202743180299e-01,3.201169914580880516e+00,5.529718817836178246e+00,1.186000975885298070e+00,6.438200300080149319e+00,5.233960680395565390e+00,6.721170137304539161e+00,8.542508292394197511e-01,5.063728667091355717e+00,6.086820073183812241e+00,4.117544991271320676e+00,1.116568205983005102e+00,4.877752673444643250e+00,6.064836633856720560e+00,1.286646404048673809e+00,1.950718963262457084e+00,2.387995490702700341e+00,6.443591036782379433e+00,5.905574798905834477e+00,1.103206571685681814e+00,1.577528148994755686e+00,5.252053611234114960e+00,7.283415070613026288e+00,4.262030945551681604e+00,7.852010752112333236e+00,1.552007322636619335e+00,5.128362247455708456e+00,6.207243162371250733e+00,9.346821323993001585e+00,2.842341851779087492e+00,3.000697812406391662e+00,5.213203375589291255e+00,4.748111833795990222e+00,2.425814434400384911e+00,7.957732525438080629e+00,5.313261814277686845e+00,2.547699740824347803e+00,6.621272106992742046e+00,4.535587085997223156e+00,7.697791405053316716e+00,1.371871594353203383e-01,4.736186635926458166e-01,4.688797045762536086e+00,4.125556548927263201e+00,4.481393328826019484e+00,1.466595318645262713e+00,7.248191329635483626e+00,5.521366401170391569e+00,4.820814658844066791e+00,8.699896463277863035e+00,1.290286595179033435e+00,4.822662153441937605e+00,4.962718417348495947e+00,4.373185760169118197e+00,6.983957215660772988e+00,1.925181963328110868e-01,6.145894255574543941e+00,5.457972645184106852e+00,6.149910512390165174e+00,4.377887073148761798e-01,1.991070613567975212e+00,6.056860562911588808e+00,5.324921325786534432e+00,3.475119140071734503e+00,5.957248604527277003e+00,1.918170811781537921e+00,5.062015689274670827e+00,7.499411635326915793e-01,6.176454666753104839e+00
