1.445798976326120311e+00,1.340463875354913625e-03,4.005086927874416114e-01,2.173539807538044766e+00,9.473145747268705286e-01,5.069365712960648196e+00,4.867515583616808250e+00,6.453564335134402974e+00,1.090762096931380265e-01,1.236245607387023160e-01,4.440320201042188941e+00,7.280892986141418888e+00,3.833804759799139816e-01,6.043620886745247667e+00,5.153072077516563709e+00,2.138299016283625509e+00,8.164158318454472152e+00,1.370173647505176007e+00,1.589188928294597680e+00,1.781036004739064982e+00,3.839970016680587683e+00,3.966671614170262927e-01,1.083702581117713670e+00,9.381379106827854031e-01,1.257090003080558294e+00,6.221064981387569581e+00,1.772041918003410821e+00,2.223952797524969327e+00,1.622108071308621557e+00,7.244560777336510604e-01,2.445470969910961578e+00,6.334874222267242061e+00,7.264375035232618849e+00,5.576651258717701509e+00,8.028309813941465478e-01,3.113269628480770379e+00,4.601901036534286504e+00,8.298984662645896293e-01,2.902685159812203874e-01,1.538090383378586612e+00,9.333363096862019592e-01,5.602831813170213948e+00,9.175473332538368609e+00,3.005490715108891653e+00,6.666215173537834104e+00,8.366018795046688439e+00,6.364977496631205156e+00,4.784223700792706424e+00,4.146622523169534169e+00,3.678820720293021207e-01,5.051845003148185409e-01,5.957522395948705807e+00,4.542288987634900410e-01,3.136731230449369967e-01,1.129379943873905834e+00,7.216558178194667938e+00,8.549609440746693823e-01,4.289907963091956766e+00,4.918854280571253845e+00,4.068324555192244230e-01,6.936370320786711119e+00,2.890362412982970808e-01,3.608459250288173603e+00,1.440136342367996480e+00,4.088279083674938086e+00,6.640521959989706957e+00,4.290958061451132011e+00,5.742609788927152792e+00,1.566489109528669932e+00,2.999659266127442603e+00,5.093560075252870689e+00,4.051856241022761651e+00,5.235043627056453985e+00,8.280169755508943297e+00,1.002733405797529231e+00,3.875373460972933781e+00,2.377397973173950518e+00,9.333203096973152757e-02,6.482782598863957801e+00,6.289341501556222624e+00,1.007162573287506024e+00,6.071911983828161219e+00,5.493628148458045146e+00,2.589296771988236046e+00,1.928815909332777245e+00,2.587268805278475803e+00,7.398719676870535444e+00,6.723573379143543249e+00,7.296374947410606548e-01,9.113305764596885128e-01,4.396299204624535051e+00,6.136957879448694086e+00,8.940848435761571400e-01,4.991112481650007204e+00,1.720989023231018100e+00,5.419077867975789609e+00,6.717982032289736338e+00,5.280664889190846978e+00,8.833845642335378390e-01,6.434846126284115009e+00
6.718827643374639891e+00,7.588706243817778585e+00,2.274426201564478056e+00,6.174060272576911146e+00,1.235222824426551735e-01,2.417161239068155609e+00,8.331043036007292901e-01,2.026531544505895122e-01,7.184824275959809103e-01,9.038613102109270825e-01,7.510451624598318610e+00,6.559653119375751018e+00,1.400166876048593245e+00,5.148286285228447667e+00,3.475632439412536634e+00,5.933309555675864821e+00,1.156225733040068260e+00,4.814822601796811874e+00,1.097739155012501522e+00,7.808777484388317092e+00,3.485958192055165217e-01,4.950750647899432977e+00,1.647125542318883973e+00,1.252789031489942584e+00,6.267737498941412078e+00,4.243013245396505262e+00,2.137659253256506187e+00,6.175560888633683909e+00,5.290136682904323928e-01,5.832170868560380583e+00,7.201911233363910370e+00,1.518353706197673736e+00,5.658203756595455935e+00,6.307253019965930463e-04,2.628965828500348101e-01,9.811060052823674660e-01,5.572668404869350667e+00,5.142355635591566720e-01,8.513118817455063159e-01,2.405322849930641382e+00,9.425203728868647435e-02,4.931907770153523884e+00,7.409149268901908059e+00,6.670806366556301548e+00,2.667228755036043619e+00,1.468430131848504017e+00,3.358976782576292841e-01,3.426895812258708318e+00,5.343243834329530983e+00,3.787596580886340991e+00,1.853257135310879544e+00,8.299628008967916415e+00,3.303549884657999591e+00,2.999329755923573204e-01,7.126110327523205168e-01,4.003228211061256481e+00,3.100397188594172793e+00,1.778147020055779848e+00,1.101725768895067237e+00,6.927912461279801093e+00,9.371925182841267521e-02,9.750287223127525049e-01,5.290481632632531017e+00,6.439688298594007598e+00,6.428084514399074578e+00,2.460202837654634767e-01,3.081667951085986346e+00,5.154115974082030149e+00,5.445580569050075148e+00,5.247885900551370497e+00,1.719006166307969652e+00,6.521801585886781716e+00,7.463581396427226622e+00,7.523341785567032591e-01,6.197005670836897018e-02,5.710060006311634240e+00,3.433186536988323212e+00,5.891110973987129462e+00,5.164217363253044368e+00,5.381550449842877448e+00,4.979209941983869570e+00,3.209532895441022937e+00,5.312032351708024791e+00,5.182807731633101156e+00,1.128793908345201880e+00,7.638144991585481769e+00,7.817100545532208677e+00,2.261993158440808838e+00,1.495651118042818473e+00,1.314741449254178463e+00,4.055496019864969215e-01,5.150439093326102835e+00,7.258648425403942284e+00,1.025145593499890984e+00,1.028777133645123243e+00,3.392922489518817031e-01,3.354850587649649718e+00,8.930477912791459083e-01,3.700873499094414765e+00,3.082899200992302635e+00
1.757959351835962192e+00,2.084917486757940086e+00,2.083282054395981131e+00,5.212857616268746774e+00,3.058485235401534830e+00,1.935617242907365920e-01,6.273243492452657222e+00,7.046704350228035985e+00,1.093128926346901952e+00,7.237357870877731081e+00,6.329554484072644982e+00,7.543196962836020703e-01,1.003250504440356128e+00,6.739183127518844074e+00,7.273028836353634397e-02,6.057104818168003391e+00,1.866337950126583545e+00,7.390991458292230920e-01,7.126579594278952712e+00,4.254615584677670093e+00,3.204544473539063354e+00,1.247105198980487772e+00,4.066883740901298339e+00,5.266312842717530529e+00,3.409971779521193458e+00,1.006176182855754941e+00,6.128146878336084846e-01,4.167806087680046900e+00,1.223787649758744767e+00,1.830438199136557920e+00,9.058816108151391822e-01,6.208186406237791388e+00,3.542804983674962216e+00,5.138874038781125364e+00,5.965912978540659495e+00,2.405913824082343666e+00,7.472461804226944171e-01,3.510623957044450849e-01,4.507501842353651256e+00,3.767943494020433715e-01,5.785085963692249145e-01,1.541735812439090747e+00,1.630821788703990416e+00,1.766389697892034150e+00,1.185734013610717064e+00,7.925005792183897668e+00,4.409500523509669812e+00,4.234166637889952511e+00,4.191682531684528534e+00,1.027121974270731153e+00,3.299077059203410212e-01,2.186786733704203289e+00,1.205263820138843256e+00,4.759300610343741411e+00,4.132823180800110130e+00,7.080619688536415879e-02,5.735896891271144327e+00,7.070961731230996250e+00,3.488377336757055858e-01,1.751379740946952257e-01,5.226304877540035143e+00,4.586861800301472059e+00,2.147318397833314130e+00,6.617410057592711503e+00,7.878021133183176206e-01,1.893492007828331491e+00,1.639334726389800378e+00,7.458139196754673073e+00,8.837746871904066381e-01,8.224612793941505906e-01,4.138520178409621053e+00,5.262010107632488776e+00,6.115339338120110435e-01,5.349159810587583053e+00,8.947603956777896439e-01,6.812534014363626156e+00,7.341742908673554169e+00,7.537916644182773851e-02,2.354653084373728333e+00,6.338562647020270724e+00,4.262160556036440617e+00,5.344887928139550048e+00,1.309897839089819271e+00,5.328369077909023588e+00,4.667240587693791021e+00,5.950353787403530603e+00,2.095286764395065227e+00,2.928226616132326710e-01,5.715349936736751957e+00,6.229325429153527161e+00,3.722102820649948463e+00,1.657456089809539623e+00,5.165039760755679055e+00,4.852322648886984169e+00,5.844703390274290644e-01,5.500614552778995581e+00,5.243300903260794676e+00,1.599825178068001730e+00,7.729027323310003084e+00,6.061591548640217209e-01
1.103845112634360914e+00,3.255215740282439985e+00,3.223685386921825380e+00,5.655945923241555207e+00,2.478406571008573422e-02,6.269678005674682586e-01,6.071990894193540989e+00,6.271008566535932971e+00,6.518116033842566992e+00,1.942718665203519546e+00,6.911434995727731234e+00,7.703352915733097106e+00,5.313980383659301587e+00,4.004490586027642962e+00,3.616680258835311079e+00,6.347167774437417975e+00,1.782886146759876667e+00,4.279195125396975108e-01,7.865652300819139242e-01,7.101740384409914952e+00,2.274746127067965862e+00,1.601856606671278715e+00,9.378610044318357097e+00,2.093243557485907846e+00,7.023067818154242747e-01,3.155641090273236138e+00,3.352383000104451227e+00,5.960887300698870739e+00,7.084374944041933020e+00,8.084156641757358486e-01,4.246484187402293387e+00,5.947387609115356355e+00,8.144444390604672623e-01,5.877584241501571327e+00,6.780011221901416363e-01,1.840782449541127352e+00,6.837408580946830128e+00,6.674437488563524035e+00,5.498688642135581617e+00,6.092827262129697274e+00,7.234594361453538625e+00,5.884615956001127302e+00,2.447687024729177097e-01,5.575096651249245916e+00,6.354208949630917758e+00,1.074196122685829424e+00,5.021459865181799209e+00,2.718573232546183105e-01,6.856324180410675595e-01,5.583038545935831820e+00,2.165322793405151103e-01,5.089743791398493755e+00,4.729131887233845033e-01,1.216155144048358228e+00,5.093107797227226285e+00,2.669293706733251170e-01,1.214489645102298399e+00,8.315839441831356371e-01,5.039214809801309869e+00,4.536237906722342395e+00,8.341754863012762478e-01,5.543353109794662892e+00,4.941886170867963557e+00,6.545732277261239851e+00,6.358950658434543435e-01,2.275747049254201571e+00,4.288924170642054445e-01,4.666118546539387069e+00,1.452742709415983047e+00,2.226646648079520396e+00,7.626940828680254469e+00,7.569908641103466174e+00,2.185805900056086770e+00,1.580803566925742532e+00,4.504238701680611801e-01,4.589892884130559736e+00,2.523020808670095150e+00,6.268357744965167289e-01,4.242457422112071441e+00,1.785688442974602275e+00,6.198795972478253979e+00,6.362889704235298538e+00,8.986528221757006385e-02,6.845288305624274372e+00,1.089191175065842510e+00,1.597194324135939203e+00,6.634577296952616443e+00,2.516502472404522184e+00,5.379619202385553578e+00,3.008577092392277219e-01,1.485602065701358443e+00,5.053545170623706007e+00,7.365471290849814778e+00,6.374713651898553657e+00,5.372750464932662950e+00,5.747912022868457704e-01,6.912389790984726723e+00,7.521293590449081634e+00,6.464878466913637212e-01,4.069964245678421300e-01
2.180859119223087284e+00,5.547737379153944381e+00,5.101735844818204413e+00,2.115003148199901872e+00,5.807586096326825542e-01,3.950463843278524845e+00,7.105113318678228040e+00,1.725968870061169058e+00,7.092448776333617033e+00,4.171747430297676473e+00,5.571443891988965724e+00,7.243706676590891291e+00,1.460824299201824550e+00,7.491350051545974331e+00,6.121494706174941847e+00,9.615029296870010178e-01,4.062537798661830735e+00,5.542777525973487052e+00,5.668988515901586922e+00,3.435857437160970029e+00,9.768113764720431913e-02,8.751073314169112161e-01,3.563740422890759429e+00,6.041768984792432740e+00,9.021954538574619153e-01,6.266889886528662856e+00,1.586311362123608237e+00,7.064603730747525567e+00,3.851872186681041477e+00,1.112391796741494465e+00,2.093745998360169169e-01,4.509599060062943643e+00,5.189976250650043532e+00,1.572735637732705971e+00,1.071120190727245847e+00,1.167641277588002513e+00,4.635400003000743396e+00,4.098845207247412858e+00,3.739766139158406943e+00,6.303194950904700278e+00,4.428164774629364864e+00,5.286557116160965464e+00,6.336444207028846698e+00,5.439524980862388226e+00,5.429895247444079587e+00,5.133075311773024119e+00,9.222602585704976264e+00,5.758015304830765846e-01,3.842510560149112742e+00,8.043662860260898384e-01,6.810502055370945662e+00,6.384485032427705598e+00,5.421922569756249644e+00,6.993920357345093208e+00,4.670751873598559811e+00,7.444069405526718697e-01,4.681090573377694852e+00,3.239367130614003720e+00,5.182376856523312370e+00,4.445870289913258944e+00,4.618087576182543508e+00,7.126538365777441708e-01,3.346281641400974394e-01,1.338083674088710318e+00,2.343444783472989457e+00,1.427128488530925665e+00,3.892941598635141887e+00,5.328063244486348493e-01,5.186525448381220649e-01,2.166186172700175661e+00,3.317109827370330333e+00,5.397910731298328990e+00,6.226760587709051720e+00,2.646324788915543902e-02,2.135042087314285908e+00,2.006227070755876696e+00,2.143343575384759170e+00,5.386572636353493593e+00,1.476862928184119683e+00,1.929909753638642922e+00,4.270363122618225482e+00,3.090273253313843504e+00,3.093552151766448155e+00,8.648398976671778371e-02,3.411270038034454277e+00,7.040002561943763837e+00,2.124916776757339587e-01,5.942343515142956889e+00,6.429298688523769068e-01,6.227717642353056249e+00,7.213325686523565317e+00,1.369560374136454595e+00,1.317007319865123538e+00,5.402049486276284895e+00,4.770571791308221954e+00,7.495279706156401822e+00,5.084542960115340904e+00,8.528110643060191620e+00,7.698901420216291314e+00,4.371499708854735822e+00
3.686875502242061842e-01,7.585902037278742682e+00,7.391675413466563427e+00,5.211298308607892338e+00,4.186842523598842014e+00,4.929754741074227065e-01,7.649365930148065651e+00,5.915495436920634731e-01,3.440520030547412844e+00,3.262734661556129234e-01,1.104493104987080532e+00,1.043965070875691126e+00,6.171573359651366886e+00,6.309636803333798838e+00,5.185037302181013885e+00,6.813778704475671688e+00,5.441770977486762861e-01,2.247024772349714095e+00,8.435637477264815942e+00,2.002967412778144940e-02,5.056879760686902259e+00,7.520634909593996831e+00,1.460366866737236702e+00,1.359530824253485370e+00,1.845062370199384016e-01,4.381549153049003387e+00,1.592295062253266558e+00,8.024345393972027729e-01,4.379243470046089826e+00,1.783291289651145917e+00,1.018431454416441673e+00,5.434397086179162173e+00,2.473150772120735752e-01,1.129519296470756551e+00,2.051974914168479103e+00,4.024691946918785845e+00,5.160700193928842161e-01,9.468610192000270764e-02,1.443805171096346873e+00,4.311446656422784685e+00,5.513226818491227199e+00,3.508446171531789393e+00,9.557118266745842083e-01,2.971405985970694275e-01,7.537601851921445828e+00,1.932433039396032282e+00,3.001593837395579722e+00,6.756879609884332005e+00,3.787718263078189151e-01,8.913003291762466862e-02,6.222265160655281235e+00,5.302429616633700604e+00,6.942220409772057454e-01,8.085355091699053531e-02,3.605765073139777677e+00,1.180047208307891449e+00,4.551697118652091589e+00,6.571768330784935941e+00,7.193405145371887244e+00,6.797433410194178904e+00,4.596748206395915304e-01,2.648067847863898816e+00,2.213396080359392837e+00,5.773792707173315719e+00,4.622392834315697030e+00,2.156883710005397248e-01,2.121310966263392661e+00,1.812365971742696535e-01,3.381252227775910058e+00,4.282922063407064606e+00,5.255228077069835635e+00,2.955241361216829343e-01,8.165109594174970731e-01,5.808138245099847552e-03,3.958997047429555494e+00,9.977309017925670709e-01,5.638806629161238204e-01,5.563792008207095741e+00,1.554208145905299876e+00,4.024956456169978658e+00,1.680724578609114506e+00,6.946369084629445467e+00,8.322130614404414928e+00,1.185919308511383274e+00,4.176014479709947658e+00,1.521391075199173493e+00,3.075667665709421073e+00,5.845472790449302458e+00,7.644349275640933250e+00,1.671049730901869701e+00,2.281837819225972286e+00,6.871032468538365023e-01,3.911834913533238201e+00,8.814227644455170374e-01,6.639936616211009834e+00,6.526722012302073495e+00,7.790110991292158005e+00,4.840151441087591211e-01,2.330327810941676070e+00,1.705188382322047502e+00
5.157740015506315778e-01,6.381716993949766437e-01,1.067177519476838921e+00,7.862476401714073582e-01,6.041920916095959715e-01,7.469074369934552315e+00,5.570058042186206926e+00,4.624042617331013405e-01,8.201773443752002901e-01,8.677579773061065538e+00,1.880567194785507823e+00,1.008791484881732536e-01,5.675068927069423452e+00,2.106619738221553462e-01,4.072629451138727319e+00,1.251141148624225874e+00,6.663167135394045815e-01,5.076476943423364752e-01,4.275232895866527549e-01,1.767858419156779437e+00,7.073461537400179466e+00,2.155086300354507323e+00,3.534659067189905857e-01,4.470940848487182429e+00,5.922221584589378196e+00,6.250869895971709944e+00,8.409688514749660726e+00,1.559136426183255653e+00,4.955787066953416087e+00,7.334733183661452216e+00,1.002644044622849062e-01,3.385288005695300528e-01,7.292649226010591512e+00,6.444000132691791727e+00,6.386308526281297304e+00,1.160879196608521680e+00,7.736321624635873473e-01,6.199475130816252122e-01,7.990762020730332260e+00,3.164302854980106439e+00,5.388439609070067249e+00,3.030811841398615591e+00,5.075043908395887593e-01,5.717403744841778046e-01,2.903395256889647058e-01,3.849221489035661303e+00,2.242008371417776758e+00,7.962511432763867969e-01,6.040382868142827988e+00,7.165443173633043727e+00,5.222197298293319356e+00,5.950005841405378249e+00,5.118187076717636508e+00,5.355196409876514796e-01,5.635160782503579213e+00,3.581257914645068929e+00,5.299842858269301349e-01,1.459714907997113009e+00,1.081805018191432932e+00,1.142854660445791648e+00,5.596667123363594953e+00,2.530067906808541878e-03,6.060094857037444882e+00,1.919036950583357104e-01,8.848958992244027044e-02,1.688444125544281693e-01,7.409196371340372345e+00,2.606782407342729257e+00,2.025385075271175950e+00,6.420724533463447736e-01,4.632854152945553139e+00,4.581959134935660316e+00,7.906559055583639584e+00,1.325931270452276545e+00,2.791549717880252857e-01,1.435023365137404028e+00,3.593504515205833805e+00,3.869925232717537966e+00,1.232825150792739022e-01,1.110107344643418203e+00,3.050095730952853579e+00,2.136234792325965692e+00,3.825433734372466255e+00,6.270733975231560287e+00,8.043187177498346330e+00,7.406970811766552920e+00,2.767941388536420355e+00,5.083555663814296466e-01,4.147767337449026037e+00,5.666161467294871912e+00,2.785614363972981344e+00,1.390235333203518664e+00,3.215132258103411633e+00,1.930430497870275985e+00,6.175996063762458910e+00,6.010772509928781204e+00,6.204862995982571849e-01,2.575252377862036202e-01,1.075198546615283801e+00,1.258171972053930165e+00
3.863925595679915226e+00,7.700362048976574059e+00,1.840991972565876544e+00,2.073013025667620912e+00,1.806270264094132383e+00,4.895617795862403199e+00,6.577425802275664424e+00,1.359258921723468516e+00,7.236651183921634534e+00,4.780782103941836780e+00,1.211191899309520981e+00,6.684400247397121575e+00,5.449976402720770885e+00,5.372184069670682405e-01,6.090738328605647567e+00,6.870152609941970745e-02,7.381947035114362343e+00,6.390461750387949280e+00,3.153401468727246915e+00,3.526229879629714681e+00,6.049333605953162163e+00,3.035616721692020015e+00,7.555663139303331555e+00,1.655606767231483811e+00,9.941302250499723936e-01,1.220223528026431747e-01,4.178718314753357532e+00,5.020243712769667965e+00,4.576305209045894884e+00,7.491359465697391418e-01,1.284126524470018627e+00,3.896516954732346383e-01,4.068998837344446784e+00,5.667783730561788413e-01,4.226048335521766397e+00,2.459829293844628673e+00,6.098590291572377531e+00,8.162207816242965652e-01,5.090235823578737495e+00,7.572515212053676947e+00,1.892246073318629040e+00,1.738044510545583510e+00,1.624502198886104587e+00,2.096736861922763318e-01,1.562937430580381148e-01,5.816156609982273906e+00,4.131727020393509697e+00,4.188515048108523153e+00,6.452485540030608036e+00,2.093392546350798078e+00,8.700135406960256557e-01,3.590593280125518483e+00,6.415385764438027216e+00,1.225566375593982515e+00,6.739696540365622823e+00,1.680921598403268824e+00,5.425936037261991363e-01,4.395445512216892281e-01,6.381947702184352700e+00,3.450425549607309517e+00,3.798178087856858287e-01,1.041407687742057497e+00,2.060122593711945171e+00,5.773928696352104595e+00,5.468714248646115994e-01,1.744783409119417872e+00,1.624541055371701237e+00,8.426830673978852104e+00,1.284830185076968334e-03,1.670864042700961338e+00,1.291313310167568229e+00,1.483280832019966411e+00,5.963428013240936743e-01,2.284785467334850662e+00,1.571192186903289656e+00,2.413964786521505257e+00,1.130828398731813511e-01,5.519740269046234715e+00,7.368604893769816755e-01,8.032657788391460718e-01,5.248276372361382336e+00,9.801741372341887804e-02,3.023136496711457344e+00,4.007910106975810294e+00,6.619980786626884495e+00,6.651776165055284018e+00,3.093309310478694840e+00,1.566315977881177268e+00,1.766707915939552898e+00,9.584951512205955870e-01,6.781177662707023046e+00,1.061998310990984518e+00,4.894709287730967251e-01,3.583777055009492063e+00,4.304473625492159172e+00,6.988836288006022635e+00,1.609194725815672022e+00,1.446434576885116119e+00,1.468135512692034572e+00,3.556723365676316195e+00
7.981554951916976393e+00,7.361717524736692830e+00,4.505030713177782253e+00,3.386356352641413103e-01,4.841706784558621024e+00,4.716148674128316287e+00,5.205877370490842537e+00,1.062749207303727461e+00,3.052716719117175792e+00,6.309631327411115986e-01,4.075820212652844887e+00,7.433881487767024510e+00,6.442291803756084789e+00,8.605408226186138654e-01,4.822165657003772310e+00,4.153445974319761369e+00,5.622376712883355054e+00,4.923711284838748981e+00,4.919475420727930981e+00,6.404729112045645323e+00,6.384482834065352108e+00,3.641618796019787663e+00,1.371370980705079567e+00,6.515904734874228943e+00,6.033071909427335733e+00,9.209504649106945440e-01,9.078798915625508670e+00,6.181548203214761728e+00,2.948934136821308449e+00,5.810174749241850733e+00,1.132427249067726738e+00,5.994741706809488591e+00,3.214995266079625935e+00,4.640400824824784110e+00,7.667629783501958229e+00,6.856502934398061022e+00,2.113478873201431796e+00,4.883925784313787766e+00,4.374281807684795353e+00,2.833127730015745360e-01,6.330446414467845173e+00,8.619336518042741702e-01,3.422975861678936305e-01,6.197274369511889702e+00,6.176104116689414170e+00,9.724998098699972005e+00,4.310982628518454263e+00,4.084588973547445434e+00,4.047547984133942123e+00,1.230029473742262569e+00,4.715898484979593519e+00,5.486496946519403117e+00,5.668277399694166441e+00,6.256361557728087774e+00,6.940480177713521215e+00,2.258977975309214514e+00,4.725464198820226613e+00,8.516912513120361572e-01,4.195133232656672817e+00,6.144238694945048929e-01,4.726719858313028766e+00,1.614287750633777829e+00,6.421272293544146859e-01,7.004758312032130618e+00,5.793593201484842581e+00,1.129288588344755651e+00,1.628190467419238896e+00,5.455722243796709670e+00,4.871168383894421083e+00,5.286388194564608511e+00,1.209526110656056419e+00,6.022813809090345138e+00,1.265148799790272394e+00,5.744730526858472075e+00,4.756612479655339953e+00,6.582097911000915680e+00,4.451092233578881618e-01,6.548823605924138036e+00,9.522549289643895687e-01,6.024896198059609631e+00,2.920808043674236743e-01,1.211344225154364684e+00,3.519684179820747882e-02,6.821159537064402478e+00,8.061904873748812150e+00,6.834685648253588930e+00,9.539636665488723244e-01,2.111926324746592698e+00,5.796381650504697447e+00,6.276756134541011889e+00,3.325277341840889633e+00,4.175830678167848475e+00,4.241542847096254398e+00,7.077088825403896166e+00,5.345724385438691328e+00,6.630529753056574549e+00,4.095251496645982314e+00,5.316622771811825299e-01,7.211661447220106602e+00,8.709739242275211790e-01
5.906183290084527471e+00,1.778379861037207910e+00,6.720303481431137982e+00,6.047876317118411116e+00,1.599035754362006845e+00,2.105371874207440541e+00,7.714423737513019574e+00,1.193922442376301074e+00,1.383265053151538915e-01,7.537144036770577316e+00,3.940108555260755097e+00,5.451738187422810356e+00,6.158364616121646762e+00,4.224189262854876503e+00,6.233895198569717522e+00,3.923919831563894345e+00,2.841500456970180721e-01,7.442250740248174345e+00,2.143382793134589015e+00,2.494999589242414828e-01,8.922243222343295699e-01,4.779425393021885959e+00,1.363621389674988915e+00,4.614457278143874852e+00,5.888842672673153977e+00,5.892637694211732224e+00,1.160234647979081490e+00,7.165284938588051489e+00,6.438954252558472646e+00,5.309604332944498850e+00,2.126241364108916621e+00,6.868425399643326656e+00,5.663053839721118088e+00,5.581256944052492841e+00,5.148327138058773400e+00,5.532411255827649477e+00,1.218989968098481924e+00,2.979031623508237026e-01,1.540597907754732709e+00,4.384322598918168445e+00,7.857712625320742106e+00,3.568658417189907173e-01,7.151638350068609817e+00,6.776611221875421975e+00,2.670480246156535120e+00,4.647230798330088675e-01,4.266855925825380424e+00,4.938867801082672315e+00,6.066139761135184827e+00,7.259845687246113677e-02,3.875306462651053607e+00,2.731427227767255328e+00,3.342950808522387351e+00,6.135703683221251925e-01,6.137058299327014410e+00,4.286627747865106031e+00,1.121271068894893697e+00,3.218019623416542796e+00,6.538387099904253930e+00,7.477993909021541263e+00,8.178444664035634304e+00,3.513002629514636155e+00,7.184284794805941843e+00,3.739609726293809722e+00,5.828004598631583377e+00,2.943889423088082991e-01,6.126687900002103504e+00,3.562875341899700565e-01,5.065716875226970117e+00,5.512287323764653912e+00,1.418735353895745899e-01,7.346329113309268521e+00,1.080456427898628391e+00,1.830261876110821806e+00,7.993833844519627085e+00,3.237800373205945270e+00,5.091275651665380764e+00,3.815314552963311456e-01,5.080744481838308957e+00,6.414955698259794836e+00,2.561548503868094073e-02,7.029792713709626995e+00,6.184451010175557428e+00,8.527323404286233366e-01,8.198630032687892921e+00,6.659309305035463478e-01,2.210290539877740823e+00,4.616942944578230623e+00,4.572865945374791075e+00,1.931441587130170889e+00,3.974597344285947020e+00,7.316684719326717712e+00,4.911270900771803838e+00,4.489859002634559282e+00,6.067656411776032321e+00,4.032399295198875189e-01,7.294330171350583925e+00,4.158644002373059756e+00,6.303489330736692153e+00,5.750390599782686074e+00
1.305245398270867385e+00,7.321102590864711601e+00,4.823777821475561112e+00,1.517053420249374618e+00,4.658993623080618818e+00,1.904170530129865035e-01,2.603027395741206451e-01,4.610587703219152234e-01,8.644644393252520764e-01,5.165238914134736348e+00,5.845578553962452517e+00,1.723350743922382966e+00,4.739060614901463353e+00,6.667382421485169353e+00,3.591467559877702165e+00,3.520453370874439436e+00,6.669762366029900136e+00,5.032425442031406071e+00,5.865615453396149093e-01,6.197570098930523130e+00,3.502934823510607254e-01,6.116202038053458523e+00,4.882968862279664535e+00,3.127870745397385743e+00,4.512751649688393485e+00,6.866368128651652469e+00,1.495450010573184718e+00,8.373278712302137938e-01,4.380651267087682044e+00,2.830636784589281696e+00,5.922488564039619874e+00,1.520746141435596499e+00,3.792130945755741056e+00,7.150501753933391491e-01,2.116305858654488059e+00,5.445159665143945560e+00,5.106422505448310112e+00,4.339570099779926693e+00,4.261706647951593041e+00,7.301227710164424067e+00,9.211795939878808515e-01,6.729921572775639405e+00,5.077997276606069477e+00,2.522310568506453521e+00,6.663289367022708021e+00,1.246805737124822677e+00,1.707470782847863244e+00,4.831495978507978073e+00,5.006715816922801210e+00,1.345835305154837513e+00,3.468034878495239504e+00,6.931950283408511160e-01,2.018049746312994053e+00,5.654888832816705957e+00,5.754163611037283133e+00,3.310976307782875772e-02,6.115552304263684569e+00,5.735622667341779835e-01,1.248752744828495631e+00,8.446994200274793307e-01,6.100296274854791534e+00,1.703243504874894843e+00,2.129449510651689748e-01,7.272911466247677481e+00,4.681941392654432654e+00,8.304331082631338790e-01,2.240586494855643096e+00,4.837777902649193607e+00,7.272143421250918394e+00,4.115093685388094613e+00,4.036482886263144110e-01,6.481528483480043512e-01,5.914808530779964713e+00,4.417535663490236075e+00,2.846678431458695702e-01,5.260336018379589085e+00,2.041080077829825701e+00,2.622727900564918446e-01,6.545869345396963190e+00,4.397315151377275022e+00,7.477829096225767636e+00,6.465047956664974116e+00,1.064093337059801581e+00,3.439367772539933643e+00,1.304975727632850635e+00,5.385651554499050420e+00,1.507053487925120283e+00,6.091607262058895245e+00,6.895727385198978432e+00,4.864422003451681853e+00,7.393938212101002883e+00,6.025782250218757241e+00,5.851723309242515825e+00,9.609933674424815386e-01,4.215633493522564557e+00,2.742257713035932021e+00,1.746209981607755868e+00,1.530833520413748428e+00,6.980185712112403351e+00,2.632923560971571764e-01
5.152675508229019208e+00,9.865146610008364902e+00,8.039026055032763018e-01,7.861201395644752843e+00,7.520911329778503962e+00,3.806772404302905866e+00,6.018863308751363661e+00,5.748266277730813556e+00,4.897297257059191722e+00,6.362200586692412507e+00,7.477963951287012634e+00,4.943387119970255483e+00,4.348810857732955171e+00,7.186608589428036709e+00,6.020379504340919397e+00,5.267534781969416713e+00,5.718185893927561381e+00,1.523354276060355783e+00,3.383653209040584198e+00,7.773402337788915872e+00,6.762508877071843116e+00,7.234051769181706337e-01,5.596297446618010873e+00,4.037039051836092796e+00,9.926483842427291648e-02,3.633395573089885033e+00,7.201087720278691151e+00,8.031186025681778418e+00,2.477162676977522349e-01,3.134583393439200005e+00,1.660567703478048385e+00,6.204602718823601037e+00,6.163433127931149613e+00,6.088280184568914954e+00,7.602552885499652469e+00,5.703339701708012299e+00,1.721099452170860022e+00,3.761768720003001221e+00,6.479322951192776792e+00,2.573646386713437373e+00,7.694183338712274001e+00,7.550900261174485761e-01,6.121222061867011011e-01,4.460789724894773656e+00,4.481308095316745899e+00,5.479239599694561313e+00,1.656109709072127067e+00,4.641383887099555849e+00,6.079246742411432258e+00,5.881357991021918252e+00,4.040956102098110847e+00,7.196972381993261614e+00,6.746915241675541353e+00,4.169019690382580468e-01,4.190229073224432277e+00,9.447679904808969908e-02,4.521258063600808619e+00,6.007292838908887767e+00,3.587595973398860494e-03,8.634660658191930516e-01,8.958679221546660187e+00,4.364962891968645620e-01,7.314709407012896847e+00,1.998960786858978711e-01,8.133916204291033125e+00,6.018049101069893325e+00,4.673532674184039060e+00,6.173043648392895655e+00,4.405980375535776261e-01,4.996418315999546778e+00,4.577414886561979035e-01,7.501908653956686379e+00,6.047407569602892607e+00,6.316072837686710351e-01,3.736773715025991649e+00,7.291373060179658694e+00,8.030777336080003881e-01,5.986801690246567276e+00,4.576108463888171052e+00,3.460861631060883958e+00,4.595605397364762368e+00,9.746613674423554308e-02,6.678275138908906783e+00,4.383267344622137962e+00,8.778843940496490195e-01,1.590580946273079332e+00,7.100167868223676848e-01,3.059359775829582961e+00,7.743264911955257901e+00,4.914469252477805306e+00,1.618350487578502861e+00,5.444900221472226853e+00,5.213180896199888892e+00,7.258954722563267126e+00,7.713001129840566961e+00,7.042995251520418609e-01,1.650047852894843015e+00,7.689226429937954244e+00,5.704800959850024000e+00,6.423280202076150358e-01
1.186282688145687603e+00,1.467483042350366862e+00,3.653779872880497770e+00,2.029631852280206594e+00,3.332306426792375653e+00,1.145550511170403851e+00,1.215641587530005285e-01,6.169925995759700799e-01,8.464510662895104787e+00,3.961999790255875009e+00,6.330673764356898658e+00,6.321312260081664469e+00,4.837410979510171849e+00,5.201012553643841407e+00,1.574501487399019295e-01,1.375285209937423758e+00,8.967883679303310096e-01,8.783476495240410742e+00,1.524719436170684173e+00,4.257581306252041564e+00,5.739865808935921132e-01,7.516729493738735890e+00,3.552494609406538384e+00,1.504688259010372509e+00,5.994909841334211009e+00,8.217553235448992410e+00,3.137989626816332311e+00,5.226784708294096582e+00,1.178765706262082213e+00,3.424037571494177534e+00,5.835724150372065822e+00,4.482826744698593657e+00,3.344148724385531679e-02,1.840250488411471430e+00,3.561879776435797673e+00,5.361435983678994432e+00,1.029290774748294446e+00,6.191348285342403557e+00,6.375006753811761406e+00,1.645938920027465224e+00,6.461830355006228821e+00,9.338943078210217852e-01,4.258904844633828013e+00,3.103947888241970876e+00,1.160549154756018497e+00,6.689838371222552205e+00,2.289590799157184442e+00,4.270505940082758300e+00,2.243448476314132023e+00,5.201645953209190765e+00,5.264479303155248147e+00,3.739876554672706188e+00,1.605118497897621399e+00,2.170753291092908821e+00,6.061475968616823806e+00,2.001096390569546024e+00,1.050004120310184197e+00,4.127095350167758525e+00,2.215681239645333811e+00,1.195854605180077579e+00,2.498214940729345912e+00,5.534324521745471515e+00,7.785532878488594655e-01,4.034378422604054215e+00,4.119788099671248816e+00,1.874333850881493291e+00,4.624848565045533988e+00,6.849164900130990219e+00,6.571065698709444902e+00,6.894393284931787491e+00,1.409087980993898759e+00,5.317230369289490000e+00,7.996085383804931723e+00,6.785832315670951687e+00,6.993746017012879790e+00,5.039565066387141634e+00,5.189802913995334777e+00,1.927353614853352770e+00,5.117234845068891147e+00,4.300018615532273714e+00,6.514155691209758459e+00,6.225345376493530480e+00,2.699066886518221020e-01,9.938106653404169544e-01,1.673504364336839689e-01,6.606355737163855935e+00,6.092479276474160876e-01,6.664293903774805017e+00,5.172812376766574793e+00,7.434061143282248985e+00,1.539200598365821904e+00,2.616827093804850790e+00,6.463873255776402260e+00,7.125285893491011713e+00,6.428559796323398245e+00,4.093275069257563459e+00,1.550173013525867560e+00,8.345297910406417330e+00,4.700468558474378611e+00,2.037747413456984180e+00
6.966745032305635688e-01,5.354247177203196983e+00,5.146794590354839549e-01,2.791548530653447102e-01,4.420830293216707618e-01,5.434194491286241657e+00,1.727480892322087680e+00,3.292136549404685475e+00,5.980565059220062984e+00,7.041190068101912392e-01,6.266023257321734263e+00,4.951804485835905822e+00,6.667887058286257052e+00,3.332161417095215405e+00,4.236352857209100264e+00,2.885730749656162164e+00,7.768907210851359935e+00,5.745136324994152055e+00,4.290176261280929992e+00,5.037704243999007403e+00,6.459960579321936791e+00,6.402425027351626774e+00,6.528397733212370824e+00,7.773730576752750920e+00,3.592908446459867733e+00,5.263490928920926848e+00,6.104228961241296325e+00,1.655676589256086739e+00,6.354715996508884857e+00,7.170808498156720390e+00,6.655976342393789658e+00,8.564180538851167146e-01,1.769227962631794160e+00,5.897775963215527995e-01,1.535187192548503665e+00,5.111224627412293664e+00,3.003996443288190488e+00,7.541140257484959974e+00,2.230968877000468975e+00,4.255636404391556660e+00,6.156493585189678264e+00,5.451684263762764715e+00,6.150484431963805676e+00,4.940273918987508672e+00,5.854716727240981022e+00,1.738387595122383722e-01,4.617940689651311992e+00,6.705841031996401469e+00,4.002982284177188710e+00,1.128080946398755779e+00,2.306982570788382869e+00,7.070634049624960893e-01,4.757706439159404610e+00,7.860493026222998836e+00,5.511535016506568851e+00,1.917565716811642673e+00,5.492381365993315612e+00,4.584034153134159961e-01,6.323032279335111028e+00,6.002527210397683000e+00,6.446618436921897732e+00,4.164769082362936636e+00,6.023903996658003024e+00,1.103758653791753419e+00,4.561719640698850498e+00,9.453557469623041776e-02,6.035046613618177958e+00,2.564278624040239318e+00,1.478808606465895847e+00,5.790666799061725101e+00,5.154545615247783097e+00,7.912570728939939180e+00,5.216425352034894658e+00,6.124701436590571646e+00,5.024205552130011299e+00,1.813158909494004156e+00,6.558681290075519144e+00,5.126696789015840139e+00,2.564890394667680429e+00,6.003143201268141382e+00,5.888202559733325181e+00,4.120357296047795437e+00,4.211928123187016482e+00,5.039456630651277358e+00,5.541896200776816883e+00,3.287928770906855647e+00,3.681786100513789961e+00,4.477449596931300846e+00,2.489402395354807229e+00,1.806049027019474895e+00,2.303416942205815943e-02,5.214251568227409095e+00,5.309385459016536579e+00,3.635868434521245085e+00,7.735519739154373298e+00,6.209566284949614712e+00,5.893859436091664961e+00,5.838287027647113270e-01,3.249189374072715131e-01,7.310751142987591322e+00
4.793922052185865645e+00,7.912233565856554129e+00,3.301644298646638997e+00,5.919776481962340853e+00,5.335552164828461841e+00,8.051020796338882235e+00,5.452849173497254398e+00,7.591967435650205154e+00,5.870481230020144991e+00,6.987185139029578274e+00,3.900336808873828609e+00,6.309040466140208636e+00,5.230004774373361975e+00,2.592769478314199016e+00,6.104425681482951838e+00,5.064290040953673078e+00,6.334880307368896624e+00,7.772907875015805601e+00,5.212071986362072362e-01,9.067520433498521548e-01,5.314126117511072778e+00,6.401313166401837229e+00,1.211171040166935997e+00,4.304750059301027498e+00,5.036168601308991910e+00,6.010231426923970055e+00,7.667801572170713786e-01,6.558889155812879679e+00,4.651270715203814632e+00,6.772174815371830192e+00,5.678531045976626501e+00,6.225447498075675767e+00,1.283989123575532965e+00,7.291489182984211226e+00,1.223804390239879192e+00,2.709285841652428140e+00,6.169967379643906291e+00,1.468164461610542704e+00,4.995318940754831516e+00,1.864434011339649810e+00,6.976032264448734033e+00,6.619131798650642828e+00,5.136875852838191925e-01,4.044173621021581511e+00,7.060030575813484255e+00,3.333951529957605020e-01,5.058287601110656340e+00,1.652297844445313579e+00,3.094508169673695797e+00,6.688855979154603837e+00,6.335102458495901701e+00,1.182428460877336107e+00,5.962712643834446880e+00,8.621979613472839921e-01,7.725993041217538604e+00,9.933387313762187532e-01,7.297784181699593642e-01,1.600193229674492512e+00,1.373831045933057160e+00,5.074039664492857149e+00,5.029280391441794507e+00,9.785917738163841806e-01,4.766355275941366543e+00,4.357002086820042308e+00,7.980973790177060545e-01,4.299154333717566168e+00,7.501623920374467680e+00,6.041134913625693770e+00,7.177316613824496372e+00,8.637300679044294327e+00,9.073511252266823757e-01,1.268131829254266485e-01,2.217318730332572541e-01,3.137911545326594887e-01,7.661536869679892447e+00,4.601058442193339815e+00,6.990002661677141571e-01,1.113121526746849055e+00,5.321706455889800402e+00,5.911057185190808916e-01,6.019059194027558846e+00,5.429034794239355755e+00,4.837743595521695195e-01,4.350441398630159995e+00,6.158988230402227870e+00,3.721148390969632125e+00,4.293183960570241098e+00,4.030561610699355590e+00,5.454310363619813806e+00,4.537167397983582262e+00,6.791304272318741120e+00,5.345698374295602129e+00,7.739078755629802409e-01,4.909443744526066133e+00,6.489414351819850602e+00,1.748662002854866726e+00,3.303589122526514821e+00,2.616648053003878260e-02,6.629967601340371885e-01,4.471197050676653184e+00
6.014330044319281754e+00,5.119587261898330688e-01,2.334497454509163461e-01,1.462185752090774393e+00,1.215302406684104497e+00,9.381651973395535027e-01,3.988618954883952350e-01,1.662580058227113300e-01,5.536902762893896934e+00,4.365709701684287181e-01,3.585151604811096515e+00,3.405536545825823325e+00,1.187892557879142830e+00,7.768092581284262721e+00,2.575723824204183554e-01,5.064114111929860940e+00,4.458375959241653419e+00,6.260859919151736008e+00,7.108567988606232291e+00,6.972466336481982552e+00,7.755641901419938478e+00,2.118305251099449116e+00,3.403320813211387907e-01,6.499568561884741413e+00,1.447339524243179021e+00,2.458480655510887347e-01,7.045808450733175299e+00,4.165089556922327851e-01,3.486786797131253390e+00,1.175270714075997480e+00,1.899638917740003929e+00,8.184309870807262577e-01,2.436327750018873139e+00,6.746945363439866838e+00,6.778741587736631047e+00,4.542829487070770611e+00,7.148385097683584988e+00,4.135996791748624002e-01,4.261461932194636759e+00,1.551566164767538503e+00,6.820537752216764282e-01,1.545495853689515364e+00,5.497563893889442888e+00,1.679058671071403719e+00,1.374218315008208791e-01,3.164723471418473100e+00,5.486618889446416958e+00,1.984569776885618531e-01,6.379588410318932645e+00,6.556037051205453103e+00,6.797414731825670131e+00,1.467812759832011649e+00,8.737541212460683937e+00,1.041457085975819430e+00,1.830680805512367115e+00,5.379135286306920838e-01,5.388476099339719383e+00,3.536040263481706969e+00,5.377106918357443810e-01,5.570609440571315574e+00,8.009087880315632901e+00,6.924980692408595040e+00,6.581765269618774283e+00,4.593179314977295924e+00,4.187896836260154299e-01,2.246948982304700859e+00,1.283162034647831629e+00,1.581953566804795930e+00,1.886718232776556370e+00,5.018016744891553582e-01,6.654883287021811089e-01,9.406581472587104420e-01,1.614456003713540255e+00,6.499323561361709523e+00,4.658815976375362489e+00,4.639507041006325494e+00,5.296276178131376966e+00,5.892358158478114838e+00,2.286409885203258163e+00,1.028415378550576298e+00,6.399624479929054033e+00,5.963970147851068937e+00,2.751346957987363062e+00,6.026029011990730044e-01,7.319338680940088437e+00,7.260828293292584057e+00,1.056963918422267001e+00,3.843260182603197350e+00,2.185509682880055760e-01,4.551392506414688732e+00,1.782079728004635655e+00,1.341937983723750616e+00,2.257916711947594912e+00,2.468798955525992156e+00,6.396488326471567731e+00,7.126977345676358766e+00,6.199230877035408760e+00,1.817549845764608207e+00,1.702762078827600778e+00,1.458062528262205504e+00
5.443805518008464794e+00,3.570071128188520682e+00,3.546019905397994165e+00,6.350051941918515297e+00,4.263875548565575713e+00,6.190326893806071595e+00,4.337532580850478325e-01,7.475729849997932774e+00,5.115520871208316223e+00,6.634535943650694989e+00,7.082504001264264382e+00,1.506692102906302289e+00,3.518096177569984828e+00,6.414332703454300066e+00,5.563665763610399217e-01,4.195049043689570212e+00,7.320086200632289319e+00,1.119897029286303303e+00,5.687070620910247953e+00,6.050595731758669160e+00,3.094665402027833023e-01,6.587836285122003588e+00,7.093941273896676059e+00,5.605252547389522277e+00,6.963670442967296870e-01,9.067886453185954210e+00,5.895685178305374308e+00,5.497642715424834847e+00,5.942067345421859770e-01,5.310727760891204241e+00,1.800363759198271740e+00,1.573226767060064590e+00,1.756592292832092284e+00,6.332149434559455337e-01,7.916934796047890188e+00,4.322162501381683342e+00,6.890198596587349122e+00,7.963276736505269682e+00,3.623787891856526944e+00,1.570035097665315682e+00,7.969195052471603091e+00,5.023665640576773228e+00,2.828024176308742810e+00,1.858431666330667476e+00,6.591719050421225745e+00,6.641431524631591365e+00,4.471701938106866336e+00,1.084117581032224331e+00,1.014020093935501965e+00,3.132067005374812751e+00,2.346578973614606767e+00,1.915000621402819236e+00,4.575939730019263685e+00,4.481676174956819025e+00,9.435553960396347861e-02,2.034064182990243275e+00,4.561768676232477837e+00,9.173184106009916183e-01,5.396205166911526518e+00,8.261563600831650644e-01,4.473352018805299979e-01,1.508507354463180405e+00,6.732036986974618831e-01,5.790340398065383809e+00,7.638582971093523355e+00,4.368755982521317360e-01,8.877207630951667872e-01,4.575181843748182153e+00,7.830120340065139573e+00,6.399264145986894192e+00,5.075142757450272768e+00,7.617105434828576271e+00,5.614233238490596634e+00,1.103428559170238632e+00,4.480039835548886629e+00,6.180729057170781804e-01,4.966187903049048558e+00,4.313829317510318617e+00,4.926424163647514787e-01,5.378348411962141640e+00,1.620185569625897326e+00,4.570847673282329993e+00,5.522872912502879927e+00,2.598742297908639642e+00,3.879228751997516600e-01,4.744644749051895261e+00,8.959489305864094533e-01,1.607362499363643504e+00,6.545125850202657247e+00,7.020352153935880413e-01,6.929467636965103594e+00,2.215401288492508947e+00,6.962001048841143458e+00,4.541885706744342777e+00,1.304250147011158489e+00,1.449620397042234998e+00,7.472518290578697986e-01,7.461677121772217980e+00,3.637523869153569400e-01,4.647002163496262384e+00
1.820915815720591358e+00,1.509797716479484020e+00,6.496856485425406724e+00,5.649892991057491543e+00,6.369567036182327335e+00,6.176624695340426463e+00,6.802698716796403922e+00,8.395717193700777958e-01,3.486241466091792418e+00,4.542172038800819323e+00,1.452161899496582809e+00,2.345353305319810566e-01,1.961842163231957148e-01,2.031290526329093460e+00,1.017829185283934068e+00,5.177903869876566034e+00,1.635552396096421335e+00,4.307699247375747831e+00,4.625926599463444866e+00,2.781829404313585385e+00,4.500391560483409492e+00,6.088691206579905035e+00,3.830940216752935612e+00,5.520455522346938260e+00,1.728716519545589136e+00,5.872833613941836894e+00,1.766725697762741465e+00,5.764917414057148193e+00,4.959070139104048813e+00,7.280554119992256545e+00,4.810349327126238528e+00,3.914893845642899439e-01,1.367707025395299425e+00,2.325511507255777932e+00,2.701196822665981045e+00,3.077263047516109129e+00,7.178634756824077812e+00,1.104710730016559062e+00,1.687533089577972767e+00,6.628047464109654285e+00,3.939241897978654761e-01,1.152488143541705590e-01,5.894022727263510397e+00,3.544141898393220913e+00,5.781415059622073471e+00,7.110076043588938965e+00,1.266449900094670511e-01,5.802189923535554961e+00,2.116717877133598158e+00,8.333727938491708898e+00,3.904651217975608546e+00,1.567414714067136394e+00,7.735890156245471161e+00,4.662009260442765424e+00,4.544086134626060591e+00,1.510128502759644498e-01,4.438117077227172302e+00,5.572135566917930660e+00,6.265237460165881345e+00,5.836483715852866183e+00,6.768631794360272735e+00,7.690691953562456273e-02,5.873393629456085563e+00,6.439725845643570423e+00,5.288880656235929401e+00,6.692939455012611560e+00,6.013043160487207217e+00,1.286213599227108428e+00,1.526988614447551296e+00,8.140444830195757930e+00,5.239851495231545364e+00,1.868296331193147752e-01,3.734422125860141772e+00,3.058433005313364816e+00,3.328890048538042379e+00,2.013991539293827682e+00,5.585397079231221973e+00,6.293676504453901366e+00,6.560457953458239011e+00,7.099412431131073120e+00,1.289449599610406061e+00,2.569238257411240234e+00,7.178691615484863675e+00,5.288240235588729909e+00,5.772649164060044136e-01,4.836561135948224788e+00,6.484215990000694596e+00,4.107951439106471980e-03,4.457002388498545464e+00,6.810218485088255669e+00,3.100555661659999629e+00,6.397386298117725190e+00,8.525615314994257066e-01,1.255801219065700636e+00,6.190943810689242710e+00,3.605170304718265051e+00,2.157665589917068250e-01,3.606872042164366299e-01,1.411781859286850516e+00,4.151049559438041214e+00
7.799902941768210418e+00,8.020347779039871838e+00,7.052244392321076472e-01,4.608310269057403374e+00,1.950597013137858271e+00,2.207466836760387352e+00,4.310323462495555980e+00,7.280025527873410951e+00,6.494768478980474491e+00,6.737646746972092870e+00,4.541221362177189746e+00,5.451448360915064129e+00,7.219631049356997288e+00,4.452673812722561131e+00,6.089894151147865919e+00,5.243764160147423858e+00,4.446155849925252923e+00,7.760354390923142276e+00,1.783477423897787739e+00,7.703938799326223830e+00,8.648444250323997551e+00,5.514407140630711801e+00,4.294413956140212818e+00,7.447290458986673301e+00,4.155142614054818662e-01,3.315173642893491923e+00,6.108105986587204939e+00,7.195036152680311936e-02,7.072215724979871609e+00,8.583944187167618978e+00,5.764723539324812407e+00,5.727767308709835747e-01,1.431380547646452284e+00,5.083672378612914322e+00,7.155116818041730831e+00,3.649134375050979706e-01,2.749575238903148033e+00,3.942866969017636336e+00,3.368264772356279746e+00,2.563513545491125978e+00,3.695779821174285384e-01,2.671313006253139832e-02,6.793558659530712696e+00,7.674564791927748431e+00,4.452271387850307072e+00,4.339273462166699957e+00,3.874010111373248355e-01,4.898765297965313792e+00,4.523151405193814867e+00,3.933552662680407597e+00,5.537883139634774743e+00,2.400940801312492212e-01,3.582860357950558683e+00,5.476608808212042767e+00,5.606081792825831300e+00,1.387501617145437738e+00,7.255448803435961658e+00,2.713139205827864053e+00,4.537447854578752882e+00,4.461795535221144249e+00,4.980670860868112726e+00,5.003034459215082164e-01,1.486484154568536997e-01,3.043379507995420674e+00,4.431650269520247321e+00,3.226973155867345344e+00,7.948037085524926049e-01,3.751142604307522443e-02,1.036697537743405562e+00,1.849346039117594209e-01,5.316221507352643982e+00,6.522549616572018039e+00,6.878177747428662947e+00,8.885867392407136300e-01,3.202093424547989731e+00,5.063645087373604525e+00,5.622198267780325054e+00,5.928020568734059026e+00,6.026097394189608991e+00,3.744460367182727900e+00,2.297416917932982638e+00,2.409616616308292159e-01,5.049815253305178331e+00,1.539441388038913505e+00,6.376047537700360035e-01,3.374989258516099433e+00,5.449446109038559527e+00,3.619061590614651713e+00,7.500597196660049093e+00,5.433760874151685627e+00,4.900947252920929920e+00,2.602350660416252737e+00,5.494671789034173415e+00,4.056570981357847216e+00,4.891477691570237596e+00,1.204382883728914333e+00,4.338664331070203772e+00,1.139512918980631895e+00,7.007027366610181218e+00,1.687033565189253181e-01
5.537992414755978032e+00,5.656117191654136178e+00,3.855482960320741448e+00,6.835217030840265551e+00,5.127971044744559670e+00,6.374027329574324163e+00,5.733874550190063424e+00,6.050331957572317343e+00,5.179859774576264897e+00,4.349559645570121980e+00,4.896598972084475143e+00,2.806806860678199733e+00,5.763250964372139684e+00,8.431930830245182307e-02,1.340309932004247306e+00,3.067729309890065537e+00,5.641901054872254129e+00,2.121055710844695241e+00,4.821137154108757095e+00,4.019652005085334601e-01,5.227164105507853264e+00,1.832512630645539708e-01,5.235742461922026081e+00,4.322025199403580764e+00,2.602736469591406809e+00,5.129853021269136448e+00,1.299232367341398575e-01,9.132516401971477293e+00,6.398444580059134523e+00,6.683299334855055562e+00,4.783005910645904635e+00,1.468415697377953633e+00,6.066573588740372891e+00,4.947835327647723602e+00,7.778317292156418539e+00,7.720981918349652418e+00,5.341059059672325304e+00,5.249660016599256629e+00,5.734780831026151660e-01,7.562669579743748649e+00,4.295761708273602153e+00,1.605452584532701898e+00,5.030884113924749101e+00,2.062846676984003480e+00,6.085905744248762517e+00,3.979508744354372407e+00,5.801883234387478439e+00,1.718972547933792505e+00,7.586575997821649153e+00,3.369944468372092494e+00,8.187878420119444556e+00,3.238902373079854957e+00,1.345966068278862782e+00,9.841634161487538002e-01,1.094049176191356221e+00,1.684836653189747402e-02,5.979200241555946427e+00,6.062846838637924174e-01,1.799231513814531169e+00,5.651866280379466367e+00,7.075290084108303290e+00,7.295469895399089744e+00,1.429178788851054538e+00,1.047696590794244820e-02,1.964847168269321820e+00,8.706167498788843773e+00,4.004450720694860522e+00,4.005381662565665302e+00,4.332938875319993777e+00,3.157988268228218987e-01,4.667448033650574146e+00,6.386393775776395998e+00,6.221264150945079230e+00,4.150169233464809260e+00,1.652187203431593421e+00,6.442249854061991243e+00,6.215030890844368550e+00,4.785994768642014563e+00,7.454462253517448289e+00,2.846738491043693031e+00,5.199279060998982516e+00,7.283835009024530738e-02,7.442680251846093498e+00,6.213201181191119638e+00,5.290729671823230618e+00,6.784229828519229066e+00,6.361689720410343085e+00,8.295662671850623227e-01,3.024557389758922632e+00,6.366767819671688144e+00,4.356517692063680336e+00,5.863056266106749348e+00,6.870015192559007389e+00,4.504047032803022432e+00,2.227338394171624714e+00,4.229078766672085266e+00,4.716907600276533108e-01,5.234412583776272498e+00,5.313450766211434306e+00,5.087730811579502799e+00
7.681908486988383800e+00,6.025013022860720824e+00,4.571093073917486649e+00,4.517784008217331504e-01,1.691552424431566504e+00,7.901081641590685933e+00,6.097094282011258137e+00,4.022264961526006433e-01,3.116817509972124700e+00,8.641467963335697888e+00,1.087807647045818893e+00,1.243519712872529936e+00,3.762409014902541315e-01,5.335129177700061121e+00,5.267370927664713598e+00,4.738931682058141526e+00,2.298900693269215756e-01,1.500371465692542872e+00,6.133151894642775659e+00,8.680958075677850161e+00,1.296099875156810022e+00,8.408785978565072039e-01,3.641207609415375579e-01,6.919988468696818273e+00,5.789092693070925222e+00,4.624553279417304097e+00,1.386881603728641110e+00,1.046181806671002690e-01,5.538577215654056474e+00,4.245560724629669380e+00,3.749142055653254424e+00,2.786054486641384997e-01,3.065511030095335876e-02,1.977111565497527312e+00,6.157862239792112113e+00,1.557492977997731565e+00,3.173894269542052005e+00,5.218016273542878558e+00,7.916067875792662800e-01,7.148131603309458626e+00,4.362295371752782813e+00,6.762540419470266961e+00,7.539913999381312237e+00,3.551822092957914734e+00,6.400873402116779687e+00,1.214680251607302530e+00,3.577553125047518101e+00,6.141850997206931950e+00,5.790129294337498678e+00,5.295259017519313716e+00,3.085051356122021193e+00,5.056816622480625689e+00,5.938279734761546358e+00,4.933166877854210597e+00,3.504142168534051027e+00,3.069749360539683281e+00,3.438303047989398564e+00,5.232079242678903341e+00,2.492979780156819869e-01,2.021400426643920056e+00,3.769290960078902630e-01,4.737703496803466585e+00,6.160696705527320738e+00,4.774928094372619114e+00,5.491016712531990862e+00,4.588201807621468120e+00,6.137331283027726236e+00,4.499919725224500233e+00,4.633133657071762279e+00,5.587312882886225296e+00,7.249114354484475164e+00,6.052773008857077031e+00,4.648906299455860314e+00,1.462920238101935499e+00,1.230810184156805320e-01,5.600886817382077609e+00,4.604128120135947633e+00,4.584698470928731062e+00,1.308563187486306845e-01,4.864562823866712904e+00,5.397448892675307697e+00,7.156699886806010547e+00,5.166404333197848864e+00,4.658114696654771514e+00,3.836914028146847233e-01,2.269959283855441434e+00,1.899930469943751365e+00,5.423525880569370017e+00,8.104177681398343935e+00,4.105153578999068964e-01,4.893041155884670701e+00,4.624572555146187369e+00,7.587241775168402036e+00,5.949626325049841569e+00,3.869424471821038658e+00,1.021418173304716515e+00,7.093907302964806760e+00,3.299867779523554479e+00,3.279371268081920920e+00,5.233447749486959566e+00
6.721641157991643745e+00,5.695664643526380466e+00,9.378554338897199472e+00,4.736997590925914325e-01,1.784193000295155151e+00,3.514890564167636011e+00,1.502662058055554528e+00,1.895081007817388086e+00,6.264620055163439005e-01,3.633955658736379490e+00,1.986940502167519274e+00,4.822294528402571778e+00,5.074987244444265855e+00,4.368853821717461727e+00,4.995750703520130287e+00,3.025901338426533638e+00,5.696611277437856335e-01,1.763411153911191187e+00,2.182191601701381600e+00,2.982554828156304128e-01,2.152633834820968595e+00,2.516563501040887996e+00,3.774920411159019551e-01,1.598717043091263390e+00,1.971862677175958423e-01,2.145961782630943393e+00,4.225848332535914409e+00,5.396943550285699942e-01,3.956442690834632625e+00,7.850340016782169528e+00,3.485951682632975501e+00,5.812832214124181718e+00,1.325380303550255601e+00,6.536307608701548588e+00,5.702957328487650024e+00,6.990281370945123918e+00,6.745216738828982983e+00,7.246148057001281728e+00,2.571851797431957465e+00,5.750693022047136616e+00,5.404272255927398128e-01,9.428406886680029686e-01,6.597756808172001719e+00,3.686714251389505037e+00,6.045212116014614168e+00,6.169565640155072472e-02,5.745161237228540330e+00,6.983267159132388047e-01,6.415702911018375865e+00,1.653082206469241644e+00,3.195353045706041506e+00,5.229185622439348258e+00,2.731538562072347354e+00,6.726943043498488706e+00,3.436949523634003079e-02,4.341270418067539438e+00,9.012543912118498923e+00,5.392105322736988171e+00,6.206861820503450922e+00,6.949630877296666398e+00,2.407423998148400024e+00,6.421489670257420901e-01,6.535630275441070225e+00,7.408608230520086657e+00,3.998000079679046692e+00,6.809620325764575988e-02,7.657128627853474478e-01,3.184618736821154705e+00,3.687773225775260677e+00,6.560520387053476732e+00,5.619565508171995738e+00,8.067102509852007941e+00,6.556945890796564314e+00,4.035769778187481727e+00,6.599131623861058671e-01,6.466833612813643661e+00,5.665377386243574342e+00,2.304989468224448723e-01,1.969586141855109496e+00,5.238968174844179870e+00,5.992413361842453767e+00,1.352659092203392310e+00,5.002054673322763989e+00,7.216971407526786564e+00,6.187362811856428557e+00,2.500406483883193864e+00,7.322167619967625996e+00,5.270484261443455942e+00,4.027697727014216689e+00,6.731263133127414200e+00,3.984859834623179609e+00,4.101402189642552543e+00,6.904576433398871060e+00,2.113298746935956096e+00,7.067645685153760571e-01,4.037229758036390947e+00,3.143521798577180171e+00,2.002216822941154106e+00,1.342785998643264866e+00,5.316194456728038364e-01
2.470791499264224367e-01,1.877834292560053076e+00,2.053261913553319218e-01,3.377153177329834666e-01,5.692070001854929728e+00,9.990675094065848416e-01,2.485406142502935900e+00,4.496746104292124180e+00,5.660721080733379651e-01,4.984765330857177101e-02,7.807555198794332796e+00,1.670749452385747569e+00,5.581190989922721002e+00,6.200860758971891151e+00,8.534652724596735851e+00,2.629125859941372489e-01,4.154004509155196700e+00,8.274869837043866028e+00,5.509806477651333800e+00,8.301512075183662631e+00,4.838433992468820222e+00,1.704090237438734556e+00,6.657970819293574039e+00,1.762633765591830937e+00,1.937187384245067090e-01,1.712765879350293119e-01,3.851347346616282863e-01,4.746916010511563755e+00,6.649307196575192869e+00,1.197243548260859214e+00,2.943410434444330370e+00,6.569432800259276561e+00,6.546184633789389196e+00,1.650299896291059998e+00,4.902285116137994336e+00,1.866499090668286343e+00,8.245102475155188237e-01,8.803142697757001534e-01,3.019817139802400519e+00,2.188015826560778532e-01,6.192093771382753076e+00,1.517563566474294134e+00,8.999476414927924495e+00,3.005694676816102362e+00,1.181405190804922789e-01,6.827675785543732001e-01,1.315643267630187907e+00,5.136983490293084209e+00,7.259630072127920997e+00,3.347129775917346839e-01,1.698321522370131564e+00,5.421958697927000692e-01,4.278843754021643520e+00,2.028172404518516991e+00,3.095490398785465835e+00,5.606803268809532170e+00,6.988502776096828129e+00,5.799088026683440589e+00,1.239627201749041951e+00,6.583105098114007347e+00,4.870272941218157570e+00,1.133821439334848913e+00,4.551774378631169959e+00,1.459901635551439369e-01,4.150456686357409941e-01,1.111389588393927763e+00,4.790216480351556783e-01,3.309420199942928242e+00,5.899828904839486299e+00,2.482481212334917142e-01,6.978747838147401072e-01,5.998686590639914940e+00,1.219097152606137602e+00,7.563972919077925461e+00,1.643504951719762186e+00,4.023264510609823930e+00,8.112850363906086715e-01,1.027063188875270816e+00,6.306499144898198850e+00,4.716509454909376231e+00,5.751416099261541071e+00,3.499881730715415529e+00,1.082626090914765582e+00,5.773220978706767426e+00,1.157262720088680030e+00,6.310597526555792314e+00,7.314551755373839281e-01,4.272678732394711965e+00,3.398908207286019501e+00,1.859864512323905039e+00,2.296880449176767591e+00,1.781169577692347072e+00,2.656792699984560358e-01,1.246117316187643764e+00,7.207324855328014479e+00,2.034496448426325266e+00,1.428174409655793342e+00,1.692217523568319448e+00,1.922654534663606363e+00,5.535304734280710015e+00
7.703501174484093106e-01,9.738143907259473320e-01,6.713113326186219698e-01,1.138519305879038157e+00,6.937504425659779983e+00,4.543070764453187582e-01,6.668105247144180403e-01,8.694952054103739503e-01,1.454961279702262633e-01,1.283690309915000993e+00,3.228215492134877351e+00,6.806051087360052598e+00,5.265039338872187891e+00,1.132814702703951015e+00,6.348868303016304004e+00,7.072209754235034396e+00,3.636023921750186627e-01,5.814989491723338233e+00,3.754883046466403140e+00,5.446489198655186215e+00,1.127307789124425419e+00,6.107546558592705566e+00,6.534077311067024496e+00,5.209265349910838783e-01,2.861740931897893692e-02,6.129731267245296600e+00,9.172648067944028094e-01,1.090687683675805930e+00,5.985141200468967249e+00,3.268983969734091666e+00,4.667689891070648800e-01,6.967893638090934871e+00,1.092417294344227852e+00,6.682461999998180247e+00,3.385409531404172112e-01,7.571493067983189995e+00,4.244930822009068905e+00,5.102256776849888986e+00,6.682338446582722469e+00,8.137904808406397628e-01,2.552485880884865388e+00,5.456891229277964772e-01,4.418266067577017786e+00,9.268652643012805781e-01,6.182201199731542918e-01,2.364589438151591949e-01,3.783203535344377144e-01,3.983576416617138349e+00,9.295804989032008692e+00,2.596167995453567023e+00,4.037761624742168820e+00,4.418361404310249263e+00,5.370207867043627736e+00,4.867244919812596660e-02,8.731469164071093969e-01,6.324449440061322925e+00,7.676995068237257414e+00,2.299656069239163436e+00,2.479010171186903033e+00,9.473106208822152929e-01,3.221175092206962631e-02,2.163427472745647506e+00,1.177656114258806230e+00,2.474817376152920634e+00,4.453569592239378094e-01,6.834365968920776524e+00,1.685726502439116814e+00,1.086912238282254917e+00,1.049456353854851809e+00,1.058332809816254105e+00,6.646971929152133640e+00,1.425779152725320298e+00,5.207453039499656544e-01,4.949676330223423015e+00,8.850883689681056099e-01,1.881078964303775081e+00,4.445500194140919348e+00,3.343006638739958181e+00,2.036020973896081054e-01,6.612322052970112551e+00,1.249158532174827752e-01,1.742583083603379546e+00,4.731974867075601665e+00,7.075670174741390817e+00,1.993622830774155918e+00,1.080732833833076834e+00,1.643398721298989340e+00,4.442374615741568888e+00,6.793080538121019085e-01,9.821549920435652670e-01,6.929061388483530592e+00,6.841779406616051773e+00,7.381550821876006196e+00,3.212393039867511568e-02,1.385220974180969566e+00,4.483529945539027395e+00,6.050568451660815583e+00,1.211433250153971075e+00,5.512858975691882435e+00,1.081515924429284237e+00
5.972339131653125577e+00,1.020404299996667374e+00,1.756539538655502941e+00,1.079673512373519051e-01,1.758546464761828743e-01,4.585631115591483287e+00,6.491816466873722824e+00,7.858096526952428107e+00,7.058073429756568373e+00,3.531004694280774903e+00,9.011447379789382595e+00,9.718075934077997635e-01,6.617280830665286828e+00,5.112715779920770309e+00,6.993661297631863505e+00,5.918520021772384787e+00,5.034616754744725142e+00,4.658222862079820281e+00,6.360024741396698822e+00,1.271576520632754059e+00,4.503175167224379827e+00,4.940963621808426076e+00,4.780395868396321024e-01,7.428123997950173418e+00,6.136693645944591324e+00,5.999435345951507514e+00,5.229285691587462814e+00,4.870000633976266258e+00,4.672334977879515350e+00,4.180201455427216217e+00,1.593103008639403573e+00,9.835806942588090074e-01,5.734349099815242212e+00,7.298332901806825923e+00,6.674287171525330464e+00,6.245209357110004689e+00,4.690091204766644317e-02,7.722153697189328980e-01,6.765594277329146422e+00,7.193821163159066501e-01,6.257207637400778566e+00,5.092100216885256714e+00,1.838776781579664510e+00,5.518950338000902178e+00,6.216546898840496382e+00,4.961466900841267957e+00,1.330861727347609769e-02,4.203475225874131027e+00,5.609673269248719230e+00,6.498746035123754261e+00,9.385937914217430400e-01,6.060448412894581693e+00,1.447132212240711757e+00,6.382920167568598480e+00,4.853608200855980215e+00,5.307429108159147368e+00,6.151260447302973056e-01,6.521334589728877695e-02,5.276402246907339055e+00,1.223881975938107658e+00,4.159220186325017110e+00,4.055573139780114467e+00,8.831980762844400257e-01,7.990203866126893040e+00,2.230433541155472987e+00,5.311530429671265985e+00,8.267523191369756219e+00,2.299597460009367378e+00,4.112051646930793503e+00,3.747859996866832688e+00,3.082781050715389881e+00,6.006175886746777159e+00,3.904642099612942729e+00,1.995348137185815052e-01,1.417184619807529966e+00,2.039555838618778427e-01,7.115844925480847571e+00,5.804099710401272816e+00,4.765100444969609939e+00,3.286063327725443184e+00,4.392175534283395244e+00,6.690966411534898128e+00,3.559055282489398397e-02,1.173758517319797967e+00,1.940560539350253855e+00,4.937835089448999071e+00,1.004113343973527250e-01,6.544915755217637354e+00,6.872100785702848214e+00,3.002913358396967602e+00,8.988103288170908201e+00,8.249558148051654882e+00,7.098084800507761472e+00,6.292175329595192323e+00,6.246300805734430028e+00,9.302560321079924588e-01,1.256652409682879945e+00,9.707847949669112353e+00,7.637217385336338538e+00,1.864588630754643983e+00
1.320755905373706574e+00,7.771249029735285418e-01,1.487481747205906979e+00,3.381913871173078512e+00,2.316995259030593779e+00,2.629055909347077780e-01,4.865265976575544826e+00,2.456285877898646497e+00,7.197035844804628546e+00,5.746967336043787844e-01,4.148008090512241841e-01,1.075454708130221704e+00,7.977797905807608725e-01,1.129275961939458783e+00,5.726474972347322945e-01,3.929010394803114536e+00,2.839803106649738229e+00,5.721330602008678490e+00,1.575490586995281328e+00,6.469792372989718210e+00,5.271633250628292799e+00,5.545422196570260809e+00,6.966338259158240120e+00,1.603062056555303316e+00,1.375413853700114597e+00,4.819824354650661391e-01,5.330244414685486376e+00,6.472621196029437307e+00,2.301854109755502087e+00,7.039794561783724092e+00,3.939111454822701308e-01,2.429311564418572988e+00,5.686569686099459675e-01,7.236855799978448189e+00,2.654183449784559556e+00,3.152966535410766991e+00,1.105942399023883915e+00,6.064326816272698650e+00,6.126605242575390298e-01,1.685443653610119163e-01,4.267162880657149771e+00,1.347756354938200118e+00,1.058969162918386164e+00,7.037945166947851661e+00,1.802804054291259561e+00,2.239119803191824687e-01,4.719472941720044279e-01,2.290399383850795445e+00,6.110086975882722982e+00,4.223160081937583854e+00,5.388442569303567353e+00,5.238800559711773719e-01,4.673988289246675087e+00,4.920592716166963143e+00,6.517395117908183266e+00,7.166344505470290116e+00,4.183238339006775774e+00,1.737716492774616484e+00,3.804930966127871850e-01,7.918598330494988069e+00,8.945024485365545841e-01,4.990997711186270003e+00,5.460144010556148508e+00,1.762088419351321988e+00,6.122681163367319712e+00,2.950449723372658983e-01,3.921726945532100217e-02,2.343911825783140390e-01,7.571639085324173735e+00,1.192016125929000303e+00,1.110378213271406178e+00,5.138249301798577306e+00,3.353828367104186192e+00,3.182018186301067697e+00,6.279442294869901353e+00,1.658068498820020720e+00,7.964407606046810528e-01,7.162326814528768182e+00,5.078345057956832331e-01,3.143433007155255421e+00,9.043383642551835466e-01,1.733472676901630205e+00,1.620723967296537671e+00,4.024452598903555112e-01,3.611698546814527511e+00,3.150187499490514131e+00,3.255789371207773009e+00,1.310735436521109909e-01,2.492129403156227996e-01,1.192652178069247615e+00,7.742025698487981167e+00,3.850256570303041137e+00,4.380191003712133879e-01,4.918111967895931969e+00,6.743870379049137220e+00,2.706062419236108241e-01,1.280401560555299634e+00,4.121600722707486897e-01,5.785415257949585444e-01,1.513430777563727236e+00
6.481875741884849385e-01,5.180441283729073643e-01,7.205715404988090045e-01,1.454492466109820858e+00,7.521608461681987379e+00,2.775701639510722574e-01,1.907304003078451604e+00,2.567120425089545188e-01,6.099487836104342087e+00,4.540615780668553647e+00,3.767755947164037611e-01,2.380898791875322829e+00,1.603769011880076700e+00,4.267861011419484818e+00,5.028967514386137871e-01,1.054319549381052878e+00,6.164693696173646487e-01,6.736481487661318823e+00,1.108232203975628938e+00,6.571503398250918337e+00,4.276666994442255287e+00,6.010196749773005997e+00,8.831060942144294268e-01,6.247948029331848119e+00,5.590995750997106661e+00,6.858826488251183129e+00,3.704204439446173946e+00,7.602338522823173683e+00,1.637578303947996305e+00,4.753615334460148389e+00,8.881923514048895019e-02,6.388091522429535374e+00,2.380752809991304453e-02,6.190827208996191544e+00,7.522348741913988057e+00,2.005830134404837040e+00,5.915915868504133535e+00,1.701726665016541240e+00,1.141757485178632514e+00,6.281690670959686251e+00,4.986010547709969210e+00,7.111926949906586692e+00,3.996360194019312750e+00,4.026256925362100780e+00,2.460550131266368901e+00,5.176344267727004400e+00,2.560911373905088162e+00,3.904912795009479742e-01,6.198066006386975246e+00,6.275437804466353242e+00,7.347077444297824833e-01,3.199166015564693488e+00,3.991524368627751951e+00,7.418013950214950469e+00,7.026377866353737289e+00,6.532447509691331256e+00,5.411853917973081796e-01,3.342059566966560702e+00,6.480064217463585408e+00,5.052230491530703915e+00,5.922016619353703604e+00,7.987126148152693617e+00,4.135974235959503531e+00,1.261218733155058391e+00,1.451290243699927096e+00,6.557486749313392593e+00,4.960380341275344662e+00,7.398660111650740667e+00,5.096220235675851917e+00,1.284848957932553493e+00,5.798236926899847710e+00,8.279416697707753237e-02,1.287584820818985509e+00,6.207842813175066254e+00,6.884542648147291999e+00,5.423581274685516540e+00,6.300897711819827940e+00,6.330082925966323160e+00,1.688590530686584490e-02,1.567953704993702679e+00,1.614969374989623674e+00,7.106289213306294705e+00,1.182667424791128630e+00,9.280726310557968484e-01,8.503142596073711701e-01,4.631435793755272812e+00,1.000480822537170855e-01,1.948208320627352830e+00,4.058742094896775399e+00,2.339150632924427153e-01,6.997336011068732375e+00,2.136744328461655407e+00,5.905343509608789176e+00,6.300817210385986300e+00,1.737334376807327274e+00,1.222823214527589464e+00,3.867352194935534726e+00,5.092151672219099368e+00,7.856706771773207976e+00,1.553208643747952422e+00
4.655477869589828011e+00,5.160169650843198674e+00,1.414747050120398697e+00,8.739428495110090900e-02,2.496414504136279522e-02,5.201602241600465248e+00,6.997129276242826990e+00,4.632458690610803842e+00,8.556483275471000738e+00,7.360928627001818825e+00,6.678171617814738781e+00,4.106017956705547256e+00,5.097824524295499593e+00,6.236657806167820617e+00,3.443657927604577118e+00,3.342101227931044694e+00,8.464736193068398862e+00,3.505758756065795900e+00,3.700291156962143280e+00,9.022210831913177742e-01,6.168172187625769354e+00,5.331863520885653074e+00,2.834364494766546727e+00,6.718002834984235783e+00,6.194066601407263839e+00,5.939841199421993512e-01,3.524649701411687985e+00,3.359915701862774995e+00,7.537715604836701111e-01,9.483778691572292141e-01,8.165006169945712600e+00,1.555934828686751592e+00,4.928265160814763846e+00,5.756541833430439681e-02,5.782893637604209935e+00,5.348388367019254019e+00,6.816766700200499685e+00,2.174588070312261756e+00,7.319316226315743634e+00,2.544122849418900767e+00,1.671712220285559436e+00,5.372983621751653338e+00,2.247855348678082343e+00,8.245467140457215294e+00,2.401976942455095188e-01,8.236643921447347694e+00,7.571847849434290012e+00,1.026404877747840727e-01,5.744682971089808632e+00,6.544113177581066809e-01,6.776772711418012740e+00,6.015219248029142207e+00,6.227192360689158157e+00,6.498659598297755746e-01,6.479104029310123636e+00,1.130009337879149367e+00,1.012874118325327144e+00,9.101366069243931323e-01,1.487217143797519903e+00,8.146520843609860174e-01,1.596437240050188944e+00,3.749718604255164678e+00,3.578128616856675492e+00,1.793626525379140357e+00,7.500168979587063411e+00,5.969069247427214009e+00,2.018950105859945943e+00,5.858879065643783690e+00,5.212094154215592745e+00,1.779032670372837632e-01,2.259281691981402940e-01,4.617905675088063155e-01,1.858590780275049870e+00,4.038820186986395555e+00,3.209514916011995123e-01,5.799372368788878518e+00,2.292386669201781579e+00,1.959561439654713189e+00,6.133001161017430647e-01,7.626488840132370051e+00,4.836586053698574972e-01,5.480315318379578748e+00,5.555777828044961453e+00,4.880660710618766274e+00,2.270615311316832585e+00,5.352565204696780654e+00,4.641140124075236351e+00,7.471771095065379953e+00,6.355915622318970115e+00,1.445133534461457980e+00,5.833957609020250512e-01,6.831483799806297164e+00,6.195995109637848941e+00,3.668250988270595592e+00,7.304480851483727832e+00,9.504759866731234297e+00,5.573642578843612583e+00,3.627004375275230785e+00,5.440668745106234994e+00,7.389861197290475303e+00
4.293012471910122585e+00,9.658165151565802908e-01,3.366030847305345297e+00,3.864773564884634638e+00,2.794215893204086143e-01,1.794335381333086232e+00,1.156057653964260412e+00,5.324067416649820750e+00,1.100091087999555128e-01,6.000627813356970819e+00,1.369699712236436717e+00,1.151895665927388901e+00,1.459805744187981258e+00,5.518575407735138327e+00,3.511418949295262770e+00,4.025514363294325548e+00,9.492969970094921051e-01,4.689143677321577108e+00,5.575522321251050961e+00,6.505363337839511040e+00,1.183995722112832993e+00,7.239214047540671881e-01,4.900601667515473103e+00,6.158725139028986106e+00,5.147455941309900140e+00,1.819341530245385252e+00,3.938872044850520560e+00,7.232062471538501569e+00,5.109042383780426633e+00,3.952791550051104608e-01,1.084844357993837161e+00,2.954892909710034044e-01,1.345999755986566626e-01,1.147003779400524559e+00,9.878827094709163870e-01,6.915267529243227962e+00,5.216979838616103926e+00,4.390557606364580145e+00,4.131974820805781157e+00,7.404206636506045491e+00,7.411095009031274827e+00,5.801784749604390612e-01,8.056221765743668328e+00,1.914812199594326136e+00,4.353375955918349582e+00,6.549463789034584593e+00,7.623301502225864112e+00,3.267283169745301752e+00,9.239478761694158493e+00,6.705484974880549842e+00,7.311378352001804970e-01,1.210036073390157618e+00,6.148084394380646245e+00,6.792276964168144637e-01,3.964653277001295884e+00,5.583897680849414513e+00,3.557365136698398267e+00,1.529050545926010862e+00,8.097847937605600066e+00,1.691965099684573204e+00,5.419170615216984288e+00,5.050781102803316713e+00,4.035846952703935564e+00,4.795926298891058259e+00,4.190901011351415129e+00,6.617538931018478010e+00,5.738353584685769171e+00,4.616886233462969003e+00,6.352222947961576605e-01,6.152159604717932773e-02,4.169753602064668607e-01,8.133403021000276567e+00,8.609056192288338849e+00,6.934697527172303921e+00,6.642454385084735513e+00,6.105260824787865026e+00,8.375308877285490894e+00,4.339736940515791730e+00,4.463164055257222707e+00,3.035047827515549024e-01,6.662021196456858085e+00,7.304689714012293500e+00,5.315695910126446044e+00,3.680093538500806893e+00,3.703334388347458983e-01,3.306189691651537199e+00,1.859390024957369825e+00,4.618231237369808895e+00,6.126239545139955389e-02,1.181223728490964575e+00,3.726728994408853080e+00,5.086438901850700134e+00,6.608519568132805055e+00,5.173246531411429316e+00,1.304770443571002358e+00,7.449021603108025857e+00,1.487633488703739015e-01,7.855997326061343600e-01,1.363479779182948270e+00,6.505177243171428536e+00
6.834566347856326551e+00,1.228255608150968570e+00,3.939368302354885998e+00,7.137375703340357980e+00,8.785431493409678438e+00,7.175467139848280773e+00,7.718964415827573866e+00,5.809545449363927583e-01,7.884503384294445638e-01,1.582661629136783432e-02,3.171755641513697377e+00,3.876073496895648951e+00,5.452857964429041360e+00,5.249591710330580696e+00,6.352381492320078316e-01,5.776754624798654092e+00,1.695218734395181226e+00,5.957045369621999598e+00,7.327166896893927417e-01,5.991256254558712246e-01,6.355604628316886551e-01,1.905597465864352635e+00,4.000439364747284898e+00,6.413555362049483399e+00,4.342176360718398520e+00,6.395920154772687383e+00,9.039201298396929429e-01,7.439264960268046067e+00,2.358174847607197311e-01,4.318286304527424457e-01,4.841498070963123901e-03,1.131004187334634370e+00,4.051312014441857956e-01,6.487767771190043220e+00,1.473203769108492045e+00,6.959487703129108915e+00,1.139262141518453619e+00,7.363425772831817540e+00,5.306873034039034209e+00,6.154069209561137122e+00,3.206662597254702263e+00,3.376481292104542842e-01,7.653375821738192641e+00,5.825613898797515233e+00,7.782159398119729232e+00,1.428477608221414563e+00,6.131662538160814968e+00,8.875200805123128589e+00,4.096253250496229015e+00,6.435802994902477536e+00,2.410733796877293500e+00,1.025353472554680456e+00,7.213857058191822880e+00,3.807917094472609953e+00,8.832580453318271907e+00,4.905797584367839193e+00,2.348878928960848045e-01,2.431377788808741780e-01,3.493179904110900846e+00,5.247633319095789339e+00,7.325790427756112777e+00,6.049346714040897410e-01,6.621578095278285225e+00,5.517944324265428691e+00,3.113495795582849723e+00,7.147294384428574787e+00,5.600782369206944722e+00,7.890253317740417716e-01,3.841197376249956275e+00,4.430299522889823427e-01,3.103432158882502012e-01,2.245997671263608719e-01,6.306220670424580454e+00,3.424209331973604442e-02,2.022974828136328895e+00,6.606864511899996906e+00,6.672886829731236702e+00,4.552772876143194036e-01,1.511347780812244412e-02,8.777375629135994117e+00,6.107446104010911370e+00,1.139343638277197979e+00,1.712240228907042194e+00,1.093882504293843594e+00,3.652905927162814592e+00,8.322203857088213752e+00,5.720397245432441657e+00,6.595089545785827845e+00,1.930358797746903221e+00,5.158062623069040953e+00,2.346667456525156403e+00,2.863965600948472634e+00,3.395000891150696809e+00,1.587057084549682973e+00,2.189346861198016470e+00,2.646681522836520362e-01,1.018868354827347611e+00,1.192465072075103771e+00,5.366917594429565952e+00,6.119288054462905802e-01
