6.117129056251782160e+00,1.863724642348920657e-01,6.401926060483632774e+00,5.280597731086102087e+00,6.109427218561643613e+00,8.917275096297238024e-01,4.190931400780470995e+00,4.677973419011404843e+00,4.085193953061734717e+00,9.218034294007488860e-01,4.851950941460736466e+00,2.541803672279487891e+00,5.812223116701318304e+00,3.027569979220511520e+00,2.170572898318861910e+00,4.171983168456882218e+00,1.844614315281021266e+00,5.062055871181096123e+00,1.385758768608994274e+00,1.678055082752916150e-01,1.814480601353895883e+00,5.514752508053659241e+00,4.731994285874704609e+00,3.421631987246964712e-02,1.595332217287203314e+00,7.015494619910876750e+00,3.177142603305920687e+00,3.163356687124046829e+00,4.558752353209671870e-01,4.041534941775045020e+00,1.383988645768310821e+00,1.017545436825300964e+00,3.116214196327474539e+00,6.666960180464187591e-01,4.184686814242652098e+00,1.454923611621083968e+00,6.150043505146006950e+00,2.111328735770626519e+00,7.025795275047739707e+00,4.660102663119103372e-02,3.225713726112878543e+00,3.102182431133629681e+00,5.813944682828067201e+00,5.616105163943696965e+00,1.504316165873448963e+00,5.524686771828705822e+00,5.117426338903331207e+00,3.016281163372366958e+00,2.375943230171650988e-01,7.973814471111873026e-01,4.087054032012500393e+00,1.494296067823683405e+00,4.950899087101669593e+00,5.641811222733215558e+00,2.263780161146800474e+00,5.792619381155135194e+00,1.568416229489118185e+00,6.203916053105647421e+00,1.206811001233972780e+00,6.053559817546091182e+00,1.757236735047043918e+00,2.125843402296063722e+00,2.472162870979584426e+00,1.810423431312123688e+00,1.015055160528093525e+00,1.228982702166324881e+00,1.756827667761811762e+00,4.243320045339995517e+00,1.272325035712790875e+00,5.862982709842579077e+00,6.200279507704975934e+00,1.169777213558260254e+00,6.442319125806727165e+00,2.843763457558544649e-01,5.743839704827155224e+00,4.602609234005793581e+00,1.093430390296571852e+00,4.000243807579501265e+00,5.521117836817199809e+00,5.788567966512186302e+00,5.352507314277332284e+00,1.174293752779903777e+00,4.855532591647680363e+00,1.459626499484477646e+00,2.687838449587089507e+00,1.149380413351636321e+00,3.896974942343786719e+00,5.348320319052871419e+00,5.927609713410220138e-02,4.348339211371817115e+00,4.589415360687366885e+00,7.893519271438256268e+00,5.430420999767124002e+00,2.421602668991200247e+00,4.444561719339477968e+00,1.846659894942615177e+00,4.421331663750086349e+00,8.716110915225583344e-01,8.851575614860387464e-01,6.212743693954092095e+00
5.412828070368420619e-01,1.312657292977606360e+00,4.629704400206820836e+00,1.905524953673536137e+00,8.571280136293613072e-02,1.827341384209171693e+00,2.068225160402336060e-01,5.334241716276342249e-01,4.340176282163783483e-01,1.070866019085981113e+00,7.108768574644125371e-01,5.997966082856695635e+00,5.289357051402104659e+00,4.691663767722260570e-01,6.979067588250345899e+00,8.940548965617383104e-01,6.173369250653500728e+00,3.300886072215771794e-01,1.213799309948468741e+00,4.732218622060666569e+00,4.127609855327614596e+00,6.378715636579401771e-01,6.989876095186604577e-01,2.131965125970133101e+00,5.331193453797387072e+00,3.259398697505344611e-01,1.239849990202396057e+00,4.982143136285023033e+00,1.534094015361180841e+00,2.732298532824753323e+00,1.225389854925924560e+00,6.512609921240199995e+00,6.706918375443217784e+00,3.723060761766564752e+00,1.581800275972794267e+00,3.878673231627464801e+00,4.532633877944512335e+00,9.864180966686479923e-01,3.228569010504577008e+00,3.278821072160129635e-01,3.413195969428176824e+00,5.285090408545690677e-01,1.431652513622592382e+00,3.463169094794937841e-01,6.135012526836344016e+00,5.837445716840785614e+00,5.039736380181118136e+00,1.150269849260712629e+00,5.539858802592765308e+00,1.347351840656767497e+00,5.201748064749603273e+00,6.021200906518802576e+00,4.826894714660065588e+00,7.576188601930172517e+00,5.208892921667230169e+00,7.600713331288783792e+00,6.047398501665741222e+00,4.666070686662368239e+00,3.843898759978033652e+00,5.129288040499054846e-01,5.371082754605786214e+00,1.078822466542083802e+00,1.654355266248326517e+00,3.525167403104048969e+00,4.584835751828649109e+00,1.754916518752222654e+00,4.314610631946634633e+00,6.973467953485239512e+00,3.047722442756071626e+00,4.536458164065155785e+00,6.257117738010191665e+00,9.116793126900762934e-01,2.013372264028032710e+00,6.929992791488169601e+00,4.683642200366495700e+00,4.160361338646619167e+00,7.557163485617444998e+00,9.049372187934339173e-01,4.886298464012126530e+00,2.709507090383430405e+00,2.554867584305197115e-01,6.321675564090186050e+00,8.853456582541795461e-01,3.022927413410484654e+00,7.260736787575066131e-01,1.407085208186817482e+00,5.913486830947164208e+00,4.373319375421345967e+00,4.305687532714844723e-01,5.534362603165873473e+00,2.387457894087094523e+00,2.304561926071216682e+00,4.017596255803729477e+00,1.024435964491225093e+00,6.253174635865427433e+00,6.609993819917621138e-01,5.116997791347369429e+00,4.333825151501016215e+00,5.404869109855514608e+00,6.273408695676669922e-01
4.111376849544027046e+00,5.507759155601943846e+00,6.698554296518650197e+00,5.656925373063026896e+00,4.764006313535782411e+00,4.955473033351982970e+00,3.794034359717535221e+00,3.115523412554961791e+00,4.851155978703568294e+00,5.253463753535207559e+00,1.452557974313300804e+00,4.975638477342299026e+00,1.330812818224683669e-01,2.796253262738909395e+00,4.758785315201487620e+00,1.094863805199118634e+00,4.993113747786721568e-01,1.187749465529916559e+00,3.120961784713758291e-01,6.762283323428950332e+00,4.494884726165685684e+00,5.053052164363420751e+00,3.589461112616277205e+00,4.715753972346565348e+00,4.048034698602156922e+00,3.453027483293918953e-01,1.138028404959242845e+00,1.385387898723251077e+00,2.594101313979068735e+00,7.021127923336926813e+00,5.160204078498243696e+00,2.681190266441314307e+00,7.277013207023386165e-01,4.464326862348887204e+00,6.893949082723522359e+00,1.946789670546684725e+00,5.914981743787100399e+00,6.917745648634864963e+00,3.402942383776387025e+00,7.339023925783618729e-01,5.110200562939708924e+00,5.977357109163832227e+00,5.925254878725425556e-01,7.676796236820801589e+00,3.728823241300392333e+00,1.998592391914995270e+00,6.711256541287523802e+00,5.194710709779615243e-01,4.308636694687757895e+00,1.880288682897963692e+00,6.692411332206401831e+00,1.838550339487160512e-01,6.753364276997528837e-01,4.590676475305680349e+00,1.683770181211008410e-01,4.619349640294237780e+00,1.280894889773788625e+00,4.173237415367136549e+00,6.116104010256319334e+00,5.008163246943025726e+00,1.161322854617640177e+00,7.187515819430599251e+00,3.585434726422604967e+00,7.961333587060584804e+00,5.408976927268071222e+00,5.789314293289211655e+00,4.630076098396797235e+00,5.123701305511078274e+00,5.617489046470569569e+00,7.501136657190511592e+00,1.430567867467377630e+00,5.319147876277144249e+00,5.235594760403708747e+00,3.900971039046739364e+00,4.087686840230770891e+00,4.892928296967356872e+00,4.352663891895185877e+00,3.789777127057241124e+00,4.287735665562354193e+00,5.987626003286330878e+00,5.566698750816803987e+00,5.128741291060860519e+00,4.881658846401306207e+00,4.307948924667237556e+00,5.385439192460309776e+00,4.296538791716583816e+00,1.937885654894205389e+00,1.494807004499108638e+00,5.619551846628938918e+00,5.214651091806217664e+00,5.706806695342307556e+00,7.205024020958044062e-01,5.305298162212610080e+00,7.573593039124453696e+00,6.051547010868047138e+00,1.493714647338617585e-02,3.201005001346464152e+00,1.522327953209815066e+00,7.570862240804206778e+00,6.689634687839369320e+00
6.971164321040052236e+00,5.440938212759999004e+00,1.069166016860672030e-01,6.108249393461461452e+00,7.028234952504125665e+00,5.226736417419941105e+00,5.746749465418425018e+00,1.900537941179764712e+00,5.605966085264069143e+00,4.444113946471349941e+00,5.917722272197153188e+00,5.470549543589878105e+00,5.530748115344610305e+00,3.430810256782726775e+00,4.439282344740496988e+00,2.867933446809685982e+00,3.516706583267624975e+00,3.285135184276239073e+00,9.333461011072003988e-01,5.300410135106174536e+00,7.494249778072203938e-02,5.333210971067933848e+00,2.000273168504571153e+00,6.224034319917584046e-01,5.108478502937374710e-01,4.944757328236100591e+00,6.931047444443100281e-01,8.591580943150132210e-01,5.881732849074166047e+00,4.764010313704280186e+00,3.197334183237490191e+00,4.751604621774817794e+00,8.225200207381938577e-01,6.223834924985357731e+00,5.685846179716889992e+00,1.593315253398037701e+00,3.489653131987822121e+00,3.619365448035926747e+00,3.711472916457523752e+00,2.061685534218740123e+00,4.014064895108099051e+00,3.471493077132925542e-01,3.887932901048356538e+00,4.942995993144299938e+00,3.003387799217044574e+00,7.195377742462917503e+00,5.042316928227001505e+00,6.591050836640689470e-01,5.088846513210457445e+00,1.145485527441727491e+00,5.234010221287737963e+00,4.976506380455132827e+00,7.457687171986364660e+00,5.335201854667109167e+00,1.833755771285494607e+00,4.122817140768374244e+00,5.823186814737963068e+00,5.881339714912384053e+00,5.574681278301663490e+00,5.524528812203211459e+00,4.148342332386964593e+00,3.493515538105802953e+00,5.333400877719361333e+00,3.669102499625664926e+00,7.451421060354861403e-01,7.378368631934588695e-01,4.351331012710188517e+00,1.001850979288124499e+00,4.531170709984202460e+00,2.309347129261669629e+00,5.425633180386602028e+00,6.710944295197397658e+00,5.040295710002555829e+00,4.218710117998539566e+00,1.177224710237410932e+00,6.506746052388349355e+00,3.670036070188537281e+00,5.229230531609791122e+00,5.524535514544553827e+00,4.966307388943377532e+00,6.037065392569649802e+00,2.636954709995143808e+00,6.464736302689723324e+00,1.931774087417160057e+00,4.703651485504020791e+00,3.341728386052687849e+00,2.237175360822277526e+00,2.470039537583859079e+00,4.059085728408237337e+00,6.199000816476186060e+00,1.886036344839753021e+00,6.809540118069640435e+00,6.356001182388787640e+00,1.300766147989731225e+00,5.119222049525333773e+00,7.881195604997059512e+00,5.121707816356757093e+00,4.928861242882975446e+00,1.762918890897184010e+00,5.056950823973547671e+00
2.851039774411180394e-01,3.516922251226318963e+00,1.002336839141293456e+00,4.423993387313208459e+00,1.313656671447645863e+00,5.262651180835760556e+00,5.833926334731909247e-02,5.231116745959971226e+00,3.339398401621598289e+00,3.210268060253387290e+00,5.819808538827944133e+00,5.313726613136291022e+00,5.921909497100339870e+00,5.717243095208414339e+00,3.514752211688703110e-01,4.845084211385981554e+00,8.689281711466652069e-01,5.636355166538193018e+00,1.185949754910987419e+00,2.470472832492078830e-01,1.674448472798006904e-02,1.987811082613749170e+00,3.193708360729189177e+00,4.037337652502487551e+00,4.966629364533911684e+00,1.716237364883917316e+00,4.856283278003225012e-01,4.439708994823222454e+00,5.316773753640999800e+00,2.146727267488992119e+00,5.031260086173481305e-01,4.581169904322880626e+00,1.151254092164295972e+00,5.088459358993138171e-01,5.770707892270521278e+00,1.526699717675351842e+00,1.103440933304372429e+00,6.010743017995033632e+00,1.435541223696741309e+00,8.561480149720803734e-01,2.503538985577303810e-01,3.987743257787859097e-01,4.249560434252244168e-01,6.136046114319858802e+00,5.084255538011613673e+00,3.726631997969369614e+00,1.371474137729458143e+00,1.078252426187981561e+00,1.100289254760755675e-02,2.037515027361803011e+00,7.283237332191947466e-01,3.339392873262041039e+00,4.889252189258776582e+00,1.002195802745063036e+00,1.214470457723564989e+00,4.662403407108605791e+00,3.496958630684587455e+00,6.823201810151109825e+00,5.897170348821888730e+00,1.023686117706087417e+00,2.422571173013921442e+00,1.075494276295483775e+00,2.103520667352810847e+00,5.100717178807990138e+00,3.422498376556079691e+00,6.059194249809201072e-01,5.420963223523140861e+00,7.809476741403917899e-01,7.283403082194204181e+00,7.104512323117182504e+00,1.245162821913299300e+00,1.794260883066673529e+00,3.839075231115481213e+00,5.954572420621454754e+00,6.943753740359829507e+00,6.284216506591999263e+00,5.220518522652752402e+00,6.671482638133475973e+00,3.237430627363889979e+00,4.437237072875277910e+00,8.646284945763744734e-01,5.474794883275660773e+00,4.952306851660638998e+00,5.893830745651680303e+00,5.522989887903406725e+00,5.080741790803759095e+00,3.243155052885916323e+00,5.633282731381173747e+00,1.198499663755983491e+00,2.104600993445094659e+00,1.515432940145498675e+00,5.020262239625588485e+00,2.754031143519536151e+00,6.624694835225451994e-01,8.753284415750598457e-01,5.738753314563187935e+00,6.879626642434863992e-01,1.483803030119590138e+00,1.226004728729814808e+00,8.563539915901128285e-01
4.268130563879246608e+00,5.475339462151229242e+00,2.059662016205941804e+00,5.108712925928284854e+00,3.972725169547061785e+00,2.878771104069643982e-01,1.126261851096830302e+00,5.317146773735871967e+00,3.256882402146068500e+00,5.975176350729638486e-03,2.042928948880028628e+00,1.238153685614917787e+00,7.724957909908685139e+00,4.589583720294700520e+00,3.573867420418172181e+00,5.670748073329020755e+00,5.476159785234380184e-01,1.015105003015704943e+00,4.378252545096659176e+00,5.790937351420751611e+00,1.592281834801347440e+00,2.840913288310343843e-01,5.549692420122344316e+00,1.447967582703176603e+00,3.498932428468497502e-01,4.347392901163715351e+00,7.833607392538017855e+00,7.385311296469232900e+00,1.771408638343164199e+00,3.755739329571823770e+00,5.928948485465589613e+00,7.316592303217738014e+00,3.038978234983325866e+00,1.930343059967543518e+00,5.058956726270418258e+00,1.511991550935177564e+00,1.041030822977690118e+00,3.682544672247078488e+00,4.668965851024012181e+00,5.798936023913558557e+00,3.637773968853008633e-02,5.782326964148984949e+00,6.348807172371218499e+00,5.872146445846202489e+00,4.635251148629912166e+00,5.411982762884738563e+00,2.223090421400956807e+00,3.982725690131603713e+00,6.093792869041343430e+00,5.959835165280255254e+00,6.009750688575087096e+00,2.935231190881844032e+00,1.626596582793395918e+00,4.509708159507982650e+00,3.571036788109182014e-01,5.563962365301692969e+00,4.021205492851914087e+00,5.688680189661221576e+00,5.041112508416132343e+00,5.612688499636540485e+00,1.378426511004449573e+00,5.004471386652953768e+00,1.397446833187004245e+00,5.472589690192915413e+00,1.144359198080748374e+00,5.827694106679280672e+00,6.653174539977002588e+00,6.603545146896456330e+00,7.275221045025411115e+00,1.099727172899668481e+00,7.869885568086126604e+00,6.900802332016887419e+00,5.020610096034163305e+00,5.960333646237051752e+00,2.736859847546149638e+00,1.734480552136810516e+00,9.600773124201523734e-01,4.626259312868567619e+00,5.227496963338885472e+00,6.613514963406734726e-01,3.823982178126865694e-01,2.921078398975935464e+00,4.512922701968292039e+00,3.640240946325485449e+00,4.060588479110219140e+00,6.991397778566637911e+00,4.131005851067568457e+00,7.189626118654507181e+00,2.670382833493079033e-01,2.413438968922424710e+00,4.819246804457560707e+00,3.031404820148016377e+00,5.275589820230003113e+00,5.461826172493362108e+00,5.406930373160133030e+00,9.867220435348064145e-01,2.882382442395529321e+00,2.252645666267581337e+00,5.222095370977410056e+00,2.664925251380624305e-01
2.483254443172390413e+00,6.304391724699833333e+00,1.757296042218591259e+00,4.359497886678335377e+00,4.155583483448046067e+00,4.165854185932302833e+00,5.604727586461770272e+00,2.335050158591256420e-03,1.554710350227428428e+00,5.620198586648765371e+00,5.187530124112083918e+00,4.268987508095682948e-01,1.304521528158565813e+00,1.587884495393548701e+00,5.165945121427277797e+00,1.921065718953401502e+00,2.697486603869745370e-01,3.339592889783788987e-01,6.991485291358401355e-01,4.219683472276575920e+00,6.614705316879341268e-01,6.283757104909158286e+00,5.592750100526174606e+00,5.228215528079120489e+00,7.163058744562074587e+00,3.980879623465285899e+00,1.041057453463123839e+00,4.526664785889835230e+00,5.104809553294619384e+00,4.218641171497776732e+00,5.114317929820261455e+00,4.953336463184835559e+00,4.884074304389963039e+00,2.041951799511615651e+00,4.541644522615411184e-01,1.664977224695331603e+00,5.539341782839318773e-01,3.532152221344478260e+00,9.638420988335094641e-02,3.522417781395384750e+00,3.512561596014577958e+00,6.295615482361466064e+00,5.196168853732734405e-01,1.930594353380051587e+00,1.002240878369071053e+00,4.877998553823191585e+00,2.179035873320942951e+00,4.741906529494833045e+00,1.149930836514001298e+00,3.226007630197640808e+00,1.534390207175929444e+00,5.679987280863212362e+00,1.531954932930501112e+00,5.714614270955253872e+00,5.713264222725996655e-01,7.173183541171500366e+00,5.628229987866295581e-01,4.505540601360449315e-01,7.063594395336763032e-01,5.497514635149395090e+00,5.855223754564090832e+00,1.365311375441744746e+00,4.575020311400900930e+00,2.565494300030517039e+00,3.034390914735529687e+00,6.696283745140394483e-01,7.114501802859209967e-01,1.024961638112869000e+00,4.621010731091118373e+00,6.813970331217420018e+00,6.191163204353425265e+00,5.639825109096200606e+00,4.778778637420031394e-01,2.534119450106306903e+00,6.719747254386815305e-01,4.096532690147531852e+00,2.010586000501410453e+00,6.828860876276731773e+00,1.145287160554229189e-01,6.116339437542480439e+00,5.796668231441315378e-02,2.162578677182148468e+00,4.214640160432470140e+00,6.196989927967057277e+00,4.779387629733184539e+00,2.454224454204598782e-01,1.829548676387346084e+00,6.780259891479013312e+00,4.503142798538920744e+00,4.075909544741358914e+00,1.200285430680625431e-03,4.541392994206063349e+00,7.535774240002118818e-01,4.028699837886822621e+00,5.378729462403153860e+00,8.325387842115365977e-01,6.002832152724261405e+00,5.561122961025541933e+00,6.536320191407316571e+00,6.208421966828746363e+00
2.017269615457172094e+00,5.852389120356621177e+00,8.709700714504318153e-01,6.198429838315582252e+00,4.512739793371336461e+00,3.289903077949106525e+00,4.338885393369944055e+00,1.580078598391398970e-02,5.405768501956470296e+00,6.991580156288346615e+00,2.049060680810596002e-01,4.713657889045195226e+00,1.544842475722070452e+00,5.869229377847580587e+00,2.754964084932473689e+00,3.741653747472925673e+00,8.765548877290892937e-01,5.454007405036809253e+00,3.643775101401147687e+00,1.664101296776217875e+00,6.134674368370959030e+00,4.036797829395561976e+00,4.777383456578736087e+00,1.545007672642339180e+00,4.293477971853189246e+00,1.237034669279998278e-01,5.715328918922200074e-01,3.742379402929733256e+00,3.377911584972904890e+00,5.528071724445329238e+00,1.274857550212562973e+00,3.739903919039989866e+00,6.597228053436180240e+00,1.873444507405032544e+00,4.213237103072480672e+00,1.760587472490936944e+00,5.099204589595646375e+00,1.484582710348724799e+00,3.941988706597306935e-01,2.945836300715275469e-01,4.826681261828298375e+00,7.372835471739681346e+00,1.066892493302720846e+00,3.577340121920951965e+00,3.695883921875050326e+00,4.036989817681885251e-01,4.324035031541653140e+00,7.047046003055723595e-02,1.550339323385018675e+00,3.853582173057590765e+00,7.018817123939185443e+00,1.838325670186430560e+00,1.910639699782552992e+00,3.751525866624930483e+00,1.920077491485132626e-01,5.368352176702202883e+00,3.646437217251529361e+00,5.090046255924032259e-01,3.093654707590022257e-01,4.331552417166357749e-01,1.278278093661449955e+00,6.675514938401006404e+00,3.490494175689855094e+00,2.649013584500597984e-01,3.393450625138613397e+00,4.445141921213862091e-01,5.105569344411597932e-02,4.474041466621699215e+00,3.805751679242999508e+00,4.063369940699923077e+00,5.617939362500841582e+00,1.551243097357514866e+00,7.405794494179573917e-01,6.188195449909507317e+00,5.992534452422692226e+00,1.004171305787830093e+00,5.782844272500073046e+00,3.973191903808519942e+00,5.378024660313646343e+00,7.812732007694993541e+00,5.426869164354703123e+00,1.453769913238030842e+00,8.103027737029964150e-01,4.516750250487306939e-01,1.884087873973465666e-01,5.566995141269318381e+00,6.310313487052757964e+00,6.250198580014372673e+00,4.551317215409146577e+00,7.183407730522021417e+00,7.296450935142847705e+00,5.090653056651476049e+00,1.240200973362437953e+00,2.647855900404431084e-01,1.515081178180626376e+00,6.985568085143492922e+00,6.750368547981378420e+00,7.870230632366634893e-01,6.825600483563386334e+00,4.784405248721551374e+00
1.976922247731206506e+00,1.111184520191870639e+00,1.656061267236893508e-01,4.360379327017664952e-01,4.691338732092678043e+00,6.066466061459816483e-01,4.788141991404109454e+00,4.665767136852402963e+00,1.639288105136060825e-02,5.505194190166360357e-01,1.396845215456094191e+00,3.629206018980165815e+00,3.864686597178042859e+00,1.023125523726624575e+00,1.003077815649198845e+00,4.554820060266997928e+00,5.474608417933460203e+00,1.620433464172970961e+00,4.317050575522539901e+00,1.717522083583953307e-01,1.005630067260298688e+00,5.000528354864199443e+00,9.376764274287163747e-02,4.848738362717895711e+00,3.148693252976197954e-02,3.414035844963312361e-01,5.779555212704095446e+00,6.533892747280537705e+00,5.004129343174804845e+00,1.044951484281390286e+00,9.191879271816150165e-02,1.808739872323272824e-01,7.976772107593217420e+00,6.710852583383049019e-01,1.862937870924790573e+00,6.115466905848616630e-01,6.882837468852008200e+00,2.741160507152867520e+00,7.519142272435042074e-02,2.113049233978271602e+00,2.023152093755158365e-01,2.120338283500390553e+00,5.344612349796401318e+00,4.483925762880818233e+00,4.490754840591066888e+00,7.952641379562729318e-01,1.035549020883706373e+00,4.794176228662609063e+00,5.742442674537305614e+00,9.415296416013997360e-01,3.824723775465770359e+00,1.566113816844410866e+00,2.137479492042682061e-01,1.248766906418355527e+00,5.780552237799984283e+00,1.435897129671013461e+00,5.182140079431430735e+00,4.422029805056576279e+00,5.603117650270371009e+00,6.877778841716458480e+00,1.288747130430330401e+00,1.140129537011298488e+00,6.003712804918876600e+00,1.105627871174528654e+00,1.376175178978400249e+00,1.722004524872036146e+00,3.478119218248632016e+00,3.281559816311194311e+00,1.203638075799654317e+00,5.123323216075541531e+00,5.528945133283878377e+00,1.067931534111800307e+00,1.788881243857576298e-01,4.344493952125875857e+00,1.001479619636517882e+00,4.558551642577112872e+00,6.274912061814230668e-01,6.833082426071201976e-02,5.319158472484671663e+00,4.554170488917870685e+00,7.712961581399579991e-02,5.608692537480462370e+00,7.329564018873174769e-01,4.773899307291286087e-01,5.169766653056727002e+00,1.334354209433926908e+00,1.699249827179504235e-01,5.716545110577730959e-02,2.714792667401384474e-01,1.983056724695083428e+00,2.443189411991868454e-01,4.302772288179504301e+00,1.455747744263661048e+00,5.888843793704598983e-01,4.604745492557530184e+00,5.014382531210161531e+00,1.483441613193670738e+00,3.043191951687161723e+00,5.802294807143058009e+00,1.643114827288022495e+00
4.689665531701857404e+00,5.233998712112044593e+00,5.665170845192571747e+00,5.656507360358308034e+00,5.835815944529206156e+00,4.754624772245454878e+00,4.284547009112951166e+00,6.686479820417506659e+00,1.437677429088536130e+00,1.141284180226311396e+00,7.615071012151307883e+00,5.236585650071560849e+00,4.639966846846080628e+00,2.909714326960516129e+00,4.197638626528429562e+00,1.458308485283712930e+00,7.648426767584043162e+00,5.883633036332113875e+00,8.612931447464121648e-01,2.335292223542128065e-01,6.247154380165437004e+00,5.149323500341226101e+00,1.826167786060919340e-01,5.025270249550074730e+00,5.344628135884929243e+00,1.442741719231159125e+00,5.797028809386794101e+00,6.357194527331692768e+00,5.440519447979047740e+00,5.695229503098966362e+00,5.194174893669828208e+00,7.612267752854837255e+00,3.538798304049998400e+00,9.080146115221341407e-01,5.851886363999438068e+00,8.016846506363208391e+00,4.944266540515835473e+00,4.682233489709261676e+00,5.534819397071966129e+00,5.685332632213009774e+00,2.235823545629374465e+00,2.800640583858671651e+00,5.740216323765066520e+00,5.748489705437134223e-01,1.090617949407091114e-01,3.742836081598419629e-01,1.441778799497836161e+00,6.309722950076187331e+00,6.504641579859100631e+00,7.169913985887932384e-01,8.739921321418248068e-01,2.117158585144702343e+00,5.567683705876361522e+00,4.503324595637865357e-01,5.521246440859649773e+00,3.756839934654238711e+00,5.828769119892912798e+00,1.074292588679655713e+00,2.362524515652654422e+00,2.212160563653839951e+00,5.573764382150010022e+00,7.598204181603962493e-01,2.525305446666927800e+00,9.053055598048376229e-01,2.611709048465418181e-01,6.803631157381310857e+00,7.534823457973303107e-01,6.419968349447594314e+00,4.966199812371465683e+00,2.860387781355950843e-01,5.062450069422705035e+00,6.405678875560885999e+00,5.631796229997849679e+00,8.238678250400151004e-01,5.105648192472555635e+00,6.727114936631683584e+00,5.134790546762082464e+00,4.158920596976222406e+00,7.405523754787475710e+00,5.849648897879520248e+00,3.408953229626660031e-01,4.741186290780371237e+00,4.239881652035244031e+00,1.015424530899598388e+00,6.200704304129819100e+00,2.442605392221023131e+00,6.146538562171306452e+00,1.755988093627766311e+00,3.931762521951133849e+00,3.916508896336201140e+00,6.073307833840804193e+00,5.141549029580887442e+00,2.972833669624216135e+00,4.023433724626115371e+00,6.453110490107482278e+00,6.003227233816803121e+00,1.575977537894994729e-01,3.723504927682203203e+00,7.721288348157929748e-01,5.856957609729331438e+00
4.770055182119948833e-01,5.641258275423925106e+00,5.627153397580301863e+00,4.535407528284094436e-01,3.093371623044665064e+00,4.193678002271980176e+00,1.505650110060528402e+00,5.552847388532473616e+00,4.398327698018250409e+00,1.945634458399501110e+00,4.146937586341574722e+00,3.028583965121417476e-01,5.332135744426898860e+00,8.298940858171811596e-01,4.750599509516036711e+00,1.454173926042457765e+00,6.807683059904141132e+00,3.633130233532175790e+00,4.131093511861193335e+00,7.693409741946066749e-01,4.568776257236054406e+00,1.163697777422433077e+00,6.477692873445525024e+00,1.721180683523813482e+00,2.925949411340855733e-02,4.251709961017251516e+00,1.384776563659291693e+00,4.592965531054532313e+00,5.525022278141245025e-02,2.493646732800417487e-01,6.468376983566226368e-01,1.048979750095315300e+00,5.082139052434454740e+00,5.022023044953575877e+00,2.079661024220611942e+00,5.612462041317229922e-01,5.398888377359551960e-01,3.023560889147659303e+00,2.561469184654835196e+00,5.944735889985043542e+00,5.147056768534499227e+00,4.962095633622093160e+00,4.487983477698501922e+00,3.063597756790165327e+00,3.134274047943435004e-01,4.515669341754425803e-01,6.628074224992963615e+00,4.109505190176478528e+00,9.527327449253751857e-01,2.950364716624360728e-01,4.640874009618527474e+00,7.111599012045907386e+00,4.893708755995745285e+00,4.204065368339405140e+00,4.461124550421618373e+00,1.366410748684395715e-01,7.102733730022748659e+00,5.059635456323269054e+00,6.396220285795808813e+00,5.732395232870461932e+00,6.843527302183960437e-01,7.067103987936651510e-01,5.216661022738443343e+00,3.876188936878321556e+00,2.251730847248278877e-02,3.256641127330723862e-01,5.537320984868193463e+00,5.005862314269194258e+00,6.082747400146117922e-01,1.141182726839202521e+00,2.054741048514305390e+00,6.493826849260853074e-02,1.064564579906747133e+00,1.348859490026086405e+00,5.288292016732203393e+00,2.430703612721888618e+00,4.314542411893818930e+00,5.007260530555806000e+00,1.874637115074668570e+00,1.764063452752000050e+00,5.302932296713381177e+00,2.102482271526364244e+00,2.161750125792745170e-01,4.397892798325582220e-01,5.618349638845984373e+00,3.290108269355723536e+00,3.925277533236839478e-01,4.803503625627830731e-01,9.031729514537997217e-01,2.403717109621984704e+00,3.914927996563482004e+00,1.622302757793936401e+00,1.577954776057981512e-01,3.824545009404122897e+00,8.288361690203914778e-01,5.317383348630844608e+00,6.972929971778951685e-02,3.814659581455059456e+00,9.796637906709348975e-02,2.317432542814326979e+00
4.254243214994146705e+00,5.928841166736990687e+00,2.932819230688037404e+00,1.321727045328654260e+00,2.935382913360142787e-01,3.859075726190893896e+00,1.826331952554657301e-01,7.757192652477704620e-01,1.721607756576819970e+00,1.774568008714971779e-02,5.182294166657795742e+00,7.280851334903443828e+00,3.840021035061278454e-01,7.373149786730801569e-01,5.900246650114000513e-01,3.466345171369632716e+00,4.095405328083315588e+00,2.443417032786374676e+00,2.331147020232579026e-01,5.619786597676323936e+00,3.305180360370870707e-01,5.250304828594783757e+00,5.262064542128008782e-01,8.803062810628459189e-01,4.745211533734789100e+00,1.624757431692271492e+00,4.329676930203827823e+00,1.212753702392827204e+00,2.512542413638406913e+00,7.040657547760554857e-01,1.547935619479201774e+00,7.040855855549436271e+00,1.775229436949509632e+00,1.445843342191450498e+00,5.816069920905269086e+00,4.525539635992186227e+00,2.756292023082481890e+00,3.776275121427731918e+00,6.801725821313326037e+00,1.255308242568521138e+00,3.448161564763420284e+00,7.220594943773124275e-01,6.225006425823620404e-02,5.326747120824593118e-03,6.190702324599506312e-01,5.150775409554832152e+00,3.330601524293121507e+00,3.221221604073432054e-01,4.615904513079398974e+00,7.767081717978949751e-01,5.567353669038984876e+00,6.145062382538254653e+00,7.168343620996635579e-01,4.419343032323935105e+00,2.165344401091064075e+00,6.972010948130517249e+00,5.538586001548775783e+00,3.156473067366225571e+00,5.038701691035884167e+00,5.436086709321005017e+00,1.705444974745189857e+00,6.340125817482515913e+00,3.128710158381411421e+00,4.902624816482560988e+00,4.126118800565017786e+00,9.609253149119978410e-01,1.241791516226311565e+00,7.102575373619459675e-01,5.580140600962200104e+00,5.477529684412207889e-02,3.889674052943198124e+00,6.029615238443195580e-01,5.876237399818037943e+00,1.466164453110092136e+00,7.179038925480950573e-01,5.505411551126019098e+00,1.246110001413604840e+00,1.179641260069523412e+00,3.523585912331888004e-01,1.268416382358606098e+00,6.001688758026069159e+00,4.987185014769803360e+00,4.297964050343111353e+00,5.236753899520791400e+00,1.240437344437534506e+00,4.888639855008847235e-02,3.097066053866516455e+00,5.491497001961457514e+00,1.969413926333046350e+00,5.618667480412295134e+00,4.852133621434229660e+00,6.331181078258392603e+00,5.007423125426328170e+00,4.259766115147939125e+00,4.225429749691548054e+00,1.253816277384153022e+00,8.572004815820747359e-01,4.986959684791524516e+00,2.835757970346061141e-01,2.651403603832153122e-01
1.263028977648820828e+00,1.801838074509223286e+00,5.172553189582781208e+00,1.301995358892241050e+00,5.220346639019897594e+00,1.155534398856213008e+00,6.299483499064929326e+00,9.445803664023406654e-01,6.723851583517494568e+00,5.093341400887891446e+00,3.473648550953234437e+00,5.053492405682993294e-01,6.219673933754268802e+00,2.837276310918218414e+00,5.477660551645012532e+00,2.154035941399988774e-01,2.033693640114753176e-01,1.904088481660901611e+00,4.223391462392070750e+00,5.953584798727604266e+00,5.410892699170760878e+00,1.350161338153408330e+00,2.523727625860175294e+00,1.132345683350993282e+00,1.166906121753608527e+00,4.968513124217688315e-01,1.122444415665730499e+00,5.499135497321616661e+00,5.221933363365335978e+00,6.816292650304593082e+00,4.851024168230102518e+00,3.506101194428561385e+00,3.834318375797262313e+00,1.229811652769684738e+00,5.546586641443339794e+00,4.641869239268036296e+00,6.186421900336674939e-01,4.427115496450571897e+00,6.035425924239239848e+00,5.126369099248123895e+00,2.155984984224901257e-01,2.053293653619294723e-01,4.460419324793996054e-01,1.259243057584852110e+00,7.774408441018484384e-01,6.816037299420328877e-01,1.767080561551989781e+00,2.711042843788481704e+00,3.858863067520677870e+00,9.964334581330865914e-01,9.182191541452976447e-01,7.948955072078969231e-01,2.432410836718315927e+00,6.630449805836491350e+00,5.604077532989276911e+00,5.032906238854322201e-01,6.831254066921801815e+00,1.525034987179326951e+00,6.231826024750344306e-01,1.404845905771454184e+00,1.672021823840256660e+00,3.815331582297593727e+00,4.073838102270419981e+00,2.456074520381067661e+00,7.570494900969665375e-01,5.283021756734394003e-01,5.808975723459635532e+00,3.056378059848127160e-01,5.529176420057764219e+00,6.870998966901337823e+00,5.927668701101698190e+00,1.097551349353051986e+00,5.081308972930524970e-01,2.617287660466521615e+00,4.510291442907501391e+00,5.018022814667620679e+00,6.913943224357313788e+00,4.448278636835437005e+00,1.005914245199019730e+00,2.015275898264991650e+00,4.161421919971894035e+00,4.549396303640323325e+00,4.290417532559608560e+00,2.194983500990104197e+00,4.174925254618711001e+00,8.239636954271956082e-01,3.498938144080489199e+00,1.311902653508083549e-01,6.773860865713769996e-01,2.647375629710604361e+00,2.832478723389784125e-01,2.269881861520944177e+00,4.388769542486208763e+00,6.503553031970359832e+00,5.513346912322411697e+00,5.276836721927902207e-01,9.890254693111453221e-01,8.232064248471845369e-01,4.353414688266021848e+00,6.460463545077758107e-01
2.008013532983881522e+00,5.893194511180901429e+00,1.505429779950039126e+00,3.609412291674599871e+00,3.945092339651603552e+00,4.745078892811326554e+00,3.305724583543230288e+00,1.552874391403962218e+00,3.493310765685214925e+00,1.019707189337769826e+00,6.703495706594336134e+00,3.701874548258670128e-01,1.307897574465814117e+00,4.420500682239929091e+00,1.148914112281317124e+00,5.113985352911814886e+00,1.312550020273397289e+00,3.275736633348136806e+00,4.063182001086291351e+00,1.869694768156076492e+00,3.795288446710049168e+00,2.134162374523636441e+00,3.130511445868253251e+00,4.102460143539233606e+00,4.472448113469290831e+00,6.174393486368801476e+00,5.177119187061722805e+00,3.287105865015495176e+00,4.052704216187170694e+00,6.533395503515102121e+00,5.087085098332144284e+00,4.909054279905589624e+00,3.218821429073753571e+00,6.293343647404475050e+00,7.726182080513050110e+00,4.215019474930511656e+00,7.170623021764226390e-01,5.529099692111396180e+00,4.654927720602850094e+00,1.329602648577129731e+00,5.480839519211253119e+00,5.968366938093034868e+00,1.069548789879137374e+00,4.574524758116198520e+00,5.059198370774607767e+00,4.385328636918032430e+00,3.780082592678721820e+00,4.097175066095374518e+00,5.095370617800463187e+00,6.410112282550723961e+00,6.463952863180291164e-01,4.169125537779954982e+00,7.912275455181555728e+00,3.191421428358392376e+00,5.190556335218949435e+00,6.968200394636863138e+00,1.523238173427118980e+00,1.485456540943882686e+00,1.232784144803889648e+00,1.241774537801510592e+00,7.937741027683566930e-01,8.320202794507449706e-01,5.583542042990977450e+00,6.187146976121660202e+00,3.140962633297401663e+00,1.415101164412711610e+00,5.690149223115646748e+00,1.115489743983558490e+00,2.269638634457652460e-01,2.015514609200812490e+00,3.929306757444271936e-01,4.706697338520276830e+00,1.064661229679712440e+00,6.083857273593315185e+00,2.194693896757648144e+00,4.003140927188880482e+00,4.580693710721658540e+00,5.014478095630888532e+00,5.636224590775589682e+00,3.407901140755040359e+00,2.460741849534655579e+00,4.194998402464706899e+00,3.744470173913372335e+00,4.388666375430972266e+00,6.186525468129341121e+00,3.668354672180873521e+00,3.001738718053370114e+00,1.957908176520593679e+00,4.798889386018019287e+00,2.023030106635948400e+00,5.318153897150343923e+00,6.430746439424584793e+00,5.097627597031730851e-01,5.405707708886732021e+00,4.858721634233279296e+00,4.691048026785861857e+00,1.182000860883273718e+00,1.441744859517073873e+00,6.357643118747349220e+00,4.803151315121163556e-01
5.484420458824398992e+00,3.199965540989924140e-01,1.936001948245999582e+00,1.356538454179099240e-01,3.744739955528325837e+00,4.528883151212576230e+00,5.281713932945034884e+00,4.902781479071048887e-01,3.297918748150583390e-01,1.196152053152204076e+00,1.603813864568667924e+00,1.276434784573061920e+00,5.478602250593970879e+00,5.467191438664098513e+00,5.774857096068381601e+00,4.547070351846853598e+00,4.249499389423625040e+00,7.047882881802388866e+00,1.016464322382388152e+00,5.537025893449969871e+00,6.355245382073640315e+00,5.339332078978833440e-01,5.063133516785631727e+00,4.622679847964076272e-01,4.541044091476440947e+00,3.058631239541574898e-01,5.886214768329987024e+00,5.710855595334075829e+00,1.087007186261373937e+00,1.677567990886200677e-01,5.951529952700806980e-02,5.250293746472603829e+00,3.715380075436134355e+00,4.099628300524055469e+00,4.409999234274961211e+00,5.973756876995725662e+00,3.209226139962723323e+00,9.578492878681862388e-01,9.875011100552775201e-01,4.160764592036678700e+00,6.881061903492629916e+00,1.791985709973360041e+00,3.941980128224913393e-01,1.322260115752600163e+00,7.131969794707533339e+00,4.726255233971400571e+00,6.570142913353786085e+00,4.175535717295416838e+00,7.007816277583904352e+00,5.731002870918044501e+00,4.442543125275096649e+00,5.663127549580925901e+00,8.900618712449153147e-01,7.308081559943294669e-01,2.044776120611046188e+00,4.254925051153464644e+00,1.539693796988816921e-02,3.778807963813666237e-01,5.901286651327286581e-01,1.389990969318544156e-01,1.102388509762168844e-01,7.492606630060873130e+00,3.162726695818591338e+00,4.109822374843051129e+00,2.107761227068247312e+00,3.997882997304596842e+00,4.356631169141330417e+00,4.301553754644816152e+00,4.067668041671785417e+00,5.211362534038501693e+00,2.059768559031669888e+00,1.015608909948266581e+00,4.615518696109848662e+00,1.598055308116629103e+00,5.394341736539413290e+00,5.278652364886097459e+00,4.215674201805841292e+00,3.135207059576668343e+00,1.292489709251488206e+00,2.075154344926161798e+00,5.468644184880895764e+00,4.547425522206996362e+00,3.201044927247248761e+00,1.837175223433869409e+00,1.247323520475607905e+00,6.133234734215205819e+00,5.008375072102404957e+00,2.374584142605481674e+00,4.152833328766934784e+00,5.436513859663496540e-01,3.596022415971623865e+00,3.055997336111953455e+00,4.282277425976608320e+00,4.399605002901331163e-01,2.512334244557523633e-02,8.773070621085781173e-01,2.244056373467756771e+00,5.322559033277393326e+00,3.706461939973201281e-01,6.012940704345906440e+00
3.865473707948966720e+00,4.074463711398548682e+00,3.898356702404491170e+00,1.837678505953648234e-01,7.085109583634059405e+00,5.351756011868189056e+00,3.971971325722018165e+00,5.393303434086193171e+00,5.823484802785664272e+00,3.860796011774835890e+00,4.124030377735140362e+00,2.289022369566259263e-01,5.929734413690814776e+00,5.438586579998859527e+00,4.905492212792956774e-01,4.072064504689091535e+00,2.882369131188566858e+00,2.167813791768431031e+00,5.393519746681381122e+00,4.976852258737383128e-01,2.580529387606082636e+00,8.345613431485903178e-01,7.245693299953666511e+00,5.882612223095182280e+00,6.926507471243484204e+00,4.610001795186482454e+00,5.345747449372773019e+00,5.156769985449016325e+00,4.993300836238528717e+00,7.038682146271376894e+00,4.714907642525122178e+00,4.780359786498898700e+00,7.021867539569388583e+00,1.314612999321375097e-01,5.504431156549736137e+00,3.472237584342331429e-01,5.185828788772301579e+00,5.125277003184780078e+00,5.942969904522634295e+00,2.374160529891425675e+00,3.255909084231216166e+00,6.918896350961373898e+00,4.709194637302424269e+00,5.916524489094978634e+00,6.317990090549285398e+00,1.232802278866540480e+00,5.155276861344129102e+00,1.547326538227968840e+00,5.528791041756731417e+00,6.469643761492528178e+00,3.321010693367788313e+00,5.762921566820669028e+00,1.498442137307255839e+00,5.288000958000097285e+00,6.892870453075740755e+00,6.104247916511157612e+00,1.292397361067541439e+00,4.099539887342228184e+00,4.281109471904400721e+00,1.105731139230983429e+00,5.104362588666639944e+00,5.177138021275241364e+00,9.705367774931913383e-01,1.477285681914955129e+00,4.401868775001254175e-01,1.117936182793471511e+00,4.602253853908583325e-01,1.989834110060395567e-01,1.471654455145110507e-01,6.049534601871792816e+00,1.294945386794182252e+00,4.108540647728965212e+00,3.085649854546642645e-01,4.775814871806214335e+00,1.500776421340006994e+00,5.845392182597679565e-01,5.241001816350957299e+00,4.093908164786660642e+00,6.952056323766822032e+00,3.697185691667585594e+00,7.286777812425883738e+00,6.328699721308788106e+00,5.359337671204761122e+00,6.170356671513344438e+00,1.997550106038589401e+00,5.743686265083165488e+00,3.598387993348173719e+00,2.998331892847033942e+00,5.394898409848833509e+00,5.856176436820782483e-01,1.083483018165619871e+00,4.230030706448209443e+00,4.807083550039824793e+00,5.836257130651303804e+00,1.263930586314516713e+00,4.267856677315325697e+00,7.519615180829034351e+00,5.979854784862006056e+00,4.435990133564177818e+00,6.810435657291612266e+00
1.148433813016032090e+00,5.731044816594177860e+00,1.985253793784358400e+00,1.567037378172794426e+00,5.302843710659701948e+00,6.470192127235691260e+00,3.043945070563992550e-01,2.798250445832179967e-01,3.435984029818204277e+00,8.544496289548527690e-01,1.650809134497959185e+00,9.431430534711955360e-01,1.453435323908045529e+00,5.633671550240809900e+00,8.148541801175296584e+00,1.018371344524016342e+00,9.142745245232104523e-01,2.568117148131284999e+00,8.649520251875153498e-01,5.225374722386754156e-01,4.876614421299568569e+00,1.278346385203827040e+00,7.525896924120973885e-01,1.030852990838184713e-01,5.252149524335647079e+00,6.559859664731020334e-01,2.229585788163493287e+00,8.476913437278136287e-01,8.455726015795957951e-01,1.963752375082123081e+00,7.631197413908829219e+00,2.253109951064312888e+00,4.538075350895884874e-01,5.858113645984045270e+00,3.186934265867944482e+00,8.941631742876156252e+00,3.947512025620914855e+00,1.227968632357756551e-01,1.496969577208493218e+00,3.619525930888523035e+00,5.596694783491181546e+00,4.518870357185586606e+00,5.723770876886518089e-01,6.483458029003075218e+00,8.556729464094181559e-02,1.597979870426944116e+00,6.860215835218648195e+00,7.905480433550327035e-01,5.861514892861343640e+00,5.458228136433767475e+00,5.297463436369831413e+00,1.247927464733759262e+00,5.194999879248241470e+00,1.015734255518829343e+00,1.048020545420349059e+00,1.619408074218611659e+00,3.165714106146313433e+00,5.966866243107353807e-01,5.699285858490750201e+00,5.929650612777818353e+00,1.955933399173683807e+00,4.578546285958253748e+00,4.367039396136262575e+00,1.215067993775970301e+00,3.393444733817381653e+00,5.892317734352043868e-01,5.087069132343364330e+00,2.775029186042913931e+00,6.516570758849429268e+00,5.944825489767728843e-01,5.333907442766087748e+00,1.060838543471924744e+00,1.126423472990694563e+00,1.070893357650449573e+00,1.262998844050085001e-01,1.155883794931132247e+00,4.786116483939384381e+00,4.397116751308534965e+00,5.237849442563724089e+00,2.957762280705944047e+00,6.221776658195132370e+00,1.599912182718496112e+00,2.318917522913656271e+00,6.378713013084236216e-02,4.181780286579834804e-01,5.025982829081607761e+00,6.094707054367733079e+00,4.521666881509595726e+00,6.756177486854004322e+00,1.891326057247368908e-01,3.012346228839007267e+00,5.613662992504798943e+00,3.114660977809799114e+00,5.846940579777990976e+00,8.638970711432170546e+00,6.596771618565631101e+00,5.575585685748341014e-01,6.679220857180576232e+00,3.658706372325254641e+00,1.013550774830154655e+00
2.662357862272550779e-01,3.830820676372577616e+00,5.376731093299556008e+00,2.741049572849855842e+00,1.912565393968719274e+00,3.656430544979114572e+00,1.269780587420980211e+00,1.528048757605538377e+00,4.505200372536711129e+00,1.479376517202978247e+00,5.952513627567895149e+00,7.573809093925750524e+00,6.287469506109509609e+00,1.466411329825415999e+00,2.258915926554305731e-01,1.087979561234014847e+00,5.418965928675490318e+00,4.948744252570023150e+00,6.074521512977283599e+00,1.911564403686282887e+00,6.545074548267963976e+00,1.001601399485620547e+00,2.101677138033143155e+00,5.895415495930500072e+00,5.018545427709615758e+00,9.878857276508101748e-02,2.674102611045703348e+00,9.774187103469550442e-01,8.082170547848249953e+00,4.582632270159855636e+00,5.474362792065328165e+00,8.123726553701438036e-01,7.261044783036038730e+00,6.722235033086654266e-01,6.923212482526613920e-01,4.379634761300672530e-01,4.062202635943281237e+00,5.293602624187771610e+00,8.808936944722624007e-01,5.914187937875104772e+00,4.090116860808684862e+00,5.550154960936304338e-01,1.059931363078734146e+00,4.388259218748764567e+00,4.322122454812276970e+00,6.589396901445238264e+00,2.134985668139854464e+00,5.020667036579591347e+00,5.038335627789175319e+00,5.487286118772287669e-01,4.500562761172732351e+00,1.537079379759876963e-01,5.187254461705541608e-01,1.537549851495828568e+00,6.202046003156107545e-01,3.381445339635110070e+00,4.700966353132352893e+00,5.850208526664626874e+00,8.005733118044567220e+00,1.309705153179362647e+00,6.461093039741133026e+00,2.271740277829190635e-01,5.149613395452064424e+00,3.601551866640844590e+00,5.476473356478640753e+00,1.737696357716300710e-02,6.113998767657597533e+00,4.696483019119458646e+00,1.837299292839563725e-01,4.163661248046612862e+00,8.541955030445995689e-01,2.181923676960438652e+00,2.377370381261373344e-01,5.008581893564285181e+00,6.774874482836807932e-01,2.367746197549394083e-01,4.593755801387907844e+00,2.948767334566743115e-01,2.887650704522800593e-01,9.516146705856058929e-01,5.437412032277798568e-01,5.278656920561328292e+00,6.957796540040931177e+00,8.797228906342531296e-01,2.119899323106223754e+00,7.444249286739799132e-01,4.261959813268794139e-01,6.278841159784473547e+00,5.155814022171229638e+00,2.769429477603044809e+00,5.136138772637531602e+00,6.285861595032610438e+00,2.574015092911502434e-01,5.993371028538253320e+00,2.399950218144734082e-01,6.028276884861551110e+00,4.822583132164700581e-01,2.603467824073217862e+00,9.564366740871799166e-03,9.964974606483578690e-02
5.575409087899728000e+00,3.230831757154852824e+00,6.065644897919002076e+00,6.323418294648419646e+00,1.513735885726908315e+00,6.948623801363047470e+00,5.719181994714174877e+00,3.871069833337188015e+00,6.188541743977597598e+00,1.125454163027766796e+00,5.406700057836839157e+00,5.202156288131702944e+00,3.091556356907626313e+00,6.540770106753118540e+00,4.821845021266297771e+00,4.259477426946849832e+00,3.731696627284254664e+00,5.415977792390663126e+00,5.711877283084860757e+00,2.939147963228735172e+00,4.359109360391450139e+00,4.979187373102978320e+00,1.675779194156393981e+00,7.086531895780381340e+00,1.636248899205509755e+00,5.617716843001787197e+00,2.712470800989112085e+00,5.783070123636591120e+00,4.358785887544637916e+00,4.496157644559632516e+00,1.911744037348502401e+00,5.632894998311142487e+00,1.874635616971804586e+00,1.140154979594802942e+00,5.636185097505414632e+00,2.250089957521246298e-01,4.405701103693883347e+00,7.062194172835813966e+00,1.164030300006127172e+00,3.159534098125110546e+00,1.311684439863974205e+00,1.503564373984471736e-01,4.914419722445007466e+00,1.510563426895202621e+00,5.878160442036284294e+00,6.193347093296066141e+00,1.793437221534299741e-01,4.677404514215755427e+00,3.444871236420744331e+00,3.585138378977577034e+00,7.555116510065273960e-01,5.465072530106821702e+00,5.875761918718835908e+00,2.291637747838819461e-01,7.925919404447453687e+00,4.024048642179971491e-01,6.713239482482239673e+00,2.575445374644809604e+00,9.179046153383940698e-03,5.293844859055126584e+00,1.527055284328648233e+00,2.328483365859177479e+00,4.443449617848711952e+00,3.412042438523431809e+00,5.535141019137927998e+00,6.886476612751815551e+00,4.540812699335944558e+00,2.895497611776289837e-01,1.875172369658090199e-01,3.751037961031273849e-01,5.382820221673206618e+00,1.051939809970454442e+00,5.102824845485679717e+00,1.030652847294958319e+00,9.100607315090043503e-01,5.716814842352787807e+00,1.194921224475273158e+00,6.257275262995412923e+00,3.389299394000146570e+00,5.586957002834651576e-01,1.465870017191221120e+00,5.997299192873620122e+00,4.010186952383053338e+00,4.332165812273919059e+00,1.217525184487556755e-01,2.169448878412150172e-02,6.085927806921380245e+00,5.308325139129190795e+00,4.730419963463682320e-01,3.719656182035019132e+00,7.609549619482669947e+00,4.729662940814510108e+00,1.175071837506391548e+00,6.731080698662735173e+00,2.065337723497117750e+00,5.260371942786376209e+00,3.144775414641288513e+00,2.155271534786573184e+00,3.429046590794008420e+00,1.692657929513832871e+00
1.092853639987265923e+00,2.711760120438967636e+00,3.839219010187230552e+00,9.007383908358574942e-01,4.710316732824956887e+00,5.940570975785437469e+00,1.002193301686063798e+00,1.677849926820630166e+00,4.038769315161271578e+00,9.179585640003239400e-01,5.632343630653761757e+00,6.768142124796292514e-01,4.274799526377120351e+00,6.364352473493394058e+00,1.275767068223235601e+00,4.670797884444624515e+00,3.962051967008227926e+00,4.047564526102808813e+00,6.291499739418707549e+00,1.433205661283608823e+00,5.754133515150535949e+00,5.212781568013893363e+00,1.826376987136246521e+00,5.134759066889972523e+00,6.388161423989709320e+00,4.836309642525801422e+00,3.574161564332004382e+00,5.409324630218842245e+00,2.730924829459571157e+00,3.315199150261732619e+00,6.898586910527667371e+00,1.759156476393594071e-01,5.075730363254075783e+00,4.001546496617573112e+00,4.949358903282387701e+00,5.456828651315889012e+00,5.893544267826874794e+00,4.311474476506598208e+00,1.841681141578320302e+00,5.844084787933489622e+00,5.179289419430352481e+00,5.538595975160706786e+00,4.452541604536968123e+00,5.907617309290988938e-01,7.132411786823788624e+00,2.009375755735473668e+00,1.539184384843813813e+00,5.632936906081480899e+00,6.055391924885074495e+00,3.870815781542952028e+00,4.080956192137042748e+00,7.064349091625136801e+00,6.251582029897264636e-01,6.062210576023787212e+00,2.367323512488869852e+00,1.005355794080721621e+00,5.767832150484810683e+00,4.343465609607383371e+00,4.377046688342016267e+00,5.166274451722657979e+00,5.245074420894370704e+00,5.166729661887258018e+00,4.502719495961574836e+00,1.209121090339162485e-01,4.881691809207442390e+00,5.901400151358179968e+00,1.446293095896315384e+00,4.701326384776089995e+00,7.026032997214775033e-01,2.318298015119136579e+00,6.281761206365015227e+00,3.966572977258210120e+00,1.897810121119239524e+00,5.158638220910276573e+00,5.935510201477245396e+00,2.549873443361525549e-01,1.426964784351954840e+00,6.223121833199649622e+00,9.650591486077197967e-01,5.206532912879852759e+00,4.012337462332948412e+00,1.360339951588974916e+00,4.898212019831540864e+00,4.361934580361214842e+00,5.231399640129381190e+00,5.978717375670797196e+00,3.111968074218617986e+00,6.142927261882524803e+00,3.431456555277814235e+00,6.840704754810709165e-01,9.384740167252170195e-01,4.998460587083634721e+00,1.469200184354318761e+00,3.306495681641044904e+00,5.045068413924937545e+00,9.398257120667152797e-02,4.488280893517577752e-01,2.666178440303663688e-01,5.166450840853908488e+00,4.254918888247402720e+00
5.184918560403307453e+00,4.446612098438605720e+00,5.692717328953367684e+00,4.799441360595618988e+00,8.729197281892798088e+00,5.088750801500562915e+00,6.584075613313578046e+00,6.412039531611912757e+00,6.766520339464449307e+00,5.683301454028316435e+00,6.861198906374912809e+00,7.215265689876408928e+00,9.124954795603311686e-01,5.073436059373443996e+00,5.632804732177602247e+00,4.134027132965814033e+00,1.619336961997548396e+00,1.536136503238294537e-01,5.314024004638596921e+00,7.653317082997961318e-01,5.697589338157490468e-01,2.735809669911436481e-01,5.867418532877233694e+00,4.592091423934253847e+00,6.275646469630120627e-01,3.886204732567830611e+00,5.272665492184994029e+00,5.784709203854026427e+00,1.118056326262434563e+00,7.120263407747826179e+00,7.429996709348843709e+00,2.280764360518324763e-01,1.195821223329992522e-01,3.825138645482423883e+00,5.802802060318415833e+00,5.033015172080610888e+00,1.000881703737425132e-01,6.406627147076698670e+00,1.532474962990844958e+00,1.618311574945926701e+00,7.151508157230498597e+00,1.200633320009622862e+00,1.876764230963820612e+00,2.042335725287641068e+00,5.791769005945138105e+00,8.153556033621971011e+00,3.723845468987426077e+00,3.135254208353959626e+00,5.239268700941130952e+00,4.101496425044835803e+00,4.615622908828163062e+00,6.799931524450591347e+00,4.958588605916244063e+00,4.866024098002936782e+00,8.801186184738505336e-01,4.006612516262858747e+00,4.508075260378909377e+00,6.457802743761018149e+00,5.151509010351285944e+00,3.536609844992026019e+00,1.592073627682849324e+00,5.170546993163508631e+00,5.695989038456287012e+00,4.131196694233072009e+00,1.092431472875521337e-01,4.325937241096328378e+00,4.495864705344798651e+00,3.937711193069869164e+00,5.887928070475138220e+00,4.566824427170842471e-01,4.224022906390801912e-01,5.048148035592410210e+00,3.472852907668249944e+00,1.223000305856676295e-01,4.636923477162927298e+00,5.385434993069035059e+00,2.880281988922472891e-02,3.028552133950835668e+00,8.766593680523093735e-01,4.505646852389177504e+00,6.041341574805560555e+00,5.154547989466498947e+00,1.230216243795335895e+00,3.197040817955967285e+00,2.287725719500888211e+00,6.119397779484451405e+00,7.021950822416712867e+00,4.650826055181875418e+00,7.009618043951981292e+00,5.843656147012557867e+00,5.266839426437094573e+00,6.631175285351869064e+00,7.696522718412996955e-01,4.217241655410860268e+00,4.551254082204444273e+00,1.189224584203979029e+00,2.647945903035217041e-01,1.787173422921056520e+00,6.821584059241599718e+00,3.135507886348026130e+00
6.249136195353653278e+00,8.716939794781366491e-01,6.854961972709755491e-01,5.656828642528808349e-01,5.223173168865027804e+00,3.204583940254595031e-01,1.634399915437043216e+00,2.140483174083129825e+00,8.484074649322387307e-01,1.311225973297754033e+00,6.463887011141598471e+00,1.216914943154796980e+00,6.319484599565570182e-01,3.058734238577190734e+00,6.461282151302618626e-01,2.544214963782329253e+00,5.619672396141745629e+00,6.797583541282553377e+00,5.819062892741488469e+00,5.414828855067006508e+00,4.427849128431320835e+00,6.545465669896506355e-01,6.324548834619486470e+00,5.019822479253248204e+00,5.902655750809766566e+00,4.531032959177253794e+00,4.997184366869724670e+00,3.144863501793261573e+00,1.090671889976550846e+00,5.405762556590005374e+00,9.961506061341619533e-01,2.076490093752923372e+00,5.339452563136100949e+00,8.416537470159901613e-02,4.338261484377635702e-01,1.668062518301125507e-01,2.492348331245149984e-01,2.428938843433841477e+00,1.933288870399171078e+00,1.227423776658666643e+00,6.002270195033489131e+00,4.476381808649323446e+00,5.524428044098632640e-01,4.908753912975886813e+00,1.189973172531301193e+00,4.611797684806566267e+00,2.253798193082846346e+00,5.148690666972251861e+00,6.315708406182334755e+00,7.796453763565680539e-01,3.580886450247426467e+00,2.544308794941333218e+00,1.557173649799483917e+00,4.921058259989376182e+00,6.776058807978319720e+00,3.050951637498139135e+00,1.428308631524098260e+00,7.043741294336758330e-01,5.001622120887963874e+00,5.087858410712406965e+00,4.680003718549786029e+00,4.038675014756592851e+00,1.561899909829141508e+00,1.065284602362473576e+00,4.548381485070283503e+00,6.040254180318102684e+00,5.699999302418063962e+00,3.848874127938391787e+00,4.397377398119944658e+00,5.270244488700007501e+00,8.607968006361601532e-01,5.417704177090739037e+00,1.167723937523050370e+00,1.475623893702623590e+00,8.246110010835339121e-01,2.556751810474487741e+00,5.188616050802942858e+00,4.244454339617502292e+00,5.969484505337574909e+00,1.246537219418675901e+00,3.198264152157987983e+00,1.893043255617878451e+00,5.396234119863582812e+00,4.145578615265696598e+00,1.065624938584495585e+00,2.605916516688557394e+00,2.933377933753200661e+00,1.119670441755767909e-01,5.116167187373378056e+00,6.271380595701354643e+00,2.101936651292044544e+00,7.535431558602412316e-02,3.246469054839309809e+00,2.062331760605438102e-01,6.453776898263718920e-01,8.178500284031827716e-01,4.882489196891475203e+00,7.108797904900476805e-02,2.262682956798793832e-01,5.555649598194720706e-01
6.158246061356567935e+00,9.746684573820832975e-01,3.644513719327505008e+00,7.727523309973503007e-01,8.830723954529677844e-01,6.990801966137050183e-01,2.134539228363393271e+00,4.808870102474664954e+00,3.418123755277364229e+00,5.020434310062774408e+00,4.504929104861941092e+00,6.488247623818405030e-01,1.247367369151245686e+00,4.512651237449762931e+00,6.677846327649535896e-01,3.990752589023702335e+00,4.567553528318542888e+00,4.011792360242677269e+00,6.021312259823964119e+00,3.864056782812078872e+00,3.594429691707811125e-01,2.245813954430833093e+00,2.164395615030576536e-01,5.327678260107856723e+00,7.342054407260989457e-02,6.054203854950715780e+00,5.340137564323593544e+00,5.359134202449168605e+00,5.289623939560635257e+00,4.389611931869077388e+00,6.073412325695231040e+00,4.807964811122960924e+00,1.989700441901818273e-01,4.981412036863752668e-01,5.325231737634431362e+00,8.567895666687380896e+00,5.266431718319823929e+00,4.154946804513918401e+00,7.696589001814384545e+00,4.748978587515363614e+00,1.824579852169956329e-01,2.622755804276771130e+00,5.353267421238919965e+00,1.299078477327417769e-01,3.117341631676570302e+00,1.212062342759301581e+00,8.780421469505450549e-02,4.756888727973217712e+00,5.558201245938069412e+00,9.415531598419655257e-01,3.831201353956530387e+00,8.408288232563885245e+00,5.426179554382910553e+00,2.310152722149192428e+00,5.641571012629380988e+00,5.230724930683947171e+00,1.614004782983087916e+00,4.426871112420458942e+00,6.168872055564309953e+00,6.131990474980336892e+00,1.238480892881529183e+00,5.628277642503969336e-01,9.693757931796471716e-01,3.408050140286153606e+00,5.834150984624903558e+00,1.769233725968362148e+00,4.114888611129170481e-01,5.911805675357070911e+00,5.664070694666431649e+00,6.466828202533614345e-02,4.009007409960334556e+00,3.611127850841748810e+00,6.306261062893998570e-01,3.464432454182609700e+00,5.909151966514967214e+00,5.433043430846055344e+00,6.400978729561121128e+00,7.173223081797296174e+00,2.628952541951873334e-01,5.862119220860986246e+00,3.324756757297731014e+00,1.292663241984929767e+00,3.862457587888512567e-01,4.079574964454472763e+00,6.628301131500434096e+00,5.274719731941741152e+00,7.300064318045550671e+00,6.954659134906535201e+00,5.003584321591393547e+00,5.276408126047993363e+00,5.484938192337718732e+00,3.138853917137299554e+00,5.944561898559090451e+00,5.104344056794276163e+00,2.086160308742444514e+00,5.208122706032295213e+00,5.627887754548403620e+00,2.690139306692901133e+00,1.124588610085417439e-01,4.292225564594845721e+00
1.041751044637082124e+00,5.415986258440106393e-01,1.963539962335627997e+00,1.258333877294410375e+00,2.229540876989040576e+00,8.714310335014444631e-01,1.307634673294425731e+00,7.322693036146193712e+00,5.857021488328877368e-01,1.901050606422539424e+00,1.881842207142474965e+00,5.211235927919204869e+00,8.599256181555919865e-01,4.458821676313644566e+00,3.229064849322796915e-01,5.167076025718422727e+00,4.182372603761908003e-01,4.614740110344115465e+00,1.652195433527711366e+00,4.586880321675955718e-01,1.390192579761533542e+00,5.061871313605969647e+00,5.460429329077876037e-01,1.796852378226651226e+00,7.343690300950959093e-01,4.200431247016880754e+00,2.651601621020842181e+00,6.103814733764731493e+00,5.644209797187922373e-01,6.662514225085481634e+00,4.973122203906851446e+00,5.602343717007930435e-01,4.984527419559286798e+00,1.154603931457689470e+00,3.727297021198986648e+00,5.642497254448739952e+00,1.875264552933937567e+00,1.040206656205350910e+00,5.184248261319845952e-02,5.192587493831883450e+00,7.550182707434131224e+00,1.327141820785193271e+00,5.655933395236691474e+00,3.648973527102905123e+00,1.632167479260416609e+00,3.465552491263887980e-01,2.418412726401001578e+00,5.044590842283769305e+00,6.062355381207231275e+00,5.117099861728758192e+00,4.952308204882571729e+00,5.158194853425676740e+00,7.053096527326403020e+00,4.408492552066919146e+00,5.216738480208222839e+00,4.586302611095409709e-01,4.460379265475422628e+00,4.017873587847166306e+00,5.725621796780584027e+00,1.770321743266938253e+00,6.101951613530087748e-02,1.401419217537964057e+00,3.700695209063511903e+00,3.086376059460010257e+00,4.939557383025333648e-01,5.392239269820438885e+00,1.084841579606429463e+00,5.520270889623125399e+00,1.057593280403757996e-01,5.153844226649717086e+00,1.029961520511148754e+00,8.013007632511581768e-01,5.351049812072041778e-01,6.405103872559724465e+00,2.014121769319849875e-01,6.351303931399288061e+00,4.722610465515215239e+00,3.639700159807127688e-01,1.550229847620993473e+00,2.490370188999167844e+00,7.214109660872286334e+00,8.321840777359472696e-01,9.912026197656448323e-01,3.936572099750195619e+00,4.264432232300325865e+00,6.722219599118766986e+00,1.028260035656460181e+00,7.702418456540225833e+00,2.364209956195099327e+00,2.214627688036026054e-01,3.953268741403680231e+00,4.137825559914611873e+00,7.099472606618299153e+00,5.569340877340290596e+00,1.016455295556292659e+00,4.271809896172884535e+00,5.768829021887443176e+00,5.197854204716545468e+00,2.142033410819006001e+00,1.439041776094369451e+00
5.229726094885287502e+00,6.109256359468703934e+00,4.158205275559748060e+00,3.578656017405051237e+00,3.000505533106982092e+00,4.818844511376935813e+00,1.576244124941660996e+00,1.197139000675197851e+00,2.935584848588263185e+00,4.605519392034248760e+00,6.493248893620808815e+00,4.451752149437490758e+00,1.201247612870405490e+00,5.905512972642352754e-01,4.475097646747945745e+00,8.774019206720046204e-01,5.195029470798510074e-01,6.695156480715511726e-01,5.117290087946539501e+00,1.544475274577611357e+00,1.088023429028499578e+00,4.728354566907309042e-01,4.680531601598924674e+00,5.348311170700740469e+00,5.156397011647903206e+00,6.790355806768262781e+00,5.481552538366421423e+00,3.490783529906243299e+00,2.285048076944285356e+00,6.329595140632527261e+00,1.000163069953377892e+00,7.709145793917770106e+00,5.745599171403094729e+00,5.884052347757902979e+00,3.763625340674070507e-02,1.924869881699449392e+00,5.167789575729993423e+00,3.479201461075135171e+00,5.505449588143425999e+00,5.801793772112143088e+00,7.192065728126975088e-01,5.478904457874152811e+00,7.426906722784568871e+00,7.363233577689540788e-01,5.453107412626865269e+00,2.068671318356142486e+00,2.260483973519261003e+00,3.187582066302778738e-01,3.315061887487126935e+00,2.957746333342374356e+00,1.968715156212927475e+00,4.309827721396000122e+00,1.186419010183261680e+00,5.934220432140305590e+00,4.396869705954392415e+00,7.317826124487209150e+00,3.026266783056756893e-01,4.352053819163838710e+00,5.840752689539264964e+00,4.597809671765112682e+00,3.462463959543147229e-01,1.925506525910430256e+00,4.637416568085805935e-03,4.704921961067068281e+00,6.978382729797190542e+00,3.722636747358037956e-01,1.174682142225262904e-01,1.805681914261946241e+00,7.328520714688806059e+00,6.158737664584667648e+00,5.409806879921381650e+00,3.315084176218856538e+00,6.305092169627638299e+00,1.860242453686583364e+00,2.005116823888832833e+00,4.395803709477752008e+00,1.850916547001463908e+00,1.223591487448965287e+00,7.424056854872386424e+00,6.990543727201601332e-01,2.634738226181234655e+00,1.980650285155185486e-01,5.863943385374518869e+00,3.287886991497202871e+00,4.836358418464751452e+00,4.715076185537884434e+00,4.708480941845985868e+00,6.068978689600996290e+00,5.338636398964705876e+00,3.401100973040413145e+00,6.034544856449985950e+00,6.571162120073368307e+00,1.353043185604480225e+00,5.597716607310294634e+00,5.002593396045085683e+00,4.288220607199339618e+00,7.911832729892642746e-01,5.768222408222244191e+00,1.699768352030381902e-01,7.019999612708816006e-02
5.596832508712813237e+00,6.215675994782649205e+00,6.128500379858052405e+00,2.952816960352259157e-01,2.781775152844750298e+00,6.754694333501438663e+00,2.048778007433110560e+00,5.053418803001279436e+00,1.128684350528992297e-01,1.342454348365969885e+00,1.671644983871442669e+00,1.070837969323679140e+00,1.863675504986068709e+00,1.258275298792506547e+00,6.519334439521713875e+00,7.719113570678892700e-01,3.058885858394944535e+00,2.265667819065597222e+00,4.043416949881583733e+00,4.449786930294610698e+00,1.120001704742298543e+00,6.430122773914495049e+00,5.637572182915546293e+00,8.412159250253674614e-01,4.031970480855402883e+00,1.622009031989988692e+00,4.757809421802503103e+00,1.039469965814686869e+00,4.520640232140843651e+00,6.761440503434920757e+00,6.394205969697065228e+00,2.469529730875865692e-01,3.378281067490878975e+00,1.271809597590090934e+00,5.623864333459398068e+00,9.206283083325659256e-01,4.548448733680976019e+00,7.945313852728363102e+00,6.074178332068936648e+00,3.312618323296100398e-01,3.816342199876686436e+00,5.223074819357616860e+00,2.777294107982943849e-01,5.979138520833990889e-01,3.581152455372698995e+00,1.312223903923275259e+00,1.629141644795409682e+00,1.240186975651241585e+00,5.625130000620938375e+00,1.252717972077223685e+00,1.720900745095476303e+00,1.546071715089994747e+00,2.970906005799567762e+00,6.847727711555128494e+00,4.236639857980338597e+00,4.457917459627479317e+00,5.442402547976740834e+00,1.262322999250060640e+00,9.993594970609276373e-01,8.111242049054804282e-01,3.006271327361731416e-02,7.438776464397376387e+00,1.840481669479489879e+00,4.799039964351825560e-03,7.414264808331992640e+00,1.792968485870843676e+00,2.068838273441565789e+00,4.575090538622018421e+00,2.303172541463930356e-01,1.938523394505152764e-01,6.158092413785618557e-01,4.135310347180769952e+00,8.234794555374002067e-01,3.269358138456408547e+00,4.418958811625643079e+00,1.344319613867242857e+00,1.142319675215155872e+00,1.553860680959031626e-01,1.159155791527164414e+00,3.356378541034461538e-01,6.018493449607966284e+00,1.826517789428657057e+00,4.651180628564168806e+00,3.157420525363095365e+00,6.572964356646230577e+00,1.072296929977495372e+00,1.011790986467511200e+00,2.005346438693536015e+00,9.688954891661771818e-03,3.859519588959803293e+00,1.438728428649985069e+00,1.904856171541201793e+00,1.877593394858326770e+00,5.743720667214977205e+00,7.440750260840123254e+00,5.043145303256764578e+00,5.524566542773348132e+00,4.129731542928253063e+00,7.389618676191747060e-01,1.547811040736862820e-01
7.739175674324653142e-01,1.811876164034325498e+00,1.500975036396141604e+00,1.440143532608910037e+00,1.204707216249135682e-01,7.081070353895710934e-01,2.398589117830285389e-02,5.454029951675915200e+00,4.682964524914609683e+00,6.099997696876568121e+00,6.570454348802805100e+00,1.678896011228580454e+00,2.383186506195780652e+00,1.541865423423702808e-01,1.257838773976105440e+00,4.560399930561020554e+00,5.678196815550448306e+00,4.704198303031271067e+00,1.890982079767920432e+00,1.740942717629678782e-02,5.890745414699802396e+00,4.375746968164781592e+00,7.754960886582746848e-01,8.375635017940992189e-01,1.569342963969567517e+00,2.075645771827154817e-01,1.724961623294631874e-01,5.213622451531783497e+00,9.871684379690321975e-01,7.467990652314402844e+00,3.821945186223826951e+00,3.313061871265026159e-01,5.091047073898259612e+00,2.200535712232879249e+00,6.046620129538458954e+00,4.219628342010280697e+00,2.601479725121430331e+00,7.831400114352087272e-01,5.166296200701570029e+00,5.256492052297717876e+00,2.163436100247057237e+00,6.589952302929102501e+00,6.663008904324191128e+00,2.052948537220139258e+00,9.118287409040354285e-01,4.113379174762553880e+00,4.088573022877741714e+00,9.091793134385210973e-01,3.269347157146542671e+00,2.740814124552226616e-01,3.146961100349470630e+00,2.281848166138291667e-01,2.807422506629241532e+00,3.175775582357698745e+00,1.818842111283085927e+00,5.891125700502151119e+00,6.244629809440329637e+00,3.995806184142259188e+00,1.567503677936831430e+00,1.560843666510549177e+00,3.338960923324390873e+00,6.977701000925518926e+00,3.423185159923304965e+00,5.169068962467951778e+00,6.328908370082048762e+00,7.419841350519742029e+00,4.386930567366868594e+00,9.562345023767606644e-01,6.448715528776761019e+00,1.529782204561162207e+00,2.572974413246832404e-01,1.011936394625793767e+00,1.714920177481947583e+00,3.898308629757987198e+00,4.712211837275351201e+00,6.558955562394769956e+00,2.203850817782130100e+00,5.597183613781051559e-01,3.010922822216760331e+00,3.053566938716414825e+00,5.329762125465135725e+00,2.888412380661466106e+00,4.881202776289637058e+00,4.830289620824953722e+00,4.473710878059621088e+00,7.203059105713908394e+00,4.732281619889668889e+00,4.635690433453415693e+00,9.842753255632108456e-02,2.879461134320744797e+00,5.432724884216396433e+00,5.691297933532350584e+00,5.141616720914902849e+00,4.133986744194262819e+00,1.163679088101799319e+00,1.332222516942347834e+00,1.836531863503177986e-01,2.453091877629054895e+00,8.880273524887465353e-01,1.428513819129940021e+00
1.491736422669958539e+00,7.639603936047256738e-02,6.052374634089826344e+00,4.546218388002988497e+00,1.554955320181675926e+00,2.511212437752183835e+00,9.953876615840395736e-02,5.088624333303966907e+00,3.611057909126178522e+00,2.006724348364844479e-01,4.151158453012153693e+00,1.344203593935584973e+00,1.207855260950410070e-01,4.087777937926423633e+00,5.946722048603559685e+00,4.884873461944710948e-01,1.608522565657138692e+00,3.224154797218025337e+00,3.421268333472092582e+00,4.322297602199865807e+00,3.219844973944248068e-01,1.612065724956914803e+00,1.213315086988641101e-01,4.700129746532244468e+00,9.016065697844257709e-01,3.209660454495055326e+00,4.483474064821233007e+00,5.378190075356004130e+00,6.642982833263739728e+00,1.689414796162143961e+00,2.000388035598661407e+00,5.108229961878038239e+00,5.920302946783039921e+00,6.522806177082754786e+00,5.360299569139527875e+00,1.107232383438069512e+00,4.962218668853841663e+00,5.383703990776075088e+00,2.138628931564718894e+00,1.616350029958921741e+00,3.437343395175190608e+00,2.011843229866070892e+00,1.137588449728953455e+00,6.531934429770324790e+00,5.767385790314110139e+00,5.308027862015107790e-01,2.522731046853157189e-01,3.177853543484944865e+00,4.936443080415735096e+00,4.247547494292323034e-01,5.701302583376540056e+00,6.610079449733664569e-01,3.596984178476645422e-01,4.451539195040879804e+00,1.108780399630923341e+00,7.322827336545763011e-01,3.600937844253842002e+00,3.131237700955185055e-01,2.610021492431622292e-01,5.805771287901206890e-01,1.539934777437897750e+00,1.450805129840573304e-01,1.427311112929598780e+00,5.661245057190693153e+00,4.725508345780084163e+00,3.067643033432221333e+00,5.333663682710358067e+00,7.803351711384905798e+00,3.576533348540036350e+00,2.491460698870231916e+00,7.122188907136179026e+00,1.330246140440410452e+00,2.772664859056204190e-01,1.543266162453361456e+00,5.784054309212807610e+00,1.669642785589353640e-01,4.815403199183619920e-01,1.026648989851279836e+00,4.258653280735868130e+00,1.516217236233071919e+00,6.230640588058109053e+00,4.799400784064382641e-01,5.794250410757062042e+00,5.746278298882300462e+00,6.332210048774462585e+00,5.659389573924512362e+00,6.414643385593254976e-01,5.943000822290683161e+00,3.847016236845589354e+00,3.493318820503570343e+00,5.155639268176480883e+00,1.741745834912755475e+00,1.222321834589778167e+00,6.073562244971194346e+00,2.631492917057962622e-01,7.061691266913902254e+00,5.989746607830927161e+00,5.620311546784552803e+00,4.672070633596533185e+00,5.928870416965033030e+00
7.363060877462263676e+00,5.130567168080896856e+00,3.921547455641074542e+00,3.684669597239447647e+00,5.223508922484819905e+00,1.623277214577481864e+00,1.782321284436759967e+00,4.680757547707171895e+00,5.421509110720872826e+00,3.519258151935147794e+00,4.344059503102297715e-01,5.105633526919991505e-01,9.893579506084864139e-01,6.924375737116783114e+00,7.323602136667473061e-01,6.341328671745918300e+00,1.814760955514963525e+00,5.126283627608845705e+00,3.838980784528391421e+00,5.093813213451102051e+00,1.607140365057138087e+00,4.389261849549644934e-01,6.648092790758591164e+00,5.069593959059139898e+00,5.897446647212056803e-01,1.228939323663749139e-01,3.287544539506239261e+00,4.257249645538641047e+00,5.165779454966454409e+00,4.611912387999250740e+00,5.376738469739537507e+00,8.050957687020209974e+00,4.298341552032582058e+00,8.118410520166275957e-01,5.539147141030722921e+00,4.409283855078719228e+00,2.120482524489135656e+00,5.172088222581451289e-01,1.174507101580367419e+00,6.354317213094314631e+00,1.550478352133317639e-01,5.009482711948068712e+00,1.128149798016638616e+00,1.539494744761620071e+00,3.702480151017267129e+00,4.499909180985382839e+00,3.536741156492727800e+00,4.132152928594013730e+00,9.350054174856717859e-01,1.445771110410971616e+00,1.064531767877614499e-01,5.525269906825766242e+00,1.331383050319792760e+00,1.209765790538841257e+00,1.371296338483424027e+00,6.771854333444171203e+00,7.220157011901240374e-02,8.028232666035615139e+00,6.049566466783342200e+00,3.448086273097402898e+00,5.311944702648654371e+00,4.042636475838883747e+00,6.854286580394759909e+00,3.245345897406155089e+00,1.137244697714940633e+00,1.632307732593814009e-01,6.273415371321238609e+00,3.850086513272943822e+00,4.252872372968746539e+00,1.551685464246399526e+00,6.229039341677510500e+00,4.799144378355159724e+00,4.316733464376538265e+00,5.466591509808295335e+00,3.163862596761790602e-01,5.157071873585748811e+00,6.350675928742152365e+00,6.685026225854422854e+00,4.666026031733645496e+00,4.888477531865058623e-01,6.070716003727591570e+00,1.210585991435489728e+00,4.532150454569706000e+00,5.666889764097790660e+00,2.120684320631574860e+00,7.001411494404252700e+00,5.248188600533854498e+00,5.505744003175815138e+00,5.006425444173566497e+00,2.055000626177868384e+00,3.932855117378112553e+00,3.252593858415085970e-01,4.426775869539334440e-02,6.067368715865116613e+00,1.969917027961863631e+00,2.009665659940423676e+00,1.122622936475667910e+00,4.565299402704948051e+00,1.476855103636606437e+00,6.032970378808513168e+00
4.994826236231319605e+00,4.059577617837648589e+00,5.103828830271451622e+00,1.251577568166060805e+00,3.298893319328375817e+00,3.937892933319057320e+00,7.338615080778525979e+00,2.351596255105801170e-01,7.957412072706128159e-01,5.385972409692103113e+00,6.205955091149694347e+00,4.145616933461206521e+00,6.473381714213344296e+00,3.783443338986306470e-01,6.576925486231977036e-02,3.902803318350927420e+00,1.977336891073711689e+00,1.918280242875483932e+00,1.178456698705523831e+00,3.429862020184215599e-02,1.243789370266393579e+00,5.837446777884060189e+00,5.927242378091905017e+00,1.248823741393563447e+00,6.494551230297789246e+00,2.151266510562517276e+00,5.348976564813581192e+00,1.501571364310949619e+00,5.501668375023658797e+00,2.598677586287426955e+00,7.438608780278432420e+00,1.746118041708451418e+00,5.052967523010651441e+00,6.566033771614978143e+00,5.075290707896556341e+00,7.154633086682448351e+00,3.160784159538671201e+00,5.990821124191244351e+00,3.098746652417613934e+00,4.468110010271784560e+00,5.813254761862284070e+00,5.203512481480954577e+00,6.263838535107479011e+00,5.463733713618542431e+00,1.176771631926182948e+00,6.227300258602368466e-01,5.983858069267455448e+00,5.149227505499517576e+00,4.216262343943673940e+00,4.973534521411771436e+00,4.106734705478265468e+00,7.842872531490463484e-01,4.235909047310716602e+00,3.858013511336353396e+00,1.311164588966545530e+00,1.664091174860176547e+00,1.314829489570526366e+00,5.256058255266646384e+00,6.020954662050159278e+00,6.373584606933242469e+00,2.082308409356997903e+00,4.149149984863356178e-01,6.416548000341441238e+00,3.396621112893742023e+00,6.023454666446695249e+00,1.392792556380366698e+00,5.331307444365985582e+00,1.183462312586824439e+00,9.837053572215583852e-01,5.074850867498627238e+00,5.108633128761432829e+00,6.156647496938413511e+00,3.659808965784653534e+00,8.896048669121695562e-01,7.019395670363524964e+00,5.126830170495935590e+00,4.641035545888924752e+00,3.523076598276565718e+00,3.386284937309884224e+00,4.331853229740566746e+00,3.721853047849863927e+00,3.063560012128105026e+00,6.592431820273997545e+00,1.600278157312991389e+00,1.592249946234367552e+00,8.826328021456401052e-01,3.430434940243420883e+00,6.005567147881687440e-01,4.173586318420916541e+00,5.042354819083627593e-01,5.682860591221872149e+00,4.678248833700148879e+00,5.907274047770048497e+00,5.209779236202776609e+00,3.681418309995986515e+00,5.324961571250293346e+00,4.404957023767583024e+00,6.214105170606926798e+00,6.602333890175202669e+00,2.228278313026384350e+00
4.100472745591825507e-01,2.843481923797722688e-01,5.878415318998278849e+00,2.937177627067910635e-02,3.212952408129121196e+00,3.384439072541967075e+00,6.658426958692242437e+00,6.539231189393177601e-01,5.571826578720315837e-01,5.377742406243601891e+00,5.256290554823698002e+00,5.473643532377402643e+00,5.672910446458406142e+00,7.928685451451316091e-01,1.285083957436245150e+00,3.837629486161280301e+00,8.511963927336840818e-02,3.384365028732391867e+00,5.631366108475972965e+00,4.061425091703842583e+00,1.073661951710681128e+00,6.945950170778316668e-01,1.120740575265298133e+00,2.096376753373057511e+00,2.064355290307840818e+00,7.366081342031337797e+00,3.377789035557350772e+00,3.475883258193525061e-01,1.555769442576557804e-01,4.056900763282908606e+00,6.358191888513918144e+00,2.214461933120357440e-01,3.974616865526451548e+00,5.123709016171593689e-01,7.040947574381721807e+00,4.045292740175500334e+00,7.360080279742611253e+00,4.530081830917264796e+00,2.704447814651620430e-01,5.029880943361945356e+00,5.372724706065676870e+00,6.708366356296660005e-01,1.596954022057624822e+00,3.025757456771626108e-01,1.803811441745405197e+00,2.900137137775159246e+00,1.347431738009946756e+00,4.003005089926083393e+00,3.020315952966908135e+00,3.992370178469667241e+00,1.211251123893168913e+00,1.222772864401600490e+00,1.923876172124485251e+00,7.066611269093917791e+00,4.332612644560878135e-01,3.520198378917977156e+00,1.991047312962638705e+00,5.450602441823098943e+00,2.211432706014540894e+00,1.704461756748365975e+00,5.103624787798437978e+00,9.329397802849775934e-01,3.470579542099048176e-01,8.760601746084342167e-01,3.640529384518553790e-02,1.091067594524029793e+00,1.348573701009912806e+00,1.320709319550734229e+00,6.872080769955510871e-01,3.182376937549371565e+00,1.817334724929793310e-01,7.335355746658708931e+00,3.502617988483833766e+00,1.373876409245048391e-01,2.923568141398730447e+00,6.250542675574733309e+00,1.204558735145712545e+00,4.271264613854877545e+00,5.483685418238168907e+00,6.121214327315157577e-01,5.334107330099760347e+00,6.645646739931299063e-02,1.588372318641083858e+00,7.616801469421388138e-01,2.586995614865463367e+00,1.127056234732947138e-01,7.274329519015093837e+00,1.675742851384938614e+00,1.347210986366614183e+00,4.383638493703269745e+00,7.566822065079514825e-02,2.288567188901113880e+00,1.263035731850002730e+00,3.979280352679151367e+00,2.307789437598889215e+00,5.705721281335407458e-02,2.428146247621018716e+00,6.004736891319912395e+00,2.380741680913995850e+00,5.540522079282859114e-01
