6.020061782911168002e+00,1.145080785107195354e-01,9.045976073324972333e+00,4.654834916676637846e+00,6.768178335872641060e-01,3.916067744444059251e+00,5.312175308991247125e-01,2.006979624885043556e+00,7.306839204979952207e+00,3.632277058846232087e+00,7.263530254211773673e+00,6.465700946724764364e+00,1.631246954507890479e+00,1.337164911362294095e-01,5.062274326639007782e+00,3.434775808179220569e+00,8.095125235684974996e+00,1.315180329016258032e+00,6.242431863596268116e+00,1.659337538629145570e+00,6.827448302843158956e+00,5.270855302230727624e+00,6.540053582991895098e+00,2.565409871330317504e+00,4.568404978684699635e+00,6.023124827741042076e+00,3.754482585169460318e+00,1.253176063569937160e+00,1.537156648945005255e+00,6.312781746605292454e+00,1.154879066797399823e+00,3.390981414324794940e+00,8.780833154412002628e+00,1.156713160165704579e+00,6.005869770792942042e+00,4.632353054040240892e+00,3.942296558721309019e+00,6.200542080702684089e+00,4.152152132836043563e+00,5.425863647720675864e+00,4.482477939854652149e+00,4.849474978934606995e-01,5.474359398903273721e+00,5.259864310208186566e+00,7.184481802196576616e+00,5.383249577009835640e+00,5.373984184485206761e+00,3.147796725175292742e+00,7.489199308497975771e-01,5.678419322308775108e+00,6.008321425086839085e+00,7.056823874602322633e+00,7.643007041988708394e+00,7.181649725121596717e+00,1.595447599336056843e+00,6.676412905025078892e+00,7.386156398018250968e+00,1.354613410570650656e+00,5.073887392132245822e+00,3.374754677389260049e+00,6.195010888754605816e+00,5.015364088084733218e+00,7.942524577325225099e-01,8.174893931242892542e-01,1.120703331452275631e+00,8.622974976000172376e+00,1.506271799256618360e+00,6.998382693468354621e-01,1.347429918369704716e-01,6.801695981544382263e+00,6.210892025685869733e+00,5.609843485682333153e+00,4.187848051126119131e+00,8.705248241403035436e+00,5.930286484747302467e-01,3.558352325210313971e+00,1.271873254518273821e+00,3.832658079390541594e+00,8.670167730876618961e-01,1.501409444138608329e+00,4.556393424589675334e+00,4.885560634689493753e+00,5.946829874189496046e+00,4.510534524970628567e+00,6.031847160203584579e+00,4.618023216201205816e-01,1.709024573643754374e+00,1.010715973634165321e+00,1.666321004852479470e+00,5.187023187611041752e-01,6.834095521504672810e-01,5.542247603549181001e+00,6.193476649419912938e+00,6.154970225006437978e+00,9.966439097750903198e-01,6.190669549769429736e+00,2.765579007519649579e-01,4.453328018241808017e+00,5.202829179787527458e+00,5.121386728641436292e+00
6.949863845797168427e-01,6.015189187227544032e+00,6.177054668447458319e+00,2.956267810790151440e+00,5.912898753051902823e-01,2.648404940303554778e-01,2.183592504816503244e+00,4.179562410328224509e+00,6.600064659443520831e-01,1.944781331490056164e+00,4.433848126567593084e+00,1.463460636871343423e+00,6.578520366620854709e-02,1.969000039666085389e+00,3.896438172499500752e+00,5.771960860214486733e-01,1.005628244396629567e+00,6.232707203128423856e+00,6.608175576799289352e+00,6.167530319591105759e+00,1.306010797617628061e+00,8.533976905963656101e-01,6.275877066978545749e-01,1.333301877419084125e+00,5.027447427679576641e-01,1.042958365390447062e+00,2.285854111960459623e+00,7.482349454319303206e+00,7.030695284667103362e-01,7.392520288566844400e+00,5.923280732190987052e+00,7.019370649034468279e+00,6.224687660090792107e+00,4.137674925496027001e+00,3.964707365270233819e+00,1.744103603789489698e-01,1.020204145141051066e+00,3.782963959740416326e-01,8.377270257536144626e-01,3.940283711747435635e+00,2.645376813189453280e+00,1.277716118782441956e+00,5.085723123393646183e+00,6.303180164814886410e+00,1.122549657843073145e+00,1.045503814713018897e+00,4.851979470672088013e+00,1.009551277937670299e-01,4.065421480772658747e+00,7.676258097859850693e+00,8.418152744532889642e+00,2.075749056584467844e+00,5.881856934536069392e-01,3.565234457931515166e+00,5.618401233349462842e+00,5.757903977634810211e+00,3.455346141509176849e-01,6.655441379219200204e-01,2.348636988285323746e+00,2.661084808283520342e-02,1.788510366518154981e+00,5.967506718813984534e+00,3.664081692808266677e+00,2.015302753619424347e+00,1.335854940319624484e+00,2.390610690090364976e+00,3.112497547690774802e+00,1.051954668055293141e+00,1.350719520360783577e+00,4.307740760553130599e+00,1.967098351130867728e+00,3.917710400016711780e+00,8.058640514904107377e+00,3.260051660362607295e-01,2.089388983140120892e+00,2.137711310152404565e+00,2.961922510497899452e+00,1.728324882443639243e+00,4.086753247270815237e+00,6.318061057719265072e+00,3.465911752110395483e+00,6.901887708485636708e+00,6.119035739951998565e+00,5.506083184591375357e+00,6.312625063512200541e-02,6.584413474429130275e+00,3.780712336348738489e+00,4.270149656085183709e-01,6.755487456060050633e+00,5.325096539782514515e-01,2.956866505451538618e-01,4.137094307141870431e+00,5.112026987142338719e+00,9.360120578009443193e-01,7.168636530522823236e+00,6.458748496333402755e+00,7.199917272484214203e-01,2.078572882076385575e+00,4.536452182681445677e+00,2.486559871781429010e+00
1.503458112438575078e+00,6.672401600208226924e+00,8.239838173951814504e-01,3.710648646888905500e-01,1.503467529422923832e+00,7.607385070769392854e+00,1.736156651956131558e+00,1.516670717922895761e+00,6.285543194697982283e-01,5.219337754507268556e+00,5.301190823824960319e+00,6.581504009858216264e+00,7.010478216600275481e+00,4.479476099983787485e+00,9.451874384178005073e-01,5.010179050389264255e+00,4.278362255151582083e-01,4.311812307266738031e+00,7.600279500802031851e-02,5.420250014101316793e+00,7.149993016461617668e-01,4.075390575405183569e+00,4.120719435902950423e+00,8.811403634747235758e-01,5.855961846205904209e+00,1.041602643774454995e+00,1.590199932962401697e-01,5.981680057599085831e-01,2.073913400767540161e+00,6.336415417245261139e+00,1.706075424986150502e+00,1.119978820615258330e+00,4.177621330555750134e+00,5.448907526098940579e+00,5.781825290373949322e+00,4.044721623406724476e+00,4.013247294066416337e+00,6.402817738601544129e+00,8.460257206787469286e+00,8.018099343835336512e-01,4.143422274344390033e+00,4.106990115859342261e+00,7.272994557318815723e+00,6.823728205248269063e+00,1.098326240997986591e+00,3.029042680687354938e-02,6.283005887064748052e+00,4.603569172171626533e-01,7.324820970367009743e+00,7.694891073639912094e+00,5.345224753463638123e+00,6.049406556215302544e+00,5.891517694969106600e+00,3.105693118465394420e+00,1.651626089483264170e+00,4.950200448064564718e+00,4.370270640534882567e+00,7.018024479832533302e+00,1.310625159733985079e+00,5.519894189665693673e+00,5.122792000609055485e+00,6.275079071394285002e+00,5.291756610012193107e+00,4.597618161340994547e+00,6.271128850122599019e+00,7.343862099925731357e+00,7.273698861705219620e+00,1.405283441817299028e+00,2.362726572015417581e+00,1.236333097762354116e+00,2.188717334673955239e-01,3.682686188193108334e-01,5.080192113504893747e+00,8.708200288235440345e-01,7.771940477664196045e+00,5.879769014044159414e-01,4.387034386289958121e+00,5.002534221173792872e+00,1.354137789104062684e+00,5.061788840322964944e+00,4.183700420639993922e+00,7.210513060415007836e+00,3.438391485316960594e+00,6.624060565111406618e+00,7.638716384796111925e+00,6.628347868874416626e+00,3.394381664516997077e+00,6.889151178762666916e+00,3.503442033618210605e+00,6.816229420862707222e+00,3.930335833931001499e+00,2.166234393988097917e-01,6.364944735746210114e+00,4.671564459356297938e+00,6.918214247676240269e+00,5.609868172209830917e+00,3.019190112897524703e+00,3.143641930490195247e+00,2.137246524893056110e-01,5.751347184412810343e+00
1.583174745422599283e+00,3.166580818728549351e-01,4.444614551075342312e+00,1.632746341437509408e+00,5.506694100435923112e+00,1.972592176556879462e+00,6.908403449913507188e+00,6.418093292671903427e+00,3.991432800078480891e+00,3.379277384222130198e+00,7.505710145050749738e+00,1.320356918008498193e+00,3.276119472797627719e+00,3.445884295293458521e+00,3.456761684198728091e+00,9.834926436605607725e-01,5.457657081772706142e+00,5.887239991986698229e+00,7.100564629507887915e+00,6.862238368462755034e+00,2.955983347272296502e+00,4.792366736908086011e+00,4.447964607883565513e-01,2.030940697759502367e+00,3.306925806706937365e+00,4.770372672340004172e+00,6.300532135844334469e+00,2.481463896427905880e+00,6.666587016572692370e+00,5.867032740552568626e+00,4.349575801273854125e+00,1.077068759579668189e+00,5.462750312552374865e+00,5.330928754441686124e+00,6.655677654462261117e+00,4.974436183641101294e+00,2.541996532443258072e+00,4.944174109758316504e+00,1.582780517097070350e+00,3.505416551508797163e+00,4.194981548170211738e+00,2.990173331500153964e+00,4.144456096437041381e+00,7.890287881253339464e-01,3.872616274068431785e+00,8.041535325156043967e+00,1.484577944988637377e+00,7.094578447904917873e-01,8.063321392734381643e-01,7.449021799824365075e+00,7.625720791869838866e-01,6.352456880735040112e-01,6.275535011953196296e+00,4.056452937643391543e+00,6.179412603977915808e+00,1.650839122635031853e+00,1.654439855352238364e+00,3.020266970598470380e+00,7.604841844496639247e-01,7.815281890604378390e+00,6.813749903117122253e-01,3.761047101652045477e+00,1.924346690369589608e+00,2.547878228984196358e+00,3.417885625991210041e+00,6.973046542250478375e+00,2.540574878114211010e+00,1.450119978980431990e+00,9.012498123748813317e-02,9.307414369233069085e-02,4.573721881797150779e+00,1.285754685138430720e+00,6.038031489440941257e+00,2.157889873615017606e-01,7.931087422540013421e+00,5.377333568332524294e+00,6.818084016400726810e+00,1.694672418690266191e+00,1.906687580069584831e+00,7.137846780190122864e+00,8.052000319841326359e+00,9.077997853537222994e+00,2.553877123388904602e-01,3.636989449373544403e-01,6.449845285868153866e+00,6.408768748647035274e+00,5.131023470162388023e+00,7.590553117925994187e+00,4.465569827698127048e-01,4.959536717238561820e+00,4.507180147513144775e+00,7.352094847062613070e+00,6.113901246065549522e+00,1.130520093981975949e+00,6.141868656253484993e+00,5.028456026232831277e+00,1.156259197547341744e+00,6.244883162196539494e+00,1.283449122291683064e+00,3.439574015179609479e-01
8.655369357340369163e+00,3.912214764835801883e-01,6.751729922824947216e+00,6.607199937201393425e+00,4.567743158398230641e+00,9.033757093755548917e-01,1.798897522501601509e+00,5.167613990606946928e+00,6.552167444779858130e+00,6.312161012508350488e+00,4.816503410787202455e+00,6.321289623941911628e+00,1.021145725702595097e+00,1.308653360300161106e+00,1.949434029141472902e+00,5.153239693946657596e+00,5.109979604240819206e+00,7.267177885513885549e+00,2.852769713657548500e+00,7.095732519367715874e+00,4.445410399383755262e+00,5.376681533717286854e+00,7.919816406947536080e+00,9.059305985135449601e-01,5.143739404882982313e+00,3.326958008618243756e-01,5.443451416642075991e+00,3.659182326290316922e+00,4.190242162628855738e+00,1.181038852027802344e+00,4.078742552756391415e-01,3.145109629370707260e+00,4.748024449040080697e+00,9.653421644431985360e-01,4.543780578297754502e+00,6.702063013309633277e+00,8.007082077639131157e+00,2.513685792440742972e+00,7.865842706865120437e-01,1.031828858451914188e+00,5.980077098536530578e+00,5.040463605625027377e+00,6.537709293071393368e+00,2.177794724988204145e+00,3.201167635157853297e-02,4.765086780795743771e+00,7.947594215183094946e+00,5.701447121531327156e+00,4.371975284637126258e+00,2.530993332824169606e+00,5.150210054668117543e+00,1.809042279594308633e+00,6.257047264578484480e+00,5.725907637337757095e+00,4.148418556644260846e+00,4.665261907364234517e+00,4.568236517869461721e+00,6.752459609166440835e+00,3.601064643263621967e+00,8.997758396278808135e+00,1.364349207330797231e-01,5.803765062326847080e+00,5.015183290001957728e-01,4.124539991947265172e+00,6.453194361760363762e+00,4.752410554262302966e+00,9.005089804640761031e+00,2.575619152102459175e+00,5.753111699040943883e+00,1.737926027407910023e+00,4.412420230331239868e-01,2.402912294018236139e+00,8.961837470962927821e-01,5.038702774488282188e+00,5.173881583824748276e+00,5.297263803773967439e+00,8.132877004232778040e-01,4.293495609613195985e-01,6.677745877972778743e+00,7.469021574455948276e+00,7.284319268779736234e+00,1.022607696447934922e+00,6.571528243861447294e+00,4.343527489979078560e+00,5.777574302949105345e+00,6.231460609501403347e+00,6.867839875933269056e+00,8.792279035914738472e+00,3.628743040058955982e-01,4.324753470842105152e+00,3.522502328065311161e-01,8.508275751985560076e-01,6.660605553541082635e+00,3.247527697281106018e+00,7.742195568857606958e+00,3.494713025860350708e+00,1.567242182991142929e+00,7.410482796109542747e+00,6.642128552057291913e+00,8.021983734061051141e-01
1.166433310588330663e+00,2.401977191154345270e+00,5.004828737168531827e-01,8.611109632592592877e-01,1.690896450653099237e+00,7.509233471056528941e+00,5.554466973247164319e+00,1.452893633303649956e+00,4.311927193992874052e+00,6.031422491081896986e+00,1.962495649816453636e-02,5.810734481724209921e+00,6.397596439133524271e+00,1.213562007156927303e+00,1.632082589066977674e+00,1.319173770799295653e+00,4.597254353605563892e+00,8.862538917333222521e-01,6.097139378599763404e+00,5.540107825316219703e+00,6.631879802402173674e+00,6.063381129168705641e+00,3.162118656218321222e-01,1.741434981800521253e+00,5.045172761648390569e+00,1.075042225550629560e+00,2.545400047308099545e+00,4.155995901257741210e+00,5.121760323903539636e+00,2.596892078465130815e+00,8.681720377134573008e-01,6.397046650953597258e+00,7.302627754729162035e+00,6.018679197189745089e+00,6.023223174033535132e-01,1.060627446075599334e-01,9.115366377476750159e-01,4.335178942766539478e+00,2.272816569858168823e+00,6.653638093809717269e+00,7.792365242582346418e+00,1.296820212317199461e+00,3.556629136498233645e+00,4.936478344427481790e-01,9.087607841549271370e+00,3.226590750073496938e+00,7.134631686657876060e+00,1.237633595107347606e+00,3.524315005808952073e+00,2.948330695917678490e+00,4.753673451461997601e+00,5.169049710031363709e+00,6.737664286552532467e+00,7.020577436900377499e+00,2.297728134331932903e+00,1.167676981161567484e+00,4.891337936257659225e-01,5.339470317847578862e-01,1.820494530212610762e-01,6.991048839168265694e-01,3.215703704018074038e+00,7.709419448406996445e+00,6.887428794626367257e+00,4.941464648055902131e-01,1.232860661613184527e+00,1.823849116629256084e+00,7.028174794067671094e+00,7.512178672268718493e+00,1.470305819940348702e+00,5.172680300665584596e+00,5.435669942575225733e+00,5.475950719560354507e+00,1.953059653047277910e+00,5.120436117869278547e+00,5.417085288464495108e+00,5.017293874917711172e+00,5.448072487943460551e+00,1.431677987654564888e+00,4.629701103528960360e+00,7.815148718735205335e-01,1.614964069311916717e+00,5.543161549539035171e-01,2.970231369991772619e-01,1.436666001462260978e+00,3.444762455115151223e-01,7.228938361646085831e+00,1.893539652751962343e+00,1.019426725288851143e+00,5.828794737226447253e+00,8.566431549279919011e+00,1.691773375252215494e+00,2.342185701767235395e-01,1.200950170385236548e+00,1.376424390680068832e-01,1.625522269177781531e+00,3.044044409598939183e+00,8.739490597652357362e-01,6.923194948725670539e-01,1.230881153443974085e+00,3.333486207389181111e+00
7.075239855434662495e+00,3.921083083865847918e+00,4.661309693990997260e+00,8.321790768915757752e+00,9.889889402192248991e-01,6.022426153310743047e+00,5.457100263009719399e+00,7.265432106989369032e+00,3.133976845226594810e-01,2.498734099706652501e+00,5.566834716571953834e+00,5.521815469005957322e-01,4.873080332559470484e+00,9.567173645260481862e+00,6.682605089347684491e+00,7.087647801860660124e+00,6.005086772664309791e+00,6.111621751986564988e+00,6.552691636155993038e+00,5.883902029880066387e+00,2.247791152153813421e+00,5.317727762900227084e+00,4.518500185452733575e+00,3.022071225253307958e+00,8.541121212450769606e-01,3.047697537109010923e-01,4.710538221238556034e+00,8.517546523782442591e+00,7.478499443546211545e+00,8.498420990508598338e-01,7.684395921591044010e-01,5.713864867697004968e+00,1.184778278173804322e+00,5.397402955831513083e+00,4.531352875352474108e+00,1.612400754717379758e+00,4.738094175690541476e+00,5.826445624539085877e+00,5.782298942961132227e+00,5.265499852852791207e+00,1.972019641660081035e+00,1.543418298371133979e+00,3.801878728441566491e+00,5.399077548889008149e+00,6.826079255176670912e+00,1.302524404543134562e+00,6.185316361076451663e+00,5.385142314104266248e+00,4.056877098004418869e+00,4.259397179955213275e+00,4.761908721436149960e-01,5.571063818177021787e+00,4.802418521231974324e+00,3.621536797791261808e+00,6.290480847620345095e+00,1.713768968902722456e+00,2.119794553251689528e+00,4.283999893493096067e+00,3.619475004377221694e+00,5.791034944521801897e+00,6.820729017122697080e+00,1.504285632224639180e+00,3.520441499019661968e+00,2.614181884306316483e+00,5.063080306299250211e+00,4.646033212638386978e+00,5.075097036164874176e+00,5.282148399960322038e+00,5.131693327657125714e+00,2.118887706458718156e+00,1.054194522492383435e+00,1.979933016130721146e+00,6.273656683577590876e+00,4.040117502706634944e+00,4.988132776456682294e+00,8.299330003725379212e-01,5.141784411634798602e+00,4.660760412569906919e+00,5.530897368194098718e+00,1.716849581560696780e+00,7.487653793553408210e-01,5.248584384378101042e-01,5.538762262435069417e+00,3.186214821132240083e+00,1.882622822670511065e-01,1.567733753102074079e+00,6.309691609274119095e+00,7.402820444740546790e+00,6.118365930748888459e+00,7.259276660621464927e+00,1.196223353877688966e+00,7.125825281408907586e+00,6.414868623406977832e+00,5.759783200361018096e+00,5.825724691284411172e+00,5.356147922173615683e+00,6.578919613889874896e+00,2.244262588807329983e+00,6.117135025873055909e+00,3.288324948252336455e+00
5.158172942019219054e-01,6.602095337158454313e+00,6.508222756968979006e+00,6.397081494888523512e-02,1.331280974587674581e+00,2.279147741522986159e+00,5.720555653528096585e-01,6.094061622623248908e+00,4.176413955954702217e+00,1.081120326934016163e+00,5.726507556286360767e+00,1.175252393307235632e+00,3.836815591082107346e+00,3.311027365656904919e+00,1.726689516458264961e+00,6.566729672200196433e+00,5.431024186390226660e+00,5.913104759920067011e+00,6.317582630849631897e+00,3.991409161759734037e+00,6.749544155197870765e+00,5.642741772440708736e+00,7.067573121388676327e+00,3.956879010028425014e+00,1.799006097354111544e+00,6.651460064259143934e+00,4.831636139365405036e-01,5.395541638602412426e+00,1.469058997121063692e+00,4.334785372339089449e+00,7.491606391767360762e+00,5.211288434164862426e-01,7.089475527171122948e+00,6.292715896103312501e-01,6.072162878332866498e+00,5.073507088226419270e+00,6.046118901388891409e+00,6.358803175431726462e-01,4.360746212640320252e+00,4.341555711299507792e+00,4.238886127645476343e+00,5.123160336577536889e+00,5.813117414984759534e+00,2.111332436658017286e+00,7.309433470647985764e-02,6.129467138503839507e+00,6.808632338522548899e+00,8.198364255609908113e+00,7.155067094590340737e+00,2.817919345893283634e+00,4.295301579708239004e+00,1.089666822325162210e+00,4.835995502265097556e+00,3.650124700437730851e+00,8.631876405785874340e+00,5.158629917411746035e+00,7.005408710974631248e+00,6.649588421728065413e+00,4.366382201321603596e+00,5.446673193392605583e+00,6.354000974004546443e+00,7.276367334211865767e+00,1.101855236342285105e-01,6.641824589806464729e+00,6.191405488937835599e+00,5.004251957119164373e+00,3.649032386007653450e-01,1.163192958572459634e+00,5.571394450316883074e+00,2.101097519947761505e+00,3.864610889282913408e+00,2.325813056123567257e+00,3.769063622373063360e+00,6.872890373631179273e+00,6.821260753955298739e+00,1.127965289211685374e-02,6.330967490376112394e+00,4.776879739636470390e-01,6.336072321413277919e+00,2.300888182444358776e+00,1.689458222632969742e+00,7.052740017716396359e+00,1.104040714919325650e+00,6.858076835070577637e+00,7.442257990931074874e-01,5.035833340012705328e-01,5.227369643299946134e+00,4.030016192636469263e+00,9.501617741088049796e-01,7.128389039062525079e+00,4.659278806120862981e+00,3.652411263678577935e+00,4.426959697134555505e+00,5.395981251528386480e+00,6.947138699649699767e+00,4.791571517144861403e+00,7.761935121557599793e+00,1.040970040450505341e+00,8.074445400654113314e+00,6.337183801380108505e+00
5.227477808926361824e+00,6.613515639072672592e+00,2.229166595982841503e+00,6.145769632249890257e+00,4.521618183654462442e+00,1.661886506923512474e+00,4.745780165458081790e+00,8.589074998538521744e-01,4.607666443933137401e+00,1.326980362488578535e+00,2.140885958111575782e+00,7.818211535787259692e+00,1.727667755333133215e-01,5.515084185494908198e+00,4.134478966073126927e+00,3.144439153985760793e+00,5.689278560698988407e+00,4.921830295813032663e+00,5.173812534234785154e+00,4.205135708856326815e+00,4.949980290429288665e+00,1.010290979018603652e+00,3.391354778523809177e+00,2.462280435326979156e+00,3.636189602345790028e+00,6.116505646538382912e+00,5.728726283767733740e+00,3.257255083769310389e-01,4.336300499613636283e+00,8.027732187453757717e+00,6.454483314876357625e+00,6.517416141021085352e+00,5.780299998736672329e+00,3.198477006727386218e+00,4.809286166767242854e+00,7.629758859554980788e+00,1.405809504195086435e+00,7.291663718853901299e-01,2.452890082397855664e+00,2.615647373868531522e-01,6.375677552618329580e-01,6.692281037342425520e+00,6.835856528325641612e+00,7.551100255074998380e+00,7.704532508595073992e+00,5.568897241414387800e+00,6.460105907446596518e+00,1.154079932606982828e+00,5.321949882680881316e+00,7.325205492120874240e-01,6.154422289757878417e+00,8.308227883794488733e+00,5.369702340401530272e+00,6.506608103357290673e+00,5.418383267697826966e+00,7.068285732567165525e+00,3.134599351710055881e+00,1.006544746498069243e+00,7.610618289148300519e+00,5.168586287740447816e+00,5.224379222503019449e+00,6.776376396785974698e+00,7.466599746561477957e+00,5.726440163711797204e+00,3.191174005719028539e-01,1.472991739663841226e+00,8.399621372664485719e+00,3.144418328805007157e+00,7.559251963966894472e+00,4.838253047781009286e+00,4.059210004581812470e-01,8.397664347656487394e+00,2.786658650835759587e+00,3.164517334899015655e+00,6.403567897571747380e+00,9.318567513160558313e-02,4.444866738658475036e+00,4.750842177168975944e+00,7.363594104283590625e+00,2.179280162553256961e+00,5.072393088566126806e+00,3.149059087927893685e+00,3.448882341816153829e+00,5.165481663864920137e+00,7.583112831532758946e+00,5.723129527502123892e+00,6.459481254583489651e+00,8.110941062353481001e+00,1.411166649043381849e+00,6.315530222678214400e+00,5.066769422759432651e+00,5.497922869916733291e+00,8.397512669720295087e-01,1.373965057990034211e+00,4.802043385499905170e+00,7.655889455779592012e+00,6.225248872705115843e+00,1.164299118060408311e+00,1.221072712956937201e+00,7.024076176661720794e+00
1.063924405364928827e+00,1.022300952345444047e+00,5.980715358788460279e+00,4.264859233071707223e-01,5.726929376642448943e+00,7.024938358689576390e+00,7.534694757036406898e+00,6.239190428356291562e+00,2.228807927445892734e-01,1.061839218122253570e+00,5.640750225388950767e+00,7.045531694926259192e+00,5.837243899084539223e+00,8.295436704298843722e+00,8.323797017319393143e-01,1.728654728879894131e+00,8.159244680445914000e+00,6.046000228544557764e+00,6.725639358772209420e+00,3.990262393862988866e-01,8.702275991629235818e+00,6.772136704370709914e+00,6.682965244584277542e+00,7.897587009004134906e+00,7.556950779763576875e+00,6.312611399782536381e+00,1.622979513150204944e+00,3.226214484977376618e-01,6.696842991381604548e+00,1.579076346074851367e+00,6.404145821637794000e+00,5.612141145074907911e+00,5.232201326541087383e+00,1.447532657881186680e+00,4.625265916046251036e+00,4.572959824839519349e+00,6.335707846676754684e-01,5.004571354219854662e+00,3.411705858793329771e+00,5.246143215261362514e+00,6.412324133898943401e+00,2.342578832791533117e+00,5.489032527976509535e+00,3.409801213791491259e-01,1.108393646329166593e-01,4.473560421888200800e-01,6.210327186495868901e+00,6.857811305340244523e-01,6.278141470383417300e+00,5.521312760016884091e+00,6.518770138946273107e+00,7.350755810749494579e+00,6.546763759143704675e+00,1.033060669224121986e+00,4.290448485575564241e-01,5.286774495197082757e+00,6.444013885589293444e+00,3.161307483561679454e+00,1.626759502807721525e+00,6.671168164022179603e+00,8.718917487798867327e-01,4.429419613145419987e+00,2.048594995420468301e+00,6.721702152347341919e-01,6.894957273036537160e+00,4.856048039251966486e+00,3.614421547228334752e-01,5.396908347962517283e+00,9.369746771840555821e-01,8.773805484516147279e-01,7.109736360176858838e+00,6.875734080110069257e+00,6.644243958805688521e+00,7.371610973936157940e+00,1.264349105486263225e-01,1.421113037392416345e-01,2.327279871889284202e+00,4.292526059445742170e+00,7.029077450491004520e+00,8.002106161477819057e+00,1.969640864205746578e+00,5.394993373561325356e+00,6.192797321878014571e+00,1.027527036874837041e+00,1.068466699470317804e+00,4.867231940053322603e+00,3.375356375773499451e+00,4.778275522566641342e+00,1.552561984263140182e+00,7.910287422326630846e+00,8.607561312719254065e-01,4.299831085901667294e+00,4.679140347753851792e-01,5.566049898507654525e+00,4.168114508404744178e+00,1.687775595426469932e+00,2.474977164747265590e+00,5.152129543812129953e+00,6.324226326754489591e-01,6.752583750657048967e+00
3.987103972689325371e+00,6.398431257821497908e+00,9.008110600213164787e+00,8.581310354552611486e-01,5.301906693799102399e+00,4.451743724964287718e-01,6.581920353724740380e+00,1.688308198393789539e+00,8.819377157423746727e-01,5.649341907525224471e+00,4.487210848102503036e-01,1.104706727742524430e+00,6.340349839129091336e+00,5.963651298940982670e+00,6.338663007078606526e+00,1.723757164925210139e+00,5.950209127120004382e+00,5.806416938977956299e-01,3.697618402704283547e-01,7.081620156047936376e-01,8.332614623069693138e+00,7.103059723625816169e+00,3.302526896771075471e+00,4.679973397769250809e+00,1.435643053490882615e+00,1.914691464973819368e+00,2.336001919721207187e+00,9.202546516247226416e-01,2.555885843293459470e-01,7.962906917669178242e+00,7.767248696240184991e+00,4.186948995897412651e-01,3.744500397079224552e+00,6.009082335115845552e+00,4.206228888205778560e+00,4.752045285337199054e+00,5.674909430584872183e+00,6.075692860042694932e+00,1.384287973215164280e+00,2.985865512866401339e-01,2.339617305617108123e+00,6.023678770067466104e+00,1.574344185971832122e+00,5.763329176143499488e+00,4.348892355199931448e-01,1.146766002719951549e+00,1.320742082168569365e+00,2.045441656335165170e+00,1.759646498382899882e+00,1.107482990556048597e+00,2.520650050541124454e-01,2.181809810226929436e+00,3.033337171186005321e+00,7.014193708136397198e+00,2.095134149099503240e+00,1.684108905651114707e+00,1.371150149730130829e+00,3.332763965459902611e+00,6.497179060774680437e+00,8.860466909010096259e+00,6.312368145925482121e-01,5.449912960171241494e-01,3.688830700970604504e-01,8.518404378579230496e+00,5.322801681646378569e+00,5.554622205968833271e+00,1.856938599290275826e+00,1.770932867101299824e+00,2.833375514984878274e-01,4.079822396439399590e+00,6.312914478650977212e-01,6.471868873113317377e+00,1.309614847545360172e+00,2.632065795190747348e+00,6.895292035227086558e+00,4.482842489273575204e+00,1.383873927366755741e+00,1.678066522891272783e+00,6.079227065698053600e+00,9.801394775166327733e-01,6.464021649234849010e-01,1.024674337461316531e+00,3.256762598783795148e+00,3.893181282370885565e+00,9.713147803560651106e-01,3.750342899742517222e+00,1.319495167275053005e+00,1.575872328515131482e+00,3.314388841820469001e+00,1.318663281927212605e-01,6.760534772739386078e-01,4.954331619167401390e-01,6.459661807058899363e+00,3.575289721232085771e+00,6.689648323205613645e-01,8.088294212868576416e-01,9.864300646431360953e-01,1.390828146303590973e-01,4.346524801158624385e-02,6.595770028823238817e+00
6.189710677007573381e+00,5.209214895511961707e+00,5.247552413997728316e+00,4.610000442787037800e-01,7.709789232672304315e+00,6.482659802853645736e+00,4.384513907114440556e+00,5.853227322038166314e+00,5.619537406617286734e+00,6.040685934478805308e+00,4.486329470947825193e-01,1.111531709515195310e+00,8.912833939891503521e-01,5.475187894464248473e+00,6.749421179844165231e+00,5.720169476572753098e+00,3.794081797704654591e+00,5.819706547755131076e+00,3.442784280956955101e+00,7.681799337211832501e+00,1.945241454049585483e+00,5.982784681395448168e+00,2.125503836446074768e+00,3.047295333682489726e+00,5.200500926320872352e+00,5.542861964686423448e+00,1.163216870279879966e+00,8.672494043163975208e-01,4.894443043911528513e+00,4.750576842836752078e+00,6.424988943044822598e+00,1.312759556543888095e+00,5.536840677622550722e+00,7.170071501847421480e+00,2.674152586330368564e+00,1.925317387557043958e+00,9.657200301014470245e-01,5.960464428296050610e-01,9.171406989770458651e-02,1.265498015157497269e+00,4.377467670680742273e+00,4.768908516382633245e+00,1.039691300450289013e+00,5.123394968331308696e+00,6.165428973930001000e+00,3.171671585339896904e-01,5.862745142090769690e+00,7.254277137706930390e+00,6.310519830759259818e+00,5.876219233146210641e+00,2.307695564471725191e+00,6.516298151933431759e-01,3.416153800895260328e+00,1.048685940325697841e+00,2.083439706922576740e+00,2.723173971602943055e+00,1.632734435775960113e+00,6.385645206053792933e+00,6.119533040619415942e-01,7.907518796235264436e-01,3.177119690054286849e+00,8.968499413253480768e+00,3.078075398397607465e+00,7.138170999075619250e+00,1.445848016001356928e+00,3.706168408163336148e-01,7.804040140259719038e+00,7.538440984009584511e-01,5.164125698504908435e+00,7.096718764401946267e+00,5.114111278677305528e+00,4.348179926960392017e+00,6.669638351566737899e-01,4.264294674093530801e+00,4.759425282643198862e+00,6.702146585195785100e+00,2.358608105183939152e-01,6.483482468418508837e+00,4.768396034464561950e+00,4.452424825088862725e+00,6.081767093738052132e+00,1.175406185255911895e+00,7.178691242978787912e+00,1.972270574049410197e+00,2.836152872218559162e-01,1.169170993091869004e+00,3.607582701651681489e-01,4.498245682057765649e+00,3.283949184325101189e+00,3.323928644600158133e+00,5.565279836882622178e+00,6.657923106311510075e+00,1.533792244768234614e+00,4.805651626685694566e+00,1.607385083367727674e+00,5.704394255264106484e+00,1.772940206372410454e+00,3.389447293718958587e+00,2.196593585063573162e+00,5.372928842470264144e+00
7.175580715037039425e+00,4.909777053397489155e+00,3.229677609441112374e+00,6.151457102441486580e-01,3.115059507673281214e-01,3.134223374327694600e+00,5.516127400515948409e+00,7.055933060055830097e+00,3.296356625857087330e+00,8.937210380527996989e+00,5.242943632699509138e+00,1.318508868990048155e+00,8.140327775643774189e-02,1.415593356625190369e+00,5.034314667613513095e+00,2.131017407356559534e+00,1.712283588069506646e+00,5.724373144651249135e-01,1.607163685600463410e+00,5.414049561058758897e+00,3.440692654132902817e+00,8.115073830597233639e-01,2.733216787036307771e-03,6.495650205942069544e-01,5.036712865008261986e+00,8.778945863429610252e-02,7.444600470868697473e-01,7.164221123244980394e-01,1.078969341802979542e+00,3.918670490557011332e-01,1.556667767134492841e+00,7.975363936203089033e+00,2.017050942448528339e+00,2.223302390830939945e+00,4.703851165080712438e-01,1.279015771692217918e+00,1.901272322021569927e-01,2.736600210111230780e+00,7.175989570024555064e+00,5.861102083653626948e+00,6.991167411345087235e-01,3.100563023329809820e-01,4.314000996988355041e+00,5.647018760255539505e+00,6.596816635427929398e+00,7.946134773301732901e-01,6.032675871943806278e+00,1.276851650031250118e+00,5.846230360156376094e+00,2.114985745783816151e-01,1.896975060449793027e+00,4.022251347382769460e+00,3.214580853440617947e+00,6.532169882706930331e+00,7.386367481935049994e+00,1.271902768104554715e+00,5.075076917562860501e+00,2.880575873486388438e+00,7.099351306170973430e+00,2.778790493175105070e-01,3.286575937965783289e-01,6.670589507374957705e+00,6.610828540149032762e+00,3.059453787616097653e-01,7.963298651803258466e+00,3.453695683623893675e+00,5.642042474094302040e-01,6.574527229092541170e+00,9.242753262906290956e+00,3.111674105377389310e+00,5.779536744281745797e+00,1.707357781792112394e+00,2.138410141779281570e+00,1.827806706541098780e+00,7.947260370589001255e+00,8.816378366011738965e-01,9.674719601849450790e-01,1.098486926249524709e+00,1.365122248890031642e-01,3.634602012468310051e+00,1.596698591900922892e+00,8.568764834893830340e+00,5.792801067691510042e+00,4.178048800099390725e+00,8.701141367258081516e+00,3.687991172313867860e+00,4.169865723255841594e+00,4.253301818577161164e+00,6.399692956981119174e+00,1.352731490289071914e-02,1.186788836642834521e+00,4.280480006266804693e+00,5.008192266005941917e+00,4.543558464251801210e-01,3.235505114122390502e+00,6.279788544993627042e+00,3.491320950332085893e+00,7.902154223778516950e+00,5.492483997382171523e-01,1.471827838250262310e+00
6.658989630765562495e+00,9.240728150472016234e-01,4.628268993296403622e+00,2.566621504214486649e+00,1.185627515505887741e+00,3.956342134433644686e-01,6.740591773614829307e+00,6.303768587160108794e+00,7.650541801319496571e+00,4.793683550753533584e-01,2.390113805205245079e+00,7.738937981889779216e+00,4.416606658315071599e+00,1.394836038530140154e+00,1.464717266663017936e+00,5.661691620912161937e+00,5.722949056966107895e-01,3.626446400516356139e+00,6.354486201850404470e+00,7.534248529790442461e+00,2.022336834824150387e+00,4.542769825324924682e+00,5.631539663893226688e+00,8.215370441747430474e-01,5.708179801193878689e+00,1.218395299347649674e+00,5.310377161605417839e+00,6.390141225535900027e+00,5.756239956186581797e-01,6.807376794338260151e-01,7.807424548250226692e+00,7.770382637302875040e+00,4.177107970991933428e-01,5.386472692961335795e+00,7.255091829939512849e-01,8.593930573407504436e-01,9.916524485374128561e-01,6.614891765745412044e-01,6.092582708216519372e+00,4.123627033454813962e+00,5.151661254557455827e-01,1.013954587856686018e+00,1.309949218481916144e+00,1.832307512608290612e+00,3.409552352088967009e-01,6.278588459621196272e+00,6.000075226416202057e+00,1.631587849469047224e-01,6.503815476520846239e+00,2.670073991300764282e-01,9.000612789684825366e-01,5.601250592629873459e+00,5.074820861717594944e+00,5.237679715071775988e+00,1.286579987485112486e+00,5.844115648486902792e-01,6.794832419999645712e-01,7.848992073921856605e-01,6.896943537397338453e+00,6.217969732963833929e-01,6.119171118324448599e+00,1.110743996318459548e+00,1.189899019077585773e+00,4.972637011559376541e-01,3.790443200203734708e+00,5.069179469712196351e+00,6.730438644628558009e+00,5.634312788251318871e-01,9.592834510352614696e-01,7.141523814227082489e+00,7.074512325992172279e+00,7.601380885007290589e-01,3.931338981774600061e+00,1.853686569744728008e+00,1.477521553255324083e+00,5.288806962483928231e+00,5.108863889063282926e+00,5.797975831047577522e+00,7.783974335024755220e+00,8.058291528809768955e-02,7.229157738271240419e+00,5.649320980481054910e+00,3.984145437529807987e-01,5.004182706777894118e+00,5.619992352804606739e+00,6.458055358139438429e-01,1.100275271425710244e-02,5.342954503963268209e+00,4.400382654678692163e+00,1.574227183744402625e+00,5.008195154014343231e-01,7.714338791287929098e-01,2.405616690831333671e+00,5.494237436352492843e+00,4.532076783232903416e-01,6.037310138109370783e+00,7.735770399245964768e-01,3.487374896009972858e+00,3.245515640040127270e+00,3.572257428227454845e+00
1.743756027416464072e+00,7.914306059647697289e+00,4.901141875200766052e+00,8.235412849488916720e+00,4.977362082785245612e+00,5.340088567128621122e+00,5.378077076681273994e+00,6.181496043814389552e+00,6.845929063897870037e+00,7.539465517489633228e+00,3.198896972740413069e+00,4.050426430661643984e+00,1.299275108521283251e+00,4.198410528681877807e+00,5.332212782831583731e+00,1.205994753695417199e+00,1.999117402689699396e+00,7.224799540015306221e+00,7.505393391667641190e+00,3.019793361213020333e+00,1.911645930369772373e+00,1.561000699254999624e-01,5.963670439342691587e+00,1.402449988359490973e+00,4.003589514912961889e+00,6.278819518069382433e+00,7.741714544751481242e-01,7.176294698245985870e+00,5.055777423340416021e+00,1.885919234286784985e+00,2.342292138784647815e+00,7.563779024188226341e-01,1.476958000109412916e+00,1.292412803694520607e+00,6.791073349492866562e+00,7.437053453414283588e+00,6.905691988442438145e+00,5.982629685409025511e-01,1.103871129201672296e+00,4.820846523408514273e+00,1.188984559951653974e+00,4.615132065030790542e+00,3.217757627934397568e+00,2.255038119140797548e+00,8.577724859068218688e-01,1.990917217706491549e+00,2.339181564265380597e+00,1.372992420474342889e+00,1.332104951684892402e+00,5.465719682017641468e+00,2.698106169810678523e+00,1.289853982786011599e+00,3.208743088639769869e+00,7.719093814638502415e-01,4.540285850841623283e-01,1.717215008731818315e+00,1.074765167700768353e+00,1.956396028865173164e+00,4.972927818985207749e-01,3.163974568926751108e+00,1.562902715908854656e+00,1.173222969706251728e+00,4.446428152156283176e+00,4.768403549004356812e+00,6.316831092777649204e+00,6.205964813043651773e-02,3.232139156626902654e+00,4.048764516977598760e+00,7.511472565636687637e-01,1.951130737236262958e+00,2.185508299907743091e+00,6.140290993384868834e+00,1.623863525889468473e+00,5.918036476891938236e+00,1.839979805780281197e+00,6.393374964849714459e+00,1.573175158515946359e+00,3.117439283636723957e+00,1.409883187342592770e+00,5.204267994484677473e+00,5.297825892858476493e-01,6.706346627198068511e+00,2.142559875088712928e+00,2.041987754526932264e+00,6.546936274464687955e+00,7.287465424887196619e+00,1.633581513687314413e+00,5.847127153874526861e+00,5.863911223099408154e+00,7.793731446272767371e+00,3.541818534666435703e+00,6.450070300443005777e+00,5.347075020578448523e+00,5.648212849100111121e+00,3.606175817107156512e+00,1.486942928442271494e+00,4.771223143429800473e+00,1.331420612339718312e+00,2.100921920187752256e+00,7.347101603617499421e+00
5.912183958374169102e+00,1.216710119610677099e+00,1.041219199162175979e+00,1.927431276576927921e+00,7.362502315025607480e+00,6.250433161808230942e-01,7.983983127703010219e+00,1.073673349868760285e+00,4.499390496689801289e+00,7.519091774977381348e+00,8.345563189976832774e+00,1.076889245047374377e+00,6.022239700819850938e+00,2.068208396928179482e-01,3.471240513370683622e-01,4.232026279313799932e+00,7.551455336283470210e-01,1.323162832426279412e+00,4.394457743540994832e-01,4.858407702118809013e+00,5.670664758821214235e+00,6.623065335816614940e+00,5.539669542989414275e+00,6.238552291792517579e+00,1.886974703653987895e+00,5.453328360268294261e+00,5.210430333730744934e+00,6.888500287753062112e-01,6.371282121123305053e-01,7.491334643137337324e-02,5.979313518517400006e+00,8.484407363261219359e+00,1.640464878233411916e+00,1.281490369250149808e+00,8.253157512195720358e+00,7.289620358926008237e+00,4.636335313552335080e+00,8.023492717570459565e-01,7.971351014320164907e+00,1.572530989729648221e+00,1.704895847612230009e-01,7.264815946317340067e-01,4.162053220848246582e+00,4.257135016397117333e+00,8.642351704369879428e+00,1.024518994732390942e+00,3.554859266898814596e+00,7.771899066823477753e+00,6.241390068501544874e+00,6.708463384796052864e+00,8.587437386883074453e+00,1.062263461318782465e+00,6.946641493924920141e+00,1.232279808944481747e+00,3.330912189413344215e+00,6.507313780847723272e+00,4.686996907115219546e-01,4.476266798808998360e+00,8.000895882627741429e+00,3.467543014251371680e+00,4.917644890718753103e+00,8.043100445918884844e+00,3.587523791668291828e+00,6.540466179670705316e+00,6.130020085233143234e+00,4.077140660891144464e+00,6.329155974938888818e+00,4.248169915773786443e+00,1.766997703941722619e+00,5.301401606803904265e+00,2.349459208014721412e+00,6.090523128537533637e+00,1.518747884404321180e+00,4.362534093137570013e-01,6.677673625666680657e+00,1.032585909014396952e+00,1.223302671254888452e+00,1.004161966031847708e+00,5.227318564060199790e+00,7.015189814663058687e-02,6.462288246096742128e+00,5.801256912429936463e+00,4.436677043331333614e+00,2.406940680968158386e+00,2.130734978409016822e-01,1.087844966234621014e+00,4.779640596277023867e-01,5.404366190466760589e-01,2.111226169572566036e+00,3.021539878859515582e+00,5.691433537324460445e+00,8.337251761813988526e-01,3.498528587637189879e+00,1.281986586854126919e-01,7.257127452313776317e-01,9.229198689719442239e-01,6.829897112416825955e+00,3.722935149711585456e+00,5.800646800164306782e+00,5.716268579823978513e+00
4.509560471526689263e+00,5.593875157652522745e+00,4.106068208111670614e+00,7.443222028587189065e+00,4.037433646129110265e+00,1.458764397604374263e+00,3.083942506707329834e+00,3.389075598745011852e+00,3.158073320280022855e+00,1.603322202059421997e+00,1.403776088675848799e-01,7.154781903208066396e+00,4.766948300452125586e+00,4.141516951921566658e+00,6.343414412584166051e+00,5.322053761197779842e+00,7.868816456386282354e+00,2.501608376524070643e+00,5.686906082653202521e-01,5.404984654590159643e+00,5.389864674417972346e+00,4.863003211535086301e+00,2.327295205059496830e+00,7.273134830387324445e-01,7.587888925883201630e-02,6.003101429699690073e+00,1.790360500303267433e+00,7.735117114173033492e-01,3.580635402632459829e+00,5.065227015208369821e+00,1.443748706716399877e+00,3.018588123817727009e+00,1.543939245446381836e+00,4.833304769819761759e+00,7.136113322554590965e+00,6.156805815168866047e+00,7.766433548080454052e+00,6.245302050382092851e+00,3.716642530521492738e+00,4.315345037631752589e+00,9.849501784963181628e-01,5.409649923169080665e+00,1.528767916733407617e+00,5.318913290296788610e+00,5.388177155286830278e+00,7.635969386532972969e+00,3.971663905331044742e+00,3.855029278057315878e+00,4.417710658811651037e+00,6.163281936572152730e+00,2.467731131786813359e-01,5.267230646584051712e+00,3.970001941868580797e+00,5.558504910745334371e+00,4.111163262815208386e-01,7.802683275517457773e+00,1.714981351250696839e+00,4.267571366175391567e+00,2.228737160517425764e+00,5.999663894587687452e+00,1.287907248799165627e+00,8.722500553487353869e+00,2.029662588454194339e+00,5.916588476368213279e+00,1.548760956526593624e+00,9.186860850376463716e-01,3.878722175066107170e+00,1.760227214294629583e-02,5.300877437407141457e+00,2.231325310435077647e+00,9.557526177410016199e-01,6.693423206984074447e+00,3.016886395297414758e+00,4.547545436157260035e+00,7.050867583048896492e+00,1.221992203893281115e+00,4.788138914765750265e+00,4.769905208022869658e+00,6.469683880737495674e-01,4.083236299100081013e+00,4.781507801945883429e-02,6.159704714131232883e+00,8.621106323920633585e+00,1.013195394366708468e+00,6.923866871670978362e-01,5.685905746342074352e+00,6.616057206176386707e+00,3.327310628186638919e+00,3.571315505700761950e+00,5.857163929706548977e+00,6.777620168930047484e+00,4.738878959834389448e+00,6.536130686007688873e+00,5.103170126889475355e+00,5.286818338763021430e+00,5.771018081379134301e+00,4.316988120431947129e-01,4.650404468977421324e+00,1.794426126675876754e+00,6.943720923777934928e+00
1.929347959796070544e-01,6.589558007921911820e-01,8.757990793152832243e-01,5.635992403296079090e+00,3.858661670974474323e+00,2.216898599399879544e+00,2.127153775073657993e+00,8.017947693741280801e+00,6.055077546950061063e+00,5.698475656318787941e+00,6.010750569322985015e+00,3.648448371922063949e-02,3.405196739870609335e+00,3.684667410281106115e+00,4.145059487113053720e+00,4.328892759988231198e+00,2.664195166622391753e+00,6.051393668430298689e+00,5.390031147887980323e-01,5.086582461225401808e+00,6.329216704887631550e+00,7.309412695190586007e+00,7.311824928423932946e+00,1.559095272885742567e+00,1.677597306959802914e+00,7.850664471422271085e+00,7.292186724509117646e-01,6.093175973309606697e+00,4.027350735677569737e+00,6.607958319883855403e-01,3.083028089513313308e+00,4.451449413627019069e+00,1.796632239048358448e+00,1.362267005183743107e+00,6.036399741994560308e+00,1.979729188534256501e+00,1.410566839988923959e+00,2.430290306459853333e+00,5.885557390963294111e-01,8.518749995413300580e-01,5.224973827327143994e+00,6.908557411397312720e+00,2.453873654131645932e+00,2.953100875735858999e-02,6.107049858965680755e+00,2.161027570724440849e+00,6.179625349780200949e+00,5.333568613502416511e+00,7.458919684935070293e-01,4.398828983235794965e+00,3.364372493676444087e-01,6.356163972389381467e-01,1.262217886131643096e+00,1.060012142179685535e+00,6.160441489026755590e+00,1.610167498029905442e+00,3.861960029692401708e-02,5.530090253855241222e+00,4.791613541229430062e+00,4.585762291866562812e+00,3.777867573648454602e+00,9.336338463829852996e-01,2.526083150438596547e+00,4.670257033283858661e+00,4.213853018303245435e+00,4.363378846526060784e+00,2.153937334931571357e+00,5.087580918701359423e+00,3.744597384736651158e+00,1.471944840999141135e+00,2.794985370329720054e-01,6.933459714023224585e+00,1.440470534904285893e+00,7.797547693790323198e-01,9.993444649292613224e-01,7.889867112252652248e+00,4.609607106369031371e+00,1.968850921714240254e+00,8.779480840647590156e+00,4.835764504483877069e-01,1.069727851635378091e-01,4.456295645253858240e+00,5.339959531954763250e-03,4.610126344001930221e+00,2.646601073340363541e+00,3.665103777430352983e-01,1.244619512576645270e+00,4.846444984593846206e-01,7.359897674200784223e+00,1.407433216637538509e+00,4.041933226381699384e+00,6.220364547338243177e+00,6.224258081343636562e-03,1.664992294896398661e+00,7.962122829227943344e-01,6.511622602837550122e-01,5.988106826124102167e-01,2.671989245715734596e-01,2.597717426550461006e-02,9.692223003176103635e-01
1.712044292903249776e-01,8.348722624177087326e-01,3.032711490775233276e+00,5.897469980864366690e+00,3.448791749989967848e+00,1.582844390460423245e+00,5.952746069427377051e+00,7.164405674948980618e+00,6.681227949176689940e+00,6.970497555411703239e+00,6.702213751051473878e+00,5.825727543917674112e+00,9.470628055831658010e-01,5.677491284738212407e+00,5.878784801714593833e+00,1.107991372962952026e+00,3.839317304706923561e+00,5.851946133946521300e+00,6.866056842580682940e+00,5.777575128341559951e-01,5.669705864920546290e+00,8.138778684832361776e-01,2.310299184085498059e-01,2.481375021336891251e-01,8.575656136199174995e+00,6.023396066038170460e+00,5.235333078259386319e+00,7.129385385113340412e-01,3.957268890183778254e-01,1.656447169521326757e-01,5.011229970793425359e+00,1.082962932057902616e-01,1.871193893226634763e+00,2.529409599363052763e+00,6.808555398871226849e+00,4.838749912172118250e+00,1.292093175457922571e+00,3.033081643043879616e+00,5.232127276606534316e+00,6.225030299224477703e-01,3.061630010556097847e+00,1.441107818737150215e+00,1.137874550263644480e-01,7.989881145342426549e+00,6.490623055973024691e+00,6.524458514607274218e+00,5.059002224227135969e+00,4.628646814763472506e+00,7.546871717476709485e+00,4.552234933263550332e+00,7.387935812230978172e+00,5.228355920413735092e+00,5.145559950716674713e+00,5.055306545924418415e+00,5.196660422554222336e+00,6.138771696347493645e+00,6.986864815191288436e+00,4.285839006557191411e+00,9.816961770721811531e-01,5.544284515058103047e+00,4.247137614039832698e+00,6.126334665669027402e+00,9.031592736230520391e-01,4.277189726334325037e+00,8.583697906122780275e-01,2.427016313925976387e+00,7.528246204863540125e-01,6.767449220885414007e+00,6.166966876739665260e+00,1.203872791363856276e+00,3.857658202782974666e+00,5.573495101329717372e+00,6.968105178916179199e+00,7.267042290246129355e+00,1.521948975383636604e+00,5.680827508248016855e+00,7.654684951519739045e+00,6.847578799244734782e+00,3.844855888509941977e+00,5.642200912052780737e+00,4.557693533831722377e+00,5.168149723404995122e+00,5.060786192928025784e+00,4.072355128467751939e+00,2.824137677380369915e+00,3.629362345775389853e-01,5.743224562443848491e+00,3.637758529319370382e+00,6.670714286342050769e+00,6.506800026123309877e+00,4.670203661511513005e+00,4.168417868452897856e+00,6.619461206636479744e+00,4.606457260569820633e+00,4.920828376737100829e-01,4.414890950496740629e+00,4.212170266288776332e+00,5.632871937018482988e+00,5.701632860131287117e+00,2.587576383738680263e+00
5.169370943423203357e+00,5.802219621715931197e+00,2.035402288707879315e-01,2.126899553321601299e+00,2.508113325312330222e+00,9.958720418884993153e-01,2.099978965113612706e+00,6.809191959143056749e+00,6.577249059110515939e-01,6.034892677377444947e+00,6.041108230651414113e-01,2.792321487182261919e+00,4.904580067593189874e+00,3.518502026310313280e+00,5.617776581423026272e+00,6.739493598619647585e+00,6.023239325083578066e+00,8.735714836633436065e+00,3.908654330348540373e+00,6.373154839668145222e+00,6.615199241141263897e+00,5.656007965389264314e+00,1.709190361074311326e+00,9.193915802357215394e-01,6.006116559141172928e+00,4.017719760444485644e+00,8.084281385248875296e+00,2.229551564534625552e+00,7.835694114067415228e+00,6.197107823896563783e-02,2.987428046824125438e-02,7.520813492858568594e+00,5.292817726624477359e+00,3.120639648530907362e-01,7.640682845956313862e+00,6.876203514639186665e+00,7.838737511764191979e+00,8.916968280035270089e-01,1.416612942636701789e+00,8.127319816212240866e+00,5.052381542611386500e+00,4.676502307106700229e+00,2.695474697614655968e-01,4.304985645642539716e+00,5.295054200986137882e-01,3.155652611868413615e-01,8.003518710888206655e+00,1.897787104726274432e+00,4.647992834246352345e+00,6.458995102200319138e+00,5.377024414349402814e-01,1.508763039819588370e-01,6.415837619931760827e+00,5.665653245583893494e+00,3.389741351148966686e+00,3.625631897515122049e+00,1.844910237287793464e+00,5.080911760428278079e+00,6.022790379135345429e-02,6.319018433073769536e+00,1.121735963372336720e+00,4.609124823768915746e+00,1.361517250274468349e+00,5.674281698443861544e+00,4.451257684053922858e+00,6.725213355487868583e+00,3.179861714634346637e-01,6.634031230624033881e+00,7.300975717018548750e+00,8.363451911281051254e-01,4.154975886943637065e+00,7.405062811097320896e+00,8.896849551584922189e-01,3.910072123855408144e+00,1.828557975142115044e+00,2.839875225670981385e-01,4.750199454693226908e-01,2.841615018276102411e+00,5.929424230105440063e-01,5.452143371210762979e+00,9.926118090931977944e-01,6.132632211208852269e+00,3.597518483595677274e+00,2.283016348426688324e+00,1.078357744393398931e+00,6.057429981773134742e+00,5.268485635262473821e+00,5.253007158649484865e+00,4.356615817317182504e+00,3.672627149258369528e-01,1.319217224751957351e+00,5.761338905860325710e+00,3.125404504430688402e+00,2.666767302714078802e+00,5.364413336043110547e+00,6.428475907691887592e+00,4.295042551836103506e+00,1.921690125904318425e-02,1.783505261039217249e+00,8.976423632538924835e+00
5.088676073717037340e+00,6.455546997053014380e+00,1.807140346901753070e+00,4.501298437998743296e+00,5.805740543515931051e+00,1.200206714070900293e+00,3.906111473155623237e+00,2.707854229901418996e+00,6.274492323512114389e+00,8.457434785940751709e+00,5.734797623984109194e+00,8.639147946695879821e-01,2.026996349097445194e+00,3.971110060695282939e+00,8.212874416139371192e+00,4.226589259901589735e+00,6.080683231113358289e+00,5.257093906898005820e+00,1.336172858811681241e+00,4.570489772391935546e+00,3.708781175184099776e+00,5.715013858102455657e+00,7.173978397327989143e+00,4.807596097701408056e+00,2.127895101597019334e+00,4.432720345863602418e+00,4.710051561261118236e-01,1.854060814312645800e+00,5.661480688471081102e+00,8.210304614961721370e+00,5.412242473458657166e-01,1.484375721077734411e+00,2.631496267275129641e-01,5.136021548142938542e+00,2.254044293964460266e+00,4.820397188324058391e+00,5.717620450883799776e+00,5.565515405560011786e+00,2.173888791904345918e+00,1.903972653675746418e+00,6.077849268882995482e-02,2.345115073875841283e+00,4.915909619251685569e+00,4.386169062769808669e+00,6.307055306284662599e+00,5.737625643300354739e+00,3.667216106076609528e-01,4.740036967604440044e+00,2.011342056875440321e-01,3.648296118571834334e+00,5.236160147211305294e+00,8.321382644764756975e+00,1.825002805900728386e-01,4.757171118439069701e-01,2.460748364741434102e+00,7.154154162356880065e+00,5.660939436296446914e+00,4.067707611301059956e+00,6.959815678296663144e+00,4.543635579136029889e+00,2.172496737275344536e-01,3.545624623586896451e+00,6.830569437276883704e+00,5.912779557154488330e-01,4.655729124876286207e+00,4.303329399164799618e+00,7.857365464253202703e+00,7.925979510979219711e+00,3.904691852748992886e+00,1.749201873850601441e+00,7.389210545086090320e+00,6.540675909846962455e+00,5.242777067662347967e+00,5.863650091547933485e+00,1.828463718727284304e+00,3.426121671435853333e-01,4.851371085839591757e+00,1.544115847140920206e+00,7.848778494309492260e+00,3.704685701558739552e+00,4.093231078365335840e+00,4.148921899027548932e+00,3.976180462870853027e+00,1.129168407647180628e+00,5.806839514408049574e+00,1.466741608574637201e+00,5.050313254855987921e+00,4.685785036412480231e+00,5.493392168449301449e-01,6.382700530971596287e+00,8.190974716328851102e+00,8.578272864742583437e+00,7.133944703280890920e+00,6.561405932997049106e+00,1.455365415776635141e+00,1.675455627463890540e+00,4.174230292607594706e+00,7.108960097980959070e+00,9.380288487684850240e-01,6.811901658250681280e+00
6.599159697884351417e+00,4.107507911689597613e+00,1.610835259590831736e+00,5.475990208030394157e+00,1.316606578623285007e-01,5.517631199702282885e+00,6.997855109969623122e+00,4.909639950997242153e+00,2.091389845826680638e+00,6.484437651800368130e+00,4.539074494637512558e+00,1.493433040307750703e+00,1.016018748033514552e+00,9.425713130137957307e+00,4.997095643061782333e+00,3.558579297867566549e+00,7.851884041761006294e+00,4.463523600267270020e+00,7.263187972840879247e+00,4.134959646296463731e+00,5.542774525810345576e-01,4.326159620244355075e+00,7.061475304326486402e+00,4.834879706350672990e+00,7.415244371182671657e+00,3.774718347861299783e+00,1.580328621032025982e+00,2.854695892147725012e-01,5.163246272761934819e+00,5.059598400129162954e+00,4.377093698172975778e+00,5.908954972148633189e+00,2.844004754081825403e+00,1.954455032121422686e+00,5.559422556482804811e-01,3.076396070050699372e+00,1.852657889644693245e+00,7.895789488314923332e+00,4.258986000428540031e+00,1.392836558203415009e+00,1.703193923424095590e+00,2.290635532520046702e-01,5.242237989028724066e+00,3.380400300908743993e+00,6.670331535483679630e+00,6.242981422511906686e+00,5.879510992793206547e+00,4.639568552040397087e+00,6.953199932181089338e+00,6.023600528777548035e+00,4.661474857009888950e+00,4.098671607176204823e+00,1.508950015004200118e-01,8.811204488928522371e-01,1.826189147418961323e+00,7.346414563963972633e+00,6.187575424180974615e+00,3.937862063582818983e+00,4.933323211980217948e+00,1.331441022290311693e-01,9.439682801660971290e-01,6.513390337514586292e+00,8.972048478642523861e+00,5.484433386799520527e+00,7.086120336034086087e+00,2.335725865059869122e+00,4.348761688095439837e+00,5.542251331292469274e+00,1.788784170353936886e+00,5.153523437024857046e+00,6.866820448077861627e+00,7.274867917758923497e+00,3.332759080272536423e+00,6.759286242059733496e+00,8.130031349692067977e+00,5.116096444206713834e+00,6.546657752356434656e+00,7.746841364066006541e+00,8.201673648642467285e+00,5.258621524091078747e+00,2.314187644216236350e+00,5.926378090553792610e+00,5.323948887255638418e+00,7.386340442356226887e+00,6.952836441431939463e+00,4.332891896998423142e+00,2.209300006529957283e-02,3.651798341081459176e-01,4.097468266389727276e+00,4.465732925872532455e+00,2.045376476175172265e+00,5.118557212950722857e+00,5.785272283936721216e+00,9.187980810518168173e-01,1.644040318065588924e+00,1.901752966615593454e+00,4.903006017746314171e+00,6.726092449712822940e+00,5.070949434149953916e+00,6.075788608679424385e-01
2.228173494377816422e-01,5.441449361031628129e+00,1.780210208718823406e+00,3.053708658863940606e-02,7.232081169219993777e-01,7.060011045708425304e-01,7.671010720591574739e+00,5.530579374968638717e+00,4.945898446734881659e+00,7.554415673820280119e+00,1.019958478064980634e+00,8.272514931793204518e-01,6.160871663171139545e+00,6.588795011893662235e+00,5.516642515597357743e+00,1.290600179928931945e+00,5.622166470339089450e+00,6.073277352004085472e+00,6.916020227715923951e+00,1.509935701489807824e+00,7.040942571542460726e+00,7.071168521992660772e+00,1.509448764881062166e+00,4.665174933901118592e+00,1.374296532913686475e+00,6.874682156814503342e-01,2.098940598247192035e-01,1.012414702756115226e+00,1.958601096900705940e+00,5.326417500314480691e+00,1.911636955344230726e+00,7.447115799416010873e+00,3.988773920871706569e+00,8.014072644092998132e+00,6.986966178732446631e-01,3.478011031566243361e+00,3.239802805781111239e+00,4.293530556578359914e+00,3.796376740144241646e-01,6.519692579479902106e-01,7.413858501819015956e+00,8.399517664396707772e+00,4.746399174600346438e-01,3.603954611446021250e+00,3.008366464763179593e+00,4.045388340957876139e+00,9.652663487380617191e-01,1.848130588499683480e-01,6.916149356745771026e-01,6.234739155429989133e+00,2.983535661562656038e+00,5.685260600299842260e+00,6.916451936189371708e-02,4.622922228638407738e+00,6.519600580532489253e+00,6.547650704514285991e+00,8.126787615394395203e+00,5.166818856812628979e+00,6.244392620732032384e+00,1.155309472042178598e+00,3.738181596007358110e+00,1.480714679261475819e+00,6.270453403785797519e+00,1.868022285227256551e-01,2.054847488775580988e+00,3.769404381150078365e+00,5.259871689834290098e-01,7.325573631359998394e-01,9.822033478350049585e-01,2.760308075304454434e+00,4.322155878249489547e-01,2.918183960393774257e-01,1.023773403271784455e+00,6.830945871730569330e+00,1.705836594528706840e-01,3.404355248959446634e+00,2.206099843683231754e+00,3.939391310022125614e-01,6.844104558573604002e+00,6.021509186592226115e+00,2.636397396760439271e+00,1.054392011861603695e+00,1.712172121874095732e+00,4.448470384270670763e-01,2.051878616073845585e+00,2.647528256351967535e+00,4.296706757273280886e+00,6.398469752492161433e+00,4.600580175227280577e+00,5.330424404682897688e+00,1.260520534509790069e+00,6.299657535764913163e+00,4.526822815399286881e+00,1.531935671961955681e+00,2.325735718230567350e+00,1.307977699841131880e-01,5.905829452868450957e+00,1.256490995250042264e+00,1.777141924460509781e+00,5.338851176344814320e+00
1.257629942410164459e+00,3.685413536220385033e+00,2.228123184745913754e+00,1.007685618036992414e+00,6.542310571430471455e+00,6.965884866291844446e+00,9.346597442487681873e-01,4.354523601367802144e+00,1.391107476537692955e-01,6.196831692948179260e+00,1.074528230278305907e+00,1.642892018147350530e-01,6.543701067747691447e-01,5.813099974334455800e-01,1.869465522485758147e+00,4.024603476419536641e+00,2.638287943490126075e+00,5.852432796234918744e-01,2.113417396834730289e-01,3.161834233144513284e+00,1.522680538783010018e+00,7.661551339204089039e-01,2.104639904207377121e+00,4.208740561811033842e+00,1.294954081405641055e+00,3.449430843175291805e+00,1.026012337938762453e+00,6.552740417241229576e-01,2.745192227421465958e+00,4.864873904648213454e+00,1.384926091852782815e-01,7.619903244774316242e+00,5.477285682673086242e+00,1.964682083930920253e+00,5.689202700438547033e-01,3.182668535501955276e+00,1.146853984587792308e-02,2.546818539949373239e+00,5.397053197080444953e+00,3.516470079170544771e+00,8.837585445257165606e-01,8.993310894109274312e-01,6.357788063052575822e+00,6.513146240071888471e+00,4.431067252047068195e+00,1.425374937150106325e+00,6.350228446960793249e+00,4.360309650086547251e+00,3.373636898046754595e+00,2.166509196976841300e-01,1.753552819492585346e+00,6.121537251519071354e+00,6.954854262594439618e+00,1.542982769876023674e+00,8.393590057933540294e+00,9.542097714303208189e-01,3.925539229132466890e+00,3.530433470640502724e-01,6.528002234034622209e-01,1.092608877374457998e-01,4.124062706268732725e+00,8.239610987718076984e+00,7.235101005341203262e+00,1.433266954811521776e-01,4.743892019743153554e+00,2.194923741526209504e+00,4.327884227358452129e+00,4.663394659738653303e+00,1.356294325295599679e+00,7.876573415364303443e+00,1.484197762853666225e-01,2.454389564213648178e+00,4.546470669672771692e+00,6.199911249362628496e+00,5.461712986152546634e+00,3.277982704630293398e+00,4.535795022529065079e+00,7.907681625053551988e-01,1.449356995120226754e+00,1.504236425880177030e+00,1.259967374919581440e+00,6.592718941023496093e+00,5.781816285350528162e+00,2.358060640845707212e-01,1.420415011092664992e-01,4.933900992303244415e+00,6.606706203330143801e+00,6.650398056993894969e+00,6.885935519654126091e-01,5.952558271032881265e+00,7.771245044392344203e-01,1.518050605915850060e+00,5.760481612304715782e+00,7.174750546453157796e+00,3.121390661424067847e+00,1.650066367780895327e+00,2.465302141730446817e+00,1.732231855475160787e+00,1.591415645448035932e+00,8.068896722642818764e-01
4.241225372410578842e+00,5.862297622860797031e-01,1.050452298131074880e-01,4.236241521653477449e+00,9.459425482887443559e-01,4.535106956470697170e+00,6.020423098583117749e+00,4.241582726365795697e-01,6.389776961689019430e+00,6.708030178646714248e+00,5.936327552900411142e+00,4.406087455245055295e+00,4.941544199338329335e+00,8.439394443060580508e-01,1.389186599722344706e+00,3.826685795582666083e-01,6.239027065248870407e+00,3.515508111067672248e-01,8.564673490185867877e-01,3.495618271237669550e+00,5.357876356216928926e+00,2.825686201270609654e+00,3.726784084699360733e+00,3.611198342627299773e-01,4.003422674123922054e-01,5.671758760145347189e+00,5.209706065607657699e-01,1.131377950868658777e+00,2.182439295151365144e+00,3.905451414275453725e+00,7.190985436252852914e+00,1.653901294318704807e+00,6.101028457905960600e+00,1.086122390741144805e+00,6.463622501168331702e+00,7.378912552829580918e+00,6.079015006209958827e+00,4.377147690769944255e+00,2.963549485857197574e-01,9.092098343169634944e+00,6.596222591047229411e-01,1.112957255405407020e+00,1.805433715584441323e+00,5.599555300413713077e+00,1.582515640449495109e+00,1.700912148970295412e+00,4.994218042289262360e-01,6.000227793848019964e+00,3.884181847686360101e+00,5.598544660361408631e-01,6.748496059433801264e+00,4.869173851522641261e-01,4.960658966009512838e+00,9.114434952911891763e-01,3.543048508093461502e-01,5.089519331102601463e+00,6.238982970530054573e+00,4.488089874452228401e+00,1.501241788711177527e+00,6.053579390104076197e+00,3.963236330659931195e+00,4.174942809596541515e+00,6.143707119096709413e+00,6.868239289595356567e+00,5.442107541430207363e+00,4.469333995116134162e+00,6.915527050162340039e+00,5.151215511271429293e+00,7.367907462473631597e+00,5.123750021981085645e+00,3.506954011916959324e+00,5.021926523756038208e+00,5.431092709382774331e+00,2.135687261689798611e+00,5.755233824576879265e+00,1.304035416683513304e-02,4.695552280359681419e+00,5.518115075458470464e+00,8.164205804444890635e-02,5.935595733029133569e+00,5.681105071459987776e+00,1.626233843609005136e+00,5.134644096936436419e+00,6.508488835275364259e+00,1.025313192339036616e+00,5.330081271260297626e+00,6.054301665910425179e+00,6.020261233975761961e+00,8.790635333660450357e+00,7.303627249140784095e+00,5.217372375211115632e+00,4.589654655824189078e-01,9.539114283092569035e-01,6.643667617751690457e+00,1.361879455753639334e+00,6.697359002218792767e+00,1.086680122276098448e+00,4.109623453066141074e+00,7.652359213369949842e+00,3.957464216733336260e-01
9.716053410170977234e-01,1.354546140375671115e+00,1.531479167958740950e+00,3.632807370224545362e+00,5.039501593215755193e+00,2.825667411407486895e+00,4.350464896814301596e+00,6.573747017689872685e-01,9.978267429390719201e-02,5.879552745062591512e+00,7.357221160399800119e+00,5.526164366092135793e+00,9.332341765979499826e+00,6.917939938118416343e+00,6.431541272845549884e+00,4.051706829936296828e-01,1.306888133681790354e+00,9.355261646592955005e-01,2.921319776129483792e+00,1.276364513203260831e+00,1.560664174669601945e+00,5.405339967216709063e+00,4.965547572527377440e+00,7.442692369808849406e+00,1.483587143189617930e+00,4.253548179386751116e+00,5.441719998863415952e+00,5.293226096652994705e+00,6.357259965203410079e-01,7.088123897654232675e-01,9.345929125401402082e-01,5.704068826604817843e-01,7.330661543021268933e+00,1.002799099555876872e+00,1.314856975557964214e-01,8.851774415070938762e-01,3.603808807519293111e-01,6.316777804706723565e+00,5.176217528633816345e-01,1.210775562758629409e+00,6.561194122460818345e-01,6.011202576810571685e+00,4.125846698471070439e+00,5.323633703247924842e+00,3.533037542866526604e+00,6.269533197693765381e+00,3.968581559911700474e+00,9.568221264931948689e-01,6.532751062764289074e+00,4.079974277833711582e+00,4.666144788966131163e-01,7.827407556285882251e+00,1.574281742894350078e-01,1.037676828653633754e+00,2.517653068856729348e+00,4.007782613028071372e-01,1.686743923323250183e+00,8.736492515215417143e-01,4.359146820232527197e+00,4.673858009524098911e-01,6.675335559109231376e+00,6.040599405033406200e+00,3.441094038445337233e+00,1.758741124366625108e-02,5.646053046628440875e-02,4.088927174381934648e+00,4.096523600772686180e+00,6.234788341864592187e-01,6.772146509111176549e-02,5.546153252915289045e+00,4.674619267082981366e+00,5.449814919338454189e+00,4.275423337998800477e+00,2.206355508360399398e+00,6.986188399385918402e+00,1.894478045160546298e+00,9.288216087118611464e-01,6.066458045767211260e+00,2.664082075987646014e+00,6.972085650851397531e+00,1.577509157357943614e-01,1.421222752029187575e+00,1.666436333394420988e+00,1.620014998504316406e+00,3.600340978843052930e-01,5.872604575474681177e+00,4.727644344508623142e+00,9.553119315341195517e+00,1.962382893750393986e+00,5.344292884875956773e+00,1.801331165417137115e+00,1.512889181119537296e+00,1.772302079892745574e+00,2.749344988790046518e+00,9.363976698663525333e-01,7.378253783095667373e-02,7.249537778601277793e+00,6.158281141460686392e-02,1.227157124628817986e+00,8.778406546415729039e-01
3.664219489297091847e+00,5.660745388213221929e+00,1.177243558470139728e+00,5.605452231236996319e+00,3.817355665841936752e+00,4.103822415384208000e+00,3.323669110184382713e+00,3.925430363331984918e+00,4.719984108512874421e+00,5.348653683562843320e+00,4.539545411199528147e+00,5.378394320746038737e+00,9.144087822708347746e-01,7.585193539219413417e+00,4.931445799867624213e-01,2.460525929737139794e+00,6.356131343314591398e+00,1.870867989150379662e+00,1.166269280917216822e+00,6.794489842078106356e+00,8.848718252484900404e+00,5.897873137155406731e+00,4.630321628796027156e+00,4.266979387070390928e+00,1.942697251259399849e-01,8.028858095285748675e+00,6.445426200644869930e+00,1.913546380628528443e+00,2.997564114312193162e+00,6.507103900732079893e+00,2.529335391798553268e+00,1.828158851733878931e+00,5.363649942235088730e+00,1.055810535058866906e+00,3.525194290354320970e+00,5.824041913460582975e+00,5.941308099105379270e+00,7.538391925862628185e+00,7.222098553246452113e+00,5.717191630142657743e+00,8.321001981763016531e-01,5.680049394293592790e+00,4.452977779150943949e-01,5.776465084621476009e+00,5.341831846271970718e+00,4.407462244517093453e+00,1.374513887527012646e+00,3.229175151231789886e+00,5.583684364255790733e+00,1.115684951060405661e+00,9.289704857341658517e-01,7.327714944642728767e+00,2.050535681647061015e-01,5.589977812264915968e+00,1.266470239786847474e+00,1.240670214405515503e+00,6.816954395329537064e+00,1.921326229208613068e-01,5.547487611556405351e-01,5.483074678956846526e+00,3.851689708427619152e-02,1.117190427961401999e+00,3.873281285477085500e+00,4.792547226925172321e-01,7.142273329905024504e+00,4.525238916514262577e+00,5.460586275625579411e+00,9.136770457330989359e-01,9.031320715129351751e-01,2.187787783254190987e+00,5.269703323123387406e+00,6.107832036100319328e+00,3.144492311610805890e-01,1.820438912617752258e+00,6.172022333924756410e+00,3.597540900507092410e+00,9.989250618986766916e-02,5.036475238553892453e+00,4.965472089650156740e+00,7.583245610617932897e+00,1.249640076176427472e+00,8.170897530450366375e+00,8.082087352758378529e+00,1.406385868179441889e+00,4.211170994378651500e+00,5.056462566619358334e+00,4.374683607896525217e+00,2.507919147669436910e+00,1.594965513592726314e+00,5.396887495618846842e+00,4.425927509812171978e-01,6.684546053712459468e+00,1.050320643392298248e+00,4.512560656703282547e+00,3.620044367106345362e-02,3.248522085160836514e-01,1.393979450899393679e+00,5.197399871590868692e-01,5.620133810150915288e+00,7.629595530326589881e+00
6.564817569848647061e+00,4.813954864160485236e+00,1.850992948353262779e-01,4.120508687930690250e+00,1.597737501079278477e+00,4.069731831850870840e+00,1.302888737818868714e+00,7.621575030078631130e+00,5.814795069517339599e+00,8.009758723995751950e+00,5.837291750539694846e+00,8.716446367780301685e+00,1.295484173618921542e+00,3.456465900444083417e-02,1.087803807661199773e+00,5.879984165074955138e-01,1.701131917154050655e+00,1.798369477108588965e+00,6.168347279130292904e+00,4.064694507275424584e+00,2.006558646186119343e+00,1.767255477519991347e+00,1.336243372936299467e+00,1.071086294666290684e+00,6.640779760045554259e-01,2.459909880454514974e-01,5.750858716546444427e+00,7.105450054581316621e+00,3.193073255558499524e-01,7.099985684185453394e+00,8.549592470950874157e-01,7.863465091757286807e-01,5.754221412318599960e+00,1.066893826186146477e+00,1.365383227080607220e+00,4.769953892396042505e+00,8.942332257615907665e+00,7.724886041689890348e+00,4.801279640569059204e+00,4.022679577863240930e+00,1.010762497729639664e+00,7.837605557138827006e-01,6.754143914319056030e+00,2.282371438496066940e+00,5.075633498176781444e+00,1.845580900853076578e-01,3.309919113236501342e+00,1.843591104336574915e+00,2.218700240408780555e+00,6.879530484874961438e+00,7.992733104916133868e+00,6.962410450718903299e-02,2.009961225606975432e+00,4.691458893697628696e-01,2.174086411872161229e+00,4.556206494274490204e+00,1.115170139309597630e+00,5.602069002392164876e+00,3.509312218567733899e-01,2.049850231623756347e+00,5.793969553048235355e+00,1.431754682664156952e-01,2.640614648313788670e+00,1.118876870490558062e+00,3.135062350403544640e-01,1.098657515474612767e+00,5.677830007713148275e-01,7.410062212092267231e+00,7.342864052080425807e+00,1.156599105220079249e+00,3.371185428853722410e-01,1.684327691978247721e+00,5.242342387947174664e+00,1.139647714072698603e+00,3.122041576498018944e+00,6.818166280610816088e+00,3.782005704447394034e+00,4.251653505978822967e-01,1.730555730494468758e+00,7.326694661459530522e+00,7.091859053942251023e+00,1.201033538519546751e+00,6.915842666166928332e+00,1.447234430964581708e+00,8.788188057882420523e+00,5.450312853322548889e+00,1.050330332202239703e+00,1.964378683683840388e+00,2.279442010059218315e-02,4.211391238270161708e+00,7.282318338031155136e+00,7.765018212794220220e-01,6.300268471428007722e+00,4.631964458654318051e+00,3.606507405308398972e-01,6.825260073436904662e+00,9.368760163170590793e-01,2.092118490977277201e+00,4.931694281150479142e+00,3.665019036373278194e-01
1.264545420878634641e+00,4.419473100647035579e-01,5.617170286840034166e-02,2.723940871967744481e+00,2.214112180981141265e+00,2.487788098805997272e+00,5.220317307273860230e+00,4.485711643218395217e-01,6.784163533603756235e+00,6.573114569399487905e+00,5.383504557545345293e+00,2.344509800896241725e+00,4.497820823104649035e-01,3.423721193064706014e+00,1.634656846666133312e+00,6.830792824449229528e+00,5.916003256630164131e+00,4.663497744348871876e+00,6.034546749055945014e+00,1.066288542671863349e+00,7.492860597629889874e+00,7.237828693413520753e+00,1.542276037186568693e+00,8.261477520230181781e+00,6.375384699121072529e+00,7.780673266168083302e-01,6.246755649605712613e+00,5.484577085758974846e+00,3.523704161478988794e+00,4.097398212433627229e+00,1.918988043608748306e+00,3.119878785821733613e-01,1.008687106523109778e+00,8.531071976873139118e-01,1.201154281789747147e+00,3.392628788600717815e-01,5.570091405735065671e+00,2.311453213255804773e+00,5.549036882990683317e-01,6.600378846906750141e+00,5.337176645987249834e+00,6.010353472160254285e+00,3.843545504506554744e-01,1.266911482063712402e+00,4.659528053273685799e+00,5.213645917042146749e+00,7.561513881133376636e+00,1.796997091584342510e+00,7.484161492887979605e-01,3.795176154262611679e-01,1.957365876403188709e+00,7.934365784023021284e+00,1.559031926720573225e-01,1.413735589339319532e+00,2.807104706505439307e+00,4.429087697867916340e+00,1.262025034897422238e+00,2.466829417144560388e+00,7.274012590581369508e+00,6.342633504735507799e+00,5.049360743641734039e+00,2.830190140467247595e+00,4.190229748402416909e+00,3.105116177551002110e+00,6.193000553508955619e+00,3.071219223212904303e-01,8.074164544817499234e-01,6.198869150160250641e+00,1.939761821260332919e-02,7.355626046486139380e+00,1.628428688466068364e+00,3.031063960130800705e+00,7.086436286657457728e+00,8.181311750532366034e+00,5.257518959998492392e+00,1.784912663293809043e+00,1.920957185384039256e+00,2.425019973577468013e-01,1.816043932950395678e+00,6.529882269820875607e+00,1.059736612898043440e-02,1.085692834894504744e+00,5.399746360630700792e+00,7.997857352399599939e+00,2.025540619631959416e+00,3.981399773409258103e+00,9.956254942890550019e-01,1.847152229117719813e+00,1.036786670126537802e+00,7.527287567600025042e+00,4.554392550384961602e+00,8.706659360610032650e+00,6.246466952091433988e-01,7.210724160202256483e-01,2.172673135863109728e+00,1.366076937247758805e+00,4.743230346239306172e+00,1.649082731993412709e+00,6.994360995307560280e-01,6.570575565933150841e+00
4.444896536818053967e+00,6.338138736501761628e+00,3.865440568648605968e+00,7.843585371656043748e+00,1.016857687769510799e+00,8.002290283086506140e-01,7.729637648818432183e+00,5.119703287471955910e+00,6.674528164652782536e+00,4.605294431138433175e+00,4.450308797179877374e+00,3.301716043641667042e-01,5.135059766986374896e+00,6.422264491572526879e+00,7.269279549554882536e+00,1.496141941983917256e+00,3.349505292373075260e+00,5.365711837959312724e+00,3.137177669610017094e+00,7.022486569124493094e+00,7.849105642691384332e+00,5.627583064784663414e+00,4.995505172422213036e+00,4.677125832678576955e+00,3.146611838495110725e+00,1.870357789603378063e+00,6.377609274370293235e+00,2.622257558449988757e+00,1.675887434568523293e+00,6.583776024447526964e+00,1.606233483202020196e+00,4.423441841193408441e-01,4.156028509894209577e+00,4.448533089935469143e+00,5.039159495784568676e+00,5.657530108900586718e+00,4.947952984515849195e+00,4.512028998060121587e+00,5.911444999712620607e+00,5.677611804330092937e+00,7.310662702569869609e+00,8.207472565346753512e+00,7.613428614616660539e+00,1.301614709587847862e+00,5.705107751531952598e-01,3.237215396236094556e+00,1.368711083427881503e+00,5.292541861313559970e-03,2.264410258912925134e+00,6.645254577627644821e+00,7.622178817056116662e-01,9.883724183113187234e-01,6.747402426709141920e+00,4.644561595041609259e+00,6.212068929312661858e+00,6.422710967437748053e+00,1.724404781109331042e-01,1.964117149639875493e+00,6.401106127508937149e+00,4.791342013450654580e-01,6.769002140312124993e+00,4.314230474391592907e+00,9.487801990254689510e-01,1.391909173031180780e+00,6.101071115679136625e+00,4.907465828795554152e-02,4.219037367701204744e+00,2.048503030780831402e+00,1.594243058972626859e+00,6.806559513901223823e+00,4.633838564428797824e+00,6.224139821105921122e+00,4.189868409539439398e+00,4.087121534685111968e+00,2.016273054308301838e+00,5.032107735441295304e+00,8.311076922887487228e+00,5.038432872769009307e+00,6.456167154532089114e+00,3.267766858309583800e+00,4.494724058164156766e-01,5.494205678656112202e-01,5.889520861424348830e-01,1.952066360399012934e-01,1.215991125040589482e+00,5.066818588207110174e+00,3.298076497040746347e+00,1.168614478201174922e+00,7.391455784685991848e-01,6.854829645124871362e+00,1.890185297319352475e+00,1.941436187306097239e+00,5.087712071862021013e+00,4.168782917623760298e+00,7.307557998030514312e+00,1.503790077205126696e+00,1.235940194718757379e+00,3.764711905351021848e+00,4.257952583711952954e+00,4.980656486147404749e+00
5.688652254171506772e-01,5.244276134492698915e+00,5.893622673423138281e+00,1.622024173404559733e+00,1.950695466752169205e-01,2.558231803901338530e+00,1.058859911835886347e+00,3.182145916163252597e-01,3.052396104985711789e-01,5.209184224734330293e+00,3.637938040750136715e+00,1.148180553121145975e+00,3.007153334322137272e+00,1.900997391516900947e+00,6.464873324783089181e-01,2.105655738065689953e+00,6.294384357449541945e+00,7.688815380093990903e+00,1.008357850577713544e+00,2.047671937423036326e+00,8.272919202527594384e-01,3.289879421274271909e+00,5.095806098000992712e+00,7.407020498334648817e-01,4.597333377605033355e+00,4.899383179558321366e+00,4.086369516604138497e+00,5.872752052018475055e+00,6.271087391836245750e+00,2.186462564224131988e-01,4.513340830052310348e-01,5.029358286432074721e+00,5.353178351680883296e+00,5.807035155465924525e+00,9.524649028849444532e-01,1.203325998960350640e-01,4.192716836180183648e-01,5.015944935743300803e+00,1.090007390284271738e+00,2.120734097532363638e+00,1.697282638423967871e+00,3.857495526237272099e+00,4.188385430963235123e+00,3.392544113659341054e+00,4.805061273862401450e+00,1.201598818956007841e+00,5.272634411722758152e+00,5.242498370709796074e-01,5.240495424274513425e+00,1.149877513984066679e-01,2.228533141579548627e+00,8.929094643520806285e-01,5.015559071968215932e+00,5.052614995854445290e-01,7.327115512629739591e+00,5.247264993356903773e-01,3.605750071995087236e+00,4.397598355676977100e-01,1.980613136720364764e+00,5.138746792743076330e-01,6.900421172622525745e+00,7.040385513763067760e-01,5.901122373751470640e+00,4.102276390680892781e+00,7.149589142538899100e-01,7.470791396196185818e-01,5.428776281915993707e+00,6.273247780734994450e+00,4.569586892218122642e+00,7.648100607273559115e-01,4.593200845140072985e+00,2.186465391838217531e+00,7.280871844040811780e+00,5.331193250158941410e+00,1.524833230915824567e+00,3.200125464582912471e-01,3.512429219347019682e-01,5.470008305840844187e+00,1.237544563089286953e+00,3.181240679773404967e-01,4.473142744434819296e-01,6.374229977449432649e-01,2.953571814853117594e+00,4.279703737859982482e+00,8.031180772652675159e+00,6.253546939545552519e+00,1.902169626287525395e-01,9.373389271999232886e-01,7.517629832020796599e+00,1.011985004251156450e+00,4.259954025279855117e-02,5.382781847457103197e-01,1.122650010609579585e+00,4.430330252976976801e+00,2.883945135458705344e-01,1.221836705589945504e+00,3.643336802965374766e+00,9.838512999462766251e-01,2.891167926528177556e-01,2.338760668778867569e+00
