1.409577580466109703e+00,5.846231997123750856e-01,1.481026024700580201e-01,7.181990262298232786e+00,7.097944158940612258e-01,4.206513536323247315e+00,6.045726482682344027e+00,1.868035336217771736e+00,8.009639823819982851e+00,2.359929777373306337e+00,4.030040531889232946e-01,2.752874289306784794e-01,4.931107398476546777e+00,3.741432110718060144e+00,5.004199396284528589e+00,1.289142788175404064e+00,1.390858830901486876e-01,2.055641845204978502e+00,6.200789097955135887e+00,1.253862177236225950e+00,7.682174062781998991e+00,6.253273927973106439e+00,2.105082046929976691e+00,4.092300855238163670e+00,1.987047083567641259e+00,5.174409742874487295e-01,7.076584023054306449e-01,5.504421355473667177e+00,1.084434836070840236e+00,2.550019565997772020e+00,7.116373810090110830e+00,4.190045798195115578e-01,2.909111940981085276e+00,5.101342029915730159e+00,6.422283225178265553e+00,3.927809856011368339e-01,3.104541764497224410e+00,1.120065870581768541e+00,1.262641098452321975e+00,5.860406463761202112e+00,1.029364814991850396e+00,4.571323680282437962e+00,6.181695434593271088e+00,1.175705571455896603e+00,1.849106492788161749e-01,8.835984830098810860e-01,1.795692726558883789e+00,2.910593930863258905e-02,3.924963259237837399e+00,1.069616610599384288e-01,1.436463031497960952e-01,1.250984374962452961e+00,2.383840827491642056e+00,5.062743630610394341e+00,5.803789833059001424e+00,5.559784135419140405e+00,6.375322212412624090e+00,5.309840942227896043e+00,3.828150941834905563e+00,6.206793828978034000e+00,8.579618370332568134e+00,1.482621788314855360e+00,6.224449144693018354e+00,2.463716272397808993e+00,2.333864081833600945e-01,1.544834504141262776e+00,2.779408986748377330e+00,4.970781374555688359e-02,8.071817431202089610e-01,2.238016077691606487e+00,1.022519008168461419e+00,5.399759546360154872e+00,5.122224977708906835e+00,5.861202037309083401e+00,6.971643370310022014e+00,5.288537234490746641e-01,3.375981665294438550e-01,6.219654142100449867e+00,5.944965465652567449e-01,5.269718700665207756e+00,1.249829332344499555e+00,1.736795196661123919e-01,1.113833099060619780e+00,3.107329705536872488e+00,7.503692563364232626e+00,1.391728783511412715e+00,7.312708817093855451e+00,4.636168636064176063e+00,1.090842577737723529e+00,7.453587923512994706e+00,5.432908297867999003e+00,4.822650606491093228e+00,6.439230863880160527e+00,1.984915562979025161e+00,3.709972857454441719e+00,8.051894927755273157e-01,2.519048471088394248e-01,6.777256414057539757e+00,1.498579906534188488e+00,7.154815294246904323e+00
7.980594590503096164e+00,3.948417949357593271e-01,5.122823291741211094e+00,5.745891330758070126e+00,6.634746013274880561e+00,6.295323891931456473e+00,7.553848198668779546e+00,8.952966899837093706e-01,3.185905187295519081e-01,6.361739254403521393e+00,2.258450061091932248e+00,7.278228102759842777e-02,1.180287248455038629e+00,8.070485886259856301e+00,4.712339131643030754e+00,5.298606827078570447e+00,1.156079764102755147e+00,7.945846395156785036e+00,7.310297616779591223e+00,4.337216127506755559e-01,8.234938493900010315e+00,5.260507375440222511e+00,2.758917007878963545e+00,4.398947547150710013e-01,5.682728429952843552e-02,6.488248065378922069e-01,3.724413801821007119e+00,4.642556590973418551e+00,1.791724698274789418e+00,1.401057510490184344e+00,4.973938157530046755e-01,4.980881073952522442e+00,9.997080333780973271e-01,2.040118346877450861e+00,7.190847230669028534e+00,6.264264375279549490e+00,7.030928069213024045e+00,3.019814062209763561e-01,6.631845646564695329e+00,1.330786262571606038e-01,3.035327587358628953e+00,3.928735228534920854e-01,9.644787918424070128e+00,1.564800971234291405e-01,1.431299446708941936e+00,8.206573472160569871e-01,1.122488287301819376e+00,1.175056412203147049e-01,3.521040558609773719e+00,1.259210103906520439e+00,3.088066858808292459e+00,2.106630501156520729e+00,6.296323983971361393e+00,5.053801301146694236e+00,2.056951368560872240e+00,2.176348715624387253e+00,2.098589591594604897e+00,4.980630935478409071e+00,6.689999962763726327e-01,1.483306513569494056e+00,1.633462297782321659e+00,2.678294570647184791e+00,1.245380841150767193e+00,1.947462775724405404e+00,1.591674320100257223e+00,3.882118127236020566e+00,4.847902013041703206e+00,6.778951708209188354e+00,3.746870155992156892e-01,4.301512566611362942e-01,1.374002721145333172e-01,7.949658395662706489e-01,1.074423268129957254e+00,4.478864150100333452e-01,4.682564727035646301e-01,8.359350999501806712e+00,2.961186241484170978e+00,5.061948118117123308e+00,1.684566245040925114e+00,4.721964748090513808e+00,6.743782450622685332e+00,9.785454072392640867e-02,5.527735347173209135e+00,1.639154366679588470e+00,7.375769256672176866e+00,6.745347654149974614e-01,1.241366423800760899e+00,1.699765627610135610e+00,1.796716938823048615e+00,5.975524795614802542e+00,4.853297478474603466e+00,4.779387047264020083e+00,6.139489544843423907e+00,5.316177213554160730e-01,7.832615285276116168e+00,6.154709909536846268e+00,5.555677020119942355e+00,4.123718973323820869e+00,1.995126771794109022e-01,5.282992467825120553e-01
5.203148380341290347e-01,2.718479996636350426e-01,1.642597025864486859e+00,1.053499081233922663e+00,9.468124374427653311e-01,5.013040610899038851e-01,3.471924836338913689e+00,8.893077960242848912e-01,4.815691734394103918e+00,5.222106865831439571e+00,4.925126800857908549e+00,6.008377843830491116e+00,2.520713015387994638e+00,2.418163508955443852e+00,1.055380013601115774e+00,5.177570175456015278e+00,2.269641845152459148e-02,5.740659631961582576e+00,5.120855842685930526e+00,6.807080819357760326e-01,6.444739009591246237e+00,9.256742562639045380e-01,5.135843452020282029e+00,4.795779357130196985e+00,9.723966395372878324e-01,4.303408166670976698e+00,5.021135623737855269e+00,1.056585857498753001e+00,2.307355351602039306e+00,5.713958550655762192e-01,1.717572832757849888e-01,1.068497210908292416e-03,1.143198511676326801e+00,8.204380925803834046e+00,5.960783762366773431e+00,6.130828491182975792e-01,1.005485679113127029e+00,3.281460297127118508e+00,1.885925429316008373e+00,8.838154254582519798e-01,1.853466316527431879e+00,1.246591491284753772e+00,3.919432038801311080e+00,3.140573564860864586e-01,3.238251943156327251e+00,4.224823141918560232e+00,9.029585473999088840e-01,4.535147781870826122e+00,6.325067481945561010e-01,4.177278824628730680e-01,1.988535154127810678e+00,7.695191427200717804e+00,8.108680582218772415e+00,7.100196534424409123e+00,6.833369838552502351e+00,7.817769331846868397e+00,7.865057401662976844e+00,4.191218973385879565e-01,1.733806790004996934e-01,1.083158506461532777e+00,1.977971175853177499e+00,6.037743448392066448e+00,1.581620665365194300e-01,6.855676055810993041e-01,6.188621770913704800e-01,1.206596133722114939e+00,5.439261130185321313e+00,3.066309043466992179e+00,5.611967942014796762e+00,5.916329780134098826e+00,1.212982517818227191e+00,3.546786800822955499e+00,6.093174893763077193e+00,6.995168076168033267e+00,6.483556062497586314e-01,3.616958507713183835e-01,6.699383255645629198e+00,4.464321992832961605e+00,2.448889238698481741e+00,2.706851264882135233e-01,5.191222678875819341e+00,1.789677375193652775e+00,2.013425797988237953e+00,6.847474035734092190e+00,6.367668509963234413e+00,7.895618649279980694e-01,1.848193910788477057e+00,1.352460384332784482e+00,6.308472615838898179e+00,7.998172725040533226e-01,7.561092423939916429e+00,2.829648661610337790e+00,4.097820294932446039e-01,6.318479205617677508e+00,5.681892020955205069e+00,1.556265573133289726e+00,1.223383319613930542e+00,7.005027427174784549e+00,1.001779472678291150e+00,5.454765126760904081e+00
4.751179959377866524e+00,1.760555011124242952e-01,5.719705590748603186e+00,7.509621390017528597e+00,3.723641866974330972e-01,1.085920781486706010e+00,5.153126004969879936e+00,1.114765376640491912e+00,3.822948386526725528e-01,5.321290640757068147e+00,1.076792550218984568e+00,1.563991685149919153e+00,1.253275780187145028e+00,3.562048769624635014e-01,6.109886346924604972e+00,6.618915089363928139e+00,1.326373958279423837e+00,6.502375220608566764e+00,6.020188309203191146e+00,2.359606526186816655e+00,5.164276067463763553e+00,5.010363241901115927e+00,1.380285503272276282e+00,4.720549962607999639e+00,1.434543602047092303e+00,6.844372253990173682e+00,2.200086919019435427e+00,7.369091223929369328e-01,1.501325898764499733e+00,1.965841040537601447e+00,4.119312010618220832e+00,4.584634828308886689e+00,7.636176465508721201e+00,1.951730043690345306e+00,8.225442419523389947e-01,6.818962568165725990e+00,2.979517679562828203e+00,5.686169657854798221e-01,1.694481326863917836e+00,1.978180809604083379e+00,5.904009689879277101e-01,6.352427508859610938e+00,1.943233234419126543e+00,5.763638204562093748e+00,5.967370728754595177e-02,1.114957029389469501e+00,5.918496554041253965e+00,4.988469847599708906e+00,1.547334271363708602e+00,1.041960875802135478e+00,6.299959679447856509e+00,3.892117355699276082e-02,6.243144371256993175e+00,3.099671675540766280e+00,1.391813985378536067e+00,4.558994515333090192e+00,5.137132251171336428e+00,1.000386032595958374e+00,1.445272622620842107e+00,3.710115114288830895e+00,6.499950883281700342e+00,5.466230353479802240e+00,5.013201056658925125e+00,9.038430568788147212e-02,1.682343406985587375e+00,3.356141668408151535e+00,7.834699009270561731e+00,3.566421519013378116e+00,7.129177285891763916e+00,4.964189195175588765e+00,7.771538390627543258e+00,1.924560894236411190e+00,9.066554967630034767e+00,4.357894844594358830e-01,1.880019806533781646e+00,3.393875711071171697e+00,1.244517872433633654e-01,1.144906937373812106e+00,9.204838454403662107e-01,7.277563210067969024e+00,9.330728385146563886e-01,9.944748265011815747e-01,6.664566923156154399e-01,4.185104646580456667e+00,1.687046388038430322e+00,6.145708076703444434e-01,1.545768728815561932e+00,7.304586669039481173e-01,2.348036116686855745e-01,5.767276546737546639e+00,4.588794081662872060e+00,2.083186705609059164e-01,4.296738289816360634e+00,1.115132865566528242e-01,6.987903959336813742e+00,8.719597915224646112e-01,5.678211925709435448e-01,2.237806150346690615e-01,7.498447125770365540e-01,2.402165961222833879e+00
1.513463611271448350e-02,9.991044322686167822e-01,7.697696955338980684e-01,4.699787367903266677e+00,4.204161269752986207e+00,6.980352289154485135e+00,5.471985786454451883e+00,1.341871459124088339e+00,6.061895364364337624e+00,4.031478973419664769e+00,6.309821932768599595e+00,4.649295811296608072e+00,1.475823608349262628e+00,7.918593811942289395e-01,3.087273772569559149e+00,2.310526590301709149e-02,5.189469334194443562e+00,4.054140230999150774e+00,3.972231154343978332e+00,4.421720901001153337e+00,4.918473849116803409e-01,5.222668188109831355e+00,4.111296607028080530e+00,1.013306346868921404e+00,6.115279551301225247e+00,6.041749112342261085e+00,8.722825654329135148e+00,5.803908814651300041e+00,1.806565955565326398e+00,4.455201471357995047e+00,2.008985377418606166e-01,1.268937818522844818e+00,3.864881143043353617e+00,5.039848578590778061e+00,7.634835990017107221e+00,4.004963151586841796e+00,3.009795656197729485e+00,4.391901808397724594e-02,4.873249646549409952e+00,4.899833965338682873e+00,4.332962797713978631e+00,5.720641409713175918e+00,1.392192178981943806e+00,1.542433060954699897e+00,6.202769161585084845e+00,6.142859061250371511e+00,3.441967086870418413e+00,3.525648133072714074e+00,7.735922263578499880e+00,5.560024413442159030e+00,5.629715744579053549e+00,6.423648357983402057e+00,6.114037804042505186e+00,2.271024157267339527e-01,4.262332898008598825e+00,6.721694531085430357e-01,5.579455348175460294e+00,1.167012788343848584e+00,2.233750666759025449e+00,5.610736889141875849e+00,3.281752449552229667e+00,6.012884613359907426e+00,2.340252631819979889e+00,4.157245572195717997e+00,5.806614184639580678e+00,6.131919730913102384e+00,6.054173346141045187e-02,1.773720518222198006e+00,3.773911752746517134e-02,1.501822847246465864e+00,7.652331518075957462e+00,3.141715709893053710e-01,5.426120707124741038e+00,6.937930485627354038e+00,2.169773880765871077e+00,7.573362023199290860e+00,5.451193058752101805e-01,1.485376186157651768e+00,3.311479529888357032e+00,6.004770605638658054e+00,6.339636509431438860e+00,5.552449620622281756e-01,5.580581222863907342e+00,6.102503494562045105e+00,5.463144902820481263e+00,8.128706182706707750e+00,4.665092884372279425e-01,5.054855424222824745e+00,6.723827426920283123e+00,5.697905827905562770e-01,1.966763516989937566e+00,3.108405877303268117e+00,4.822034726632967505e+00,1.121043263287917480e+00,4.523373388335578227e+00,5.095006830891423810e+00,4.418874020830203975e+00,3.531654756360431691e-01,6.469530319291772358e+00,5.327185383650625106e+00
4.691992510972440300e+00,7.877514445175196833e+00,5.857203669009946267e+00,2.288109514887838092e+00,2.830672204692501470e-01,6.852002912720791539e-01,8.101372472475523168e-01,1.826588286897104840e+00,5.786283484408153654e+00,6.554607296547311002e+00,6.846344163655667892e+00,9.200209049368105241e+00,4.910106421232240947e+00,9.654355980685338512e-01,2.259890686336065713e-01,5.239612545377140940e+00,6.224246613601402522e+00,6.064262805622913532e+00,6.009156588623870476e+00,6.503094126100722683e+00,4.100067685342969170e+00,1.492498237364910718e+00,4.132047265526935576e+00,7.392845456208871902e-01,4.397403355453282536e+00,6.556289476316738529e+00,3.750413743410009104e+00,1.561792904072799804e+00,1.098559671598790866e+00,5.750273146122554024e+00,4.954636306776020405e+00,7.112400387271374136e+00,6.288101567495345989e+00,7.919849351388865699e+00,4.695444892780918700e+00,5.461030926111809514e+00,3.042331875738614855e+00,7.492408264686451602e+00,4.305020149149661357e+00,7.430891716741078845e+00,4.937514700294136638e+00,3.049451908110647480e-01,5.506963591309474992e+00,1.070308564477204127e+00,6.654593591084578819e+00,3.647512012836672923e+00,5.947632053207311031e+00,9.127901617474842411e+00,3.160360782912366773e+00,6.118942699352784231e+00,2.720442870317935080e-01,6.018750874712270882e-01,8.137588940668316617e-02,9.359476820976282418e-01,4.037886255174136352e+00,7.102762900502178844e+00,6.310357269812325587e-01,5.680806805777962154e+00,6.460963679493907819e+00,6.366606726753725631e+00,5.847427942759404473e+00,8.202868879964755777e+00,1.189403755122490081e-01,4.735471323655710663e+00,6.393427701393847862e+00,6.118135203526310129e+00,5.288394550192366594e+00,6.878919236607978771e-01,3.540168961146927806e-01,6.992087751359226999e+00,5.219864005714327071e+00,7.593075800025488320e+00,3.233557070631674968e+00,4.889862412761259769e+00,5.184784954903735255e+00,2.688955045650915920e-01,1.328097346102815823e+00,4.431893406609744845e-01,2.688332453710970071e+00,7.349609137162876671e+00,8.083999301528130843e+00,5.570955515312259188e+00,3.958317380697710774e+00,5.380152760702072712e+00,1.660446819801903118e+00,1.932278492639245560e-01,6.534003265690309092e+00,1.116795369038379171e+00,1.263605209736087032e+00,5.228191693798754258e+00,3.682382281890121956e+00,3.043330650993453013e+00,3.333319159478749683e+00,3.263700336731339746e+00,6.517867829396793766e+00,1.283896510569900951e+00,6.940988542368460301e+00,8.063496342944632689e-01,3.281812061441689021e+00,4.907947846111456514e+00
7.289390920517850425e+00,3.938156786113398145e-01,5.694243091340972285e+00,4.357195807174496061e+00,1.477388375741027327e+00,5.110152069335512692e+00,6.155010604775267291e-01,1.944330432377998630e-01,1.148119590386818656e+00,4.858835387422486107e+00,2.076403602162105955e+00,6.355710640807101797e-01,6.429933785082231346e-01,1.352417990651099577e+00,4.611201806714442242e+00,5.523100065526146629e+00,5.048525562113036713e+00,6.536746462430746973e+00,7.540005749374028010e-01,2.495657513483785728e+00,4.617988605156853055e-02,1.306817579281366104e+00,7.276103119503181560e+00,3.122982770376965256e+00,1.031616032449106157e+00,6.933900024324344713e+00,6.732396470319451431e+00,5.333443523366758754e+00,4.591047630084945652e+00,4.957851660750160150e+00,8.071448483102582117e+00,1.453857020750564111e+00,5.746099570631477249e+00,9.730945086575412128e-01,6.165994923753157497e-01,5.034182384002840571e+00,4.913809309498422984e+00,4.085053835594522065e-01,3.124364576929958837e+00,5.047592110829752343e+00,4.475674924033132385e+00,5.229141069752195392e+00,6.498117935590734362e+00,7.576957612863674640e+00,5.418234484591755162e-02,8.777575487744881944e-01,1.795973872637645741e+00,4.986145297723858505e-01,3.093473702971954786e+00,1.363011127814758305e+00,1.723589755786432143e+00,7.712015933636743314e-01,6.476958906945630368e+00,3.534292872369033667e+00,4.094160118112590396e+00,5.092854863600793536e+00,6.185381906885696779e+00,3.595979590254972713e+00,3.039783166485051868e+00,1.512475357324989611e+00,6.307684602420491338e+00,1.831103381612463110e+00,8.668915005577314759e+00,4.234940843344032757e+00,7.601136038933634431e+00,2.432284104682496118e-01,3.022721174111108189e-01,1.619271938794081489e+00,6.672546640771058968e+00,6.503753232561887643e+00,2.060430436189965242e+00,6.325535959067573266e+00,5.509265905670395647e+00,6.487553701534897854e+00,9.233421098541559902e-01,5.999086839248387371e+00,6.513458257093738268e+00,1.806949046648889556e+00,2.153923969028316066e+00,5.095149770557131141e+00,3.646733489207487189e+00,3.104148833726703138e+00,5.164353318888732503e+00,6.613339524733781616e+00,6.884623348082246075e+00,1.234170850685540888e+00,7.947913835280320249e+00,4.460327239507100749e+00,3.493166833190135101e+00,5.996744626212665352e+00,3.680048669179802001e+00,5.836962798693919652e+00,7.283201843721015756e+00,9.156735955771436730e-01,5.547605573032489801e+00,6.370889995139320305e+00,7.830635218037080847e+00,1.794395062201797231e+00,5.278866701028753994e+00,4.553273362525541046e+00
3.108187087668028425e-01,4.647783974939594387e-01,1.587799687320372355e+00,7.842601898141697170e+00,1.487509260492819063e+00,6.674333935312821708e-01,4.601473140776627169e+00,8.276689150752945423e+00,7.214093269418250243e-01,5.653919341075088312e+00,5.793217166938783969e+00,1.779202670716845347e+00,5.297047631572660009e+00,4.946570563411298416e+00,1.099959452093539847e+00,1.406664522344278190e+00,1.155799020291309542e+00,3.468667750129818650e+00,4.963394559750696544e+00,2.075095691278554533e+00,7.271120843455928018e+00,4.415048410177940141e+00,5.649397816555815410e+00,5.278426170186933497e+00,3.738480851724406140e-01,1.109025933426964539e+00,1.286820412538262737e+00,6.320322487768281761e+00,6.991443007791699138e+00,3.769607665045294098e+00,8.022416648807855211e+00,4.711146967445031253e-01,6.081458159323495316e+00,3.435230569365529618e+00,4.214825112468533419e+00,1.949512374216195276e+00,1.565871218410800125e+00,1.194728434237232628e+00,1.021788745743895221e+00,4.359173883224198853e+00,6.197969918484040441e+00,2.101216881903397393e+00,4.235097869240083135e+00,6.374594694960163288e+00,1.115109143490608190e+00,7.584147818640381011e-01,2.159230831092306957e-02,5.400856382279791923e+00,1.859844127520557500e+00,3.029170757546577608e-01,4.782423593071142065e+00,6.088027999140030566e+00,3.652874117070597393e+00,1.549606055711851393e+00,1.247326373908334674e+00,4.438439785456543163e+00,5.586733981871265797e+00,1.415776033818739066e+00,1.185362448258393986e+00,3.321621727168365679e-01,1.088234180345100999e+00,9.470316937839218241e-01,7.665590533594001776e+00,6.273659546828929123e+00,1.376295476691936859e+00,3.610969640646940260e+00,1.889176752514002633e+00,2.418978597640298212e+00,6.564888009961107329e-01,4.237232475552736410e+00,6.597017473720554470e+00,6.532441722438693255e-01,1.154125651081703507e+00,3.228656979747118960e+00,4.985332679524745458e+00,1.466740064421570233e+00,8.679745640127933370e+00,7.510323586569409571e+00,4.969066371651714720e-01,3.809995474467476662e+00,3.435623260520700439e-01,1.160647851209999804e+00,4.824093920378969891e+00,8.327357740538898767e+00,5.837553049833658747e+00,1.273065460165014429e+00,5.976443922199068837e+00,4.182312798160852552e+00,6.362059838997436323e+00,4.482760232154668900e-01,4.545038389514340693e+00,1.077166530312631876e+00,3.199820316980988899e+00,5.042451381832973034e+00,7.177108720957055432e+00,3.115678444367397049e+00,7.314924731747197484e+00,7.269455615689892625e+00,1.993860465157779371e+00,1.685474377571159810e+00
3.539237992343950090e+00,7.406816846068065452e+00,6.846826525543211694e+00,1.936036542445911390e-01,8.112140820869806035e+00,2.654604141012750773e+00,4.419931210265369614e+00,1.891242198336471780e+00,1.250827877920195119e+00,1.384355389893068056e+00,1.241601544442419547e+00,1.282498373181631290e+00,5.870153903401037709e+00,6.115188306969335130e+00,1.546744089638588449e+00,1.160108151618178818e+00,6.559992378912272493e+00,1.698282365068020550e+00,1.376559608058473216e+00,7.480921353425081577e+00,4.581478149500032515e+00,2.472980781348137036e+00,2.245210226022386735e+00,2.756561968132617224e+00,4.370680953759711329e+00,6.570606103569923917e+00,4.992049507911303863e+00,8.452089799789042068e-02,3.235950867986325807e+00,6.398716537492379342e-01,4.576287000042395192e+00,6.079691111418136451e+00,7.721876871211208027e+00,5.233976023708176939e+00,8.090905503449338454e+00,5.095432425273160426e+00,2.552837445878457512e-01,1.113096641157103495e+00,6.141067260372508052e+00,6.800093063974157470e-01,4.759380358196815264e-01,1.248678332878390140e+00,1.938623845063522699e+00,1.394784694720378138e+00,7.465235300608366487e+00,1.121329931925984180e+00,1.825444731791671771e+00,1.267444813188349562e+00,5.268623918776699888e+00,7.229100270183336008e+00,4.928141767203356061e+00,4.166809561603680656e+00,4.197163165458533740e+00,6.506747826762939724e+00,4.573612834862534893e-01,4.222994453288123395e+00,5.733307526543693022e+00,7.140550386543437433e+00,1.975701653143746794e+00,3.362831182736207847e+00,4.266392309660279381e+00,3.571271443288808189e-01,4.869737804163799311e+00,1.589443572461179510e+00,5.098560295495168759e+00,5.680360775242292437e-01,1.145994549305389576e+00,6.022671779807901693e+00,6.340884096798612646e+00,1.807777557275272118e+00,6.420486029247713944e+00,1.525354102164906855e+00,4.286884333625504695e+00,1.800137657784088407e+00,2.245381947898595687e+00,7.157162963583790116e+00,1.315510438566029672e+00,6.268163039980126250e+00,1.183202976495260517e+00,4.505627825349559856e+00,3.757586600895596263e+00,9.976763021468760817e-01,7.895284414545366003e-01,2.459724074839265029e+00,2.399685810232933925e+00,1.214905754921564718e-01,5.173786304083027865e-01,1.192798143782482168e+00,8.703629678394833036e-01,7.305352663460719320e+00,7.254545378008561141e-01,1.154986376967484851e+00,7.237270775568021897e+00,7.236457670020324251e-02,7.360829568696367176e+00,5.209939176731562815e-01,6.927496611023009621e-02,5.712151627437611623e+00,7.419708373300029081e+00,6.658472368467598379e-01
3.108387235194025600e+00,3.041697586639469986e+00,1.013158724047374726e+00,8.234546528181382996e+00,1.782751288703926740e+00,5.168118684250639916e+00,2.829380881050045371e+00,5.792197318431249187e+00,6.428063026339205344e+00,5.209071274400147722e-01,4.745803319677776022e-01,5.253036982364976959e-01,1.907162378416754844e+00,1.666582390259101265e+00,5.300628056093632523e+00,4.661456373303885847e+00,7.077698395671594422e-01,5.311857845991912797e+00,6.525442384214704461e+00,1.426911764910204106e+00,2.563827654990407989e+00,2.838699300518520152e-01,4.166434684708507419e+00,3.668703957153893747e+00,4.076683784672876953e+00,7.948883292168112291e+00,1.020276989508379417e+00,2.525095847220843126e+00,1.602600396538117256e+00,1.877545923538512795e+00,5.036908792143566238e-01,2.850876356228480013e+00,6.679105813294973437e+00,1.743151012746776196e+00,3.477533681393274456e-02,3.668909153963189063e+00,4.176259483123256899e+00,7.171399687677142865e+00,5.019153398725648252e+00,4.909937184307100466e+00,1.112061229190118405e+00,7.510870291806739374e+00,4.674517407431772575e+00,6.566629249377755606e+00,7.188658431680299721e+00,1.537118066884116452e+00,1.012715423115562174e-01,6.835777384578019422e+00,5.169704248127775514e+00,3.818638129022859484e+00,6.139089999407048026e+00,5.377933002450601130e+00,1.459247790333334294e+00,1.970891296802672610e-01,5.855988072698492530e-01,1.138983740683660928e+00,6.629968122576800127e+00,5.931519249534147775e+00,6.552313918477896237e+00,5.544296172862702932e+00,1.177584262711274032e+00,5.726397927968221779e+00,1.782763869285975966e+00,7.390825356298262871e-01,7.834611492175556080e+00,6.615814597348158577e-01,1.014381890350927851e+00,2.406744086383343806e+00,2.503095581242351653e+00,1.160934362079248938e+00,4.620406296771988330e+00,6.287969553776991738e+00,5.032373694322109792e+00,5.750511911797064002e+00,6.739379485950278692e+00,1.375152246837951120e+00,4.848998569399787684e+00,5.471971708033557036e+00,4.261943124557991958e-01,1.878840964578599726e-01,2.424306191708600622e+00,4.347379757433009750e+00,7.005966620120345212e+00,6.773845975326654667e+00,4.749447469163563529e-01,5.184524885636809799e+00,6.518839996944750581e+00,7.541552243014483459e+00,4.577625346965456643e+00,4.726643210943164419e+00,5.465885156880246676e+00,7.934060244853542443e-01,4.239663092207392125e+00,5.839439771187985961e+00,4.951929112284031653e+00,5.826979151940883561e+00,1.262764185901554148e+00,7.065313525784194582e+00,1.416650913585936422e+00,6.158306261669942216e+00
6.881222389368506498e-01,2.357786970852342456e+00,8.795167732582526154e-01,2.012415847709096095e+00,9.219897590826520162e-01,5.186959783032797588e+00,5.807522295930685807e+00,1.363050402065427491e+00,5.061337606692251079e-02,6.431858925425730789e+00,5.417218681220817622e+00,4.931123507905804004e+00,4.915535159294457834e+00,4.115230808732572854e+00,2.997081327350786140e+00,1.843725603375808264e+00,6.266961281371369097e+00,6.953250667368289228e+00,4.894008991666311204e+00,1.497879755922800094e+00,4.064846255127322117e+00,8.417227120092062975e+00,6.298145583125961622e+00,3.625347910090401804e+00,3.359653045210404532e+00,9.939586628605058261e-01,1.823540712061854085e+00,6.106227464292173224e+00,5.572685925809271801e+00,1.053764471433301875e+00,4.283322921831970831e+00,3.744259309470645558e+00,6.344419148625338067e+00,6.841931212773587845e+00,7.275866457596667836e+00,3.950824520186132283e+00,2.669854776019224829e-01,4.556855966936707247e+00,3.493838136520312609e+00,2.121308967518743538e-01,3.984566340520201422e-02,2.579637195508233560e+00,4.782332990210912627e+00,1.987919684579542157e-01,6.055999736033230718e+00,2.056135141847597048e-01,3.908439106849248112e+00,6.288275347299874696e+00,1.609024999001787526e+00,7.731017160897838414e-01,5.136993961411115972e-01,5.696182902253794644e+00,5.185004546830207506e-01,5.121605227562469054e+00,7.631526939598192172e-01,1.579222880462830325e+00,7.399271259260132183e+00,3.527004501827577521e+00,7.172285337692664298e-01,4.766359142058901988e+00,6.562262693638714062e+00,6.218532528491998335e+00,1.600683315981153765e+00,3.230979438700533279e+00,6.480484876603283872e+00,6.810621956151564405e+00,3.362450168737538547e-01,7.506891835313387773e+00,1.546725275007464484e-01,7.781405546446045207e-01,1.861253835681453417e-01,3.397236590154316893e+00,2.472401566888321467e-01,6.792205169069517545e+00,2.045687708563957985e-01,1.763930575274325063e-01,4.304453598605675335e-01,6.906460179928961551e+00,5.627553921078720656e-01,4.386349112113665960e+00,2.090830573917540125e+00,4.353880081530671298e+00,7.456198652515906300e-01,5.286339477666714970e+00,2.658359596558453664e+00,2.002599012991742367e+00,6.988072920782473219e+00,4.679010169689989951e-02,2.632751070270815674e+00,6.197252567893499098e+00,1.673660894295106782e+00,6.286289719236633822e+00,1.456246140186446381e+00,4.565154591593731936e+00,7.744398028282104995e+00,3.180918253462758472e+00,7.270112325052455304e+00,6.563140804047349341e-01,2.193269861723992520e+00,6.077336450819313285e+00
2.208190606130721712e+00,7.737973948335472585e+00,5.823772853365827284e-01,6.440659796198590747e+00,4.053137886243834309e+00,5.318580855851130273e+00,1.583387485279947882e-01,5.497867256983136608e-01,5.668404485455498687e+00,8.078649312074595912e+00,6.773638124664052018e-01,6.090916169661153567e+00,1.867007222787633314e+00,4.551162226061513660e-01,5.594564239930459593e+00,4.619058583083557323e+00,5.494386885501858941e+00,3.729979485582739507e-01,5.827266049787032998e+00,5.457554600274608703e+00,6.924610187581736742e-01,8.121386234556371875e+00,6.140266774116287074e+00,8.819619438450492233e-01,4.488967766893849465e+00,6.568094268093174648e+00,7.872636949252052041e+00,7.334750111880930845e+00,7.222514902535797532e+00,4.605160466847200595e+00,3.252781986331357622e+00,4.533202827673006752e+00,9.784364097267852500e-01,2.395486313479660900e+00,2.250014930728450047e-02,3.284300827056513938e+00,1.378868836934699971e+00,1.338464293671049798e+00,7.252780004723662799e+00,9.459760640766925466e-01,1.671292123253400153e+00,1.767213779492031733e+00,6.964302458798668383e+00,2.960750069032099807e-01,1.606367995840697560e+00,5.247973358581170977e+00,1.001424747854380293e+00,4.268429656704009645e+00,2.656521515517034082e+00,6.668138353673665364e+00,4.117739132165806337e-01,7.340386491665976010e+00,6.773027599206616900e-01,4.016215596701663948e+00,7.173622015213718228e+00,1.477990203429911720e+00,3.828669667058034243e+00,1.258856209126087755e+00,4.986805802296553347e-01,2.428166893075893729e-01,1.003951151571149225e+00,4.546831362293728418e-01,5.899164962871608964e+00,6.072605345363465190e+00,1.165914520069957661e+00,4.714694823870144269e+00,1.045055668106015911e+00,6.902465508365590807e+00,5.583814138274281191e+00,5.411387466887215281e-01,1.474049850123338778e+00,5.694945448282109801e+00,4.068892055725328305e-01,9.261817700491570271e-02,4.877898124525627210e+00,6.346207750751895471e-01,1.535478192868414027e+00,5.800689743534070963e-02,1.310532768597155728e+00,2.128141399255254917e+00,7.589591562253972690e+00,2.216189739570113559e+00,6.955267193019503136e-01,3.241576369287345827e+00,4.890367959931358754e+00,1.937126821147518774e+00,2.698259863208099851e+00,2.712151212780613108e+00,2.447740367846718890e+00,2.259166676036779009e-01,2.828760461082545419e+00,7.231664246122178064e-01,1.739877735660417368e+00,6.135358772241320757e+00,1.416529655481518990e+00,5.057982225832145851e+00,6.157195400878606506e+00,3.069374752997606759e-01,1.390170870113474955e+00,3.970031870160789511e-01
8.830409949396959002e-01,7.212124792608198831e-01,5.213372064835040121e+00,2.879549887884179871e+00,5.123290232699863722e+00,3.092859107175605082e-03,2.791287443888364361e+00,4.102313864532837195e-01,6.403473964909578431e-02,1.058333187276716991e+00,9.705425860433593011e-01,5.341844769774514390e+00,7.475130354163680657e+00,4.353600988875711231e+00,1.248829276794654053e+00,1.108841300968534949e+00,5.086769941458515909e+00,5.523603378850881818e+00,1.749730760868256851e+00,7.832916193865813170e-01,5.258092881971089483e+00,7.681293801375753461e+00,6.048470871133311277e+00,5.327627750758448855e+00,1.617305196850793436e-01,3.144084673284632814e-01,1.003583182875883217e+00,1.099945261734343260e+00,3.735901806129284797e+00,8.938691181172708777e-01,6.746614184892829158e+00,3.608347103748415829e+00,7.387998209210143052e+00,1.004736354956848210e+00,4.947567485549502209e+00,5.983169773812996972e+00,1.774242968412146348e-01,2.327438978281615167e+00,3.133834826981938715e+00,1.322058727757496666e+00,1.549458327019130888e-01,5.927322757647231377e+00,5.535278496492717970e+00,6.575335156907766709e+00,3.542198069812267924e-01,5.658519051119194287e+00,4.833181188918290516e+00,6.320676562351869698e+00,1.124941152779661557e+00,2.917444658946536151e+00,3.409210971525166167e-01,8.390496112586145472e+00,1.930549954958235670e+00,1.158401867698668486e+00,3.232382964432287675e+00,1.462430963874137291e+00,5.909564583045769481e+00,3.353880270614727488e-01,5.881180441158669225e+00,3.081052942231392144e+00,5.400323034825449398e-01,1.015986023631042512e+00,3.844217647100459656e-01,1.530037421205379555e+00,7.372112268006928204e+00,2.889261766533813613e+00,7.629839964501318406e+00,5.796132817672461357e+00,7.311562627855424878e+00,9.636847156079255683e+00,6.241458458308397184e+00,8.175247625965148757e+00,1.532698077224753153e+00,1.395278941997133648e+00,6.317679875634461872e+00,6.292237644034015531e+00,5.427056734700721918e+00,3.320897124797730360e+00,1.310124164622505916e-03,1.181898433333965492e+00,1.583998775338411935e+00,8.574202731477011952e-01,9.274681857786848393e-01,3.190421171941870693e-01,6.837465541242448985e-01,5.770702268970398841e+00,1.316859295689604137e-01,1.165534027441039955e+00,1.608458793533347198e+00,7.289773378002810666e+00,2.257846341221447339e+00,6.813930647166354326e+00,6.326459277317971086e+00,4.327055691257111203e-01,5.975953423736429571e+00,7.846543943989097158e-01,3.855628258253591678e+00,5.561768867382988368e+00,1.388332539122451692e+00,8.468796148208987962e-01
7.163347063480602905e+00,4.622559872702963091e+00,4.781244962970077950e+00,8.962523092477074904e-01,2.069387366571260323e+00,5.136933224775035445e-01,5.124870936991319681e+00,4.923992548406879166e+00,1.881201795867127657e+00,6.958398933833906064e+00,7.512238665379751268e+00,1.866401272494172758e+00,3.942976010166377332e+00,6.163484626007241118e+00,6.816028643497194395e+00,6.571978321790648891e+00,4.459310041372604339e+00,3.409667563897405440e+00,2.131300388099208298e+00,4.130769510310635440e+00,4.822304959514711165e+00,1.710487735174869517e+00,7.620323214459266303e+00,9.714707994392399737e-01,5.944272784289514888e+00,3.507773411034151856e-01,5.461649123009626461e-01,6.610195464778460206e+00,1.541481468789795084e+00,3.017569557204367037e-01,8.066304586622718986e-02,1.517542180475826230e+00,5.234503418784737683e+00,1.446317884690750066e+00,3.621225233124828691e+00,8.360662850294463766e+00,4.839359303700915271e-01,1.189152350960044791e+00,6.490909631151833281e+00,6.953359781557387542e+00,7.787766137795241406e+00,5.324728379030386094e+00,1.340394053301996014e+00,7.965977397295623597e+00,6.270571340046172004e+00,1.500075701926962823e+00,1.544322024754444689e+00,7.990414309202735765e-01,6.464080768667773924e+00,3.335019150619212835e-01,4.670873265786390505e+00,6.347042762908928992e+00,5.925526295266454468e+00,2.102410130113732123e+00,6.232800951208510298e-01,7.525199505315848469e+00,4.428699328642291544e-01,1.611913715101991107e+00,3.371733015888672913e+00,5.524314879563998915e+00,3.401514236262733526e+00,1.526400800688139103e+00,4.161630753074327060e+00,1.685759513117914166e+00,1.060222217461206373e-01,5.581330844210852238e-01,6.891873083758031981e+00,9.848477034173264144e-02,1.650219440736527821e-01,2.411584575808249920e+00,5.651434096535512985e+00,6.283897142942111991e+00,7.145740533698213603e+00,3.453651378028341323e+00,4.045134575105856278e+00,2.997298938042709526e-01,3.661087145390335085e+00,4.357030632122482317e+00,7.850252952482086322e-01,4.693600791090066338e+00,3.865612715293006429e-01,4.404351865853673331e+00,6.783965135370052302e+00,1.103263881999081431e-01,1.625766455816311185e+00,7.099577152503296240e+00,3.337650985560080219e+00,3.355781018029220686e+00,3.101383766586619517e-01,7.491274915796786615e+00,1.548179247331622488e+00,6.589441773700928984e+00,1.252359905254759820e+00,7.712295930693130463e-01,5.129334378455837395e+00,5.569821028887122161e+00,1.964258486082115063e+00,2.110558216888075656e+00,1.701312474443021472e+00,1.097245072496787932e+00
5.534710277816714985e+00,1.594730410564315193e+00,5.486639958157999430e-01,1.171448890014821886e+00,7.000239263763662123e+00,8.090113469491582165e+00,6.279873864266328987e+00,5.664746105513687180e-01,8.917506798724161854e-01,4.981665563963479926e+00,5.107604270272777747e+00,6.030068116533030320e+00,2.189529368517678432e+00,3.593360226809296787e+00,4.893767956304539091e+00,1.794411877358057517e+00,6.500081419804706329e+00,1.774817379984295895e+00,5.685899236480554286e+00,4.641318876456609566e+00,4.514227332729891629e+00,2.964731261918009952e-01,3.930296874837489796e+00,5.524338961282084348e+00,4.900774502852629055e+00,7.340285996940151492e+00,8.168196099707989433e+00,6.879094899555826537e-01,4.451240453658658058e-01,6.046022843769572219e+00,2.490461485705973921e+00,7.803244832776627504e+00,1.623924877549226542e-01,6.989099106332868239e+00,4.494012479278322481e+00,5.875129389012254677e+00,5.597583387262201171e+00,4.841752349433879665e+00,7.000144448955115450e+00,4.478376317684951147e+00,6.096050217055531739e+00,4.985801017293246318e+00,1.470511219424577076e+00,1.037085302129841846e+00,7.486198011788036233e+00,1.125737780842893221e+00,8.155660319681386383e+00,4.541274197191397022e+00,6.449726616183264483e+00,5.211360483070974770e-01,1.416906268361322496e+00,1.591747073734598672e+00,3.415809208695983479e+00,4.431337422233130319e+00,5.621585867682190596e+00,6.093014199010260423e-01,2.194092749254326513e+00,4.023103290176600844e+00,5.750012904675044112e+00,9.348005920056079443e-02,8.959587999008661541e+00,4.954547324684742016e+00,4.550768565884589556e+00,6.022503071760281657e+00,4.306942656781397316e-01,6.413905790014552188e+00,3.714591897427914624e-01,7.121809489966437923e+00,6.463498097717542024e+00,1.766079497597594639e-02,4.351977481289704741e+00,6.003857283470820150e+00,1.785224276550719580e+00,4.595399962071661015e+00,2.401705179792861244e-01,3.045748341648649937e+00,7.941975876609552287e+00,6.642293792076065628e+00,1.449832927880268851e+00,3.026791725975694902e+00,5.348827312019972524e+00,6.982469495953441019e+00,2.063007040107598833e+00,9.393669507566639876e-01,3.334059240373614674e+00,3.298442383254324373e+00,3.667481309858685590e-01,5.268616037977974287e+00,1.130657879767598351e+00,5.036522267772308048e+00,1.559294906493591926e+00,7.914637439125160157e+00,6.332446961374244232e+00,5.000499325529106365e-01,5.868026115332340531e+00,4.857247249910867648e-01,1.939988985174319946e+00,1.134584771637840772e+00,1.010075451397089541e+00,4.815534026366869114e+00
8.238367683944918252e-01,5.082974885404542675e+00,4.257444014525152198e+00,1.366976167094027250e+00,4.624205189016074691e+00,3.862392660307990333e+00,5.422452693391326406e+00,5.958326529018863837e+00,1.320470186033772642e+00,4.367004776557648960e+00,2.748670459741150651e+00,3.664457033220429150e+00,1.602732195465349285e+00,9.295465673684913943e-01,9.228954376242638480e-01,8.749609176884257655e-01,6.475147737127654679e+00,3.141149748395642316e+00,1.994786694747063382e+00,1.081457379273641051e+00,7.020086081187528748e+00,7.578239186690757911e+00,6.267756577090375814e+00,3.973931340333880513e-01,1.941286921965814649e-01,5.164342426626538085e+00,6.276947170998692371e+00,5.998662936354892672e+00,2.821243338160628333e+00,4.114472607982385455e+00,9.552210294381029421e-01,1.169049444772084723e+00,6.596084167625479111e+00,5.191098870380632668e-01,7.190486026632061822e+00,3.512802228473854704e-02,3.447344978736996968e-01,1.523177165122520105e+00,2.008042943132324787e+00,1.494064481503635244e-01,7.533909769747666907e+00,3.880208596164431700e-01,6.590260828855187825e+00,7.339542988977181714e+00,7.969568592627506165e-01,1.126869822046090430e+00,1.230063380090568259e+00,1.456813309582955407e+00,5.819000613160874913e+00,7.556944206073292314e+00,4.966428877133123976e+00,7.290469789714340898e+00,7.307965039115720707e+00,4.961643813257203384e+00,2.255584280127447272e-01,6.330144471023636754e+00,2.073841022731466310e-01,5.514789139463662337e+00,2.417012937355249580e-01,2.344839973992877802e+00,6.547704091508881774e+00,5.418070471412796074e+00,7.272732990391048702e-01,1.068444641533130790e+00,9.993971495066289457e-01,1.069253853171334923e+00,4.750790985891480744e+00,8.464568181752480935e-01,4.391669081636138117e+00,3.836114181440000159e+00,4.477167755911169778e+00,6.980568362497592716e+00,1.177405372792481142e+00,6.715672534903866620e+00,5.820681976438504712e+00,1.393873788931156099e+00,1.335588207695850071e+00,1.234972414756236647e+00,5.664289456258270405e+00,1.309203720700417239e+00,9.277538709051028620e-01,2.979519012017171065e-01,3.697542525772369082e+00,5.365606926381420116e+00,5.344740574325127724e+00,6.680458515162310817e+00,7.751330952930648444e-01,8.573150688559948662e+00,1.655666505076769379e+00,7.050149310667505276e+00,4.000593852853006283e+00,1.783986980983224946e+00,1.196673645281439047e+00,9.227732585872507887e-01,5.198596702098529088e-01,1.075488810053212063e+00,9.199884922087134820e-01,5.626124359030184152e+00,2.344754594399087733e+00,4.674449927880639066e+00
1.560333761866870894e+00,5.597870610392012836e+00,4.342944084376489933e+00,3.153254336076859676e+00,5.367528067360451516e+00,2.014481058983317308e+00,7.625655856035957747e-01,3.604912596022630256e-01,6.932080700396610951e+00,4.147913408473625552e+00,6.372701318605543896e+00,6.026161348856213351e+00,2.436678839586298828e+00,5.721728853965295514e-01,3.923308669890136713e+00,9.287995798932385583e+00,1.230516283001417355e+00,1.363059725157855784e+00,5.089559342246723350e-01,6.448013390215875384e-01,2.565095010203454429e+00,1.767944497453769692e+00,9.163876578035806686e-01,6.649291429075908866e+00,1.011687513089199131e+00,6.620445959735857144e+00,3.463804717663131472e-01,1.458501926308345409e+00,4.173793394867018058e+00,1.260684092552714741e+00,1.192877650231346953e+00,3.396682695808456387e+00,8.963290197892664901e-01,5.372167102824322527e+00,5.665645140894238097e+00,1.404097355841294581e+00,1.369288337755329321e+00,1.106262546657930113e+00,1.462118292704547740e+00,3.126541917749295685e+00,6.515165435618254008e+00,4.247695492189129673e+00,7.849866324156262731e-01,5.017827614814104109e+00,3.851021335600015583e+00,7.493692743633539877e+00,6.474551995145811922e+00,6.306164501007361922e-01,1.001360652259080553e+00,3.309507572703518363e+00,5.119266670534578623e+00,8.440006018418859668e+00,1.339276085594440779e-01,1.512397179768624866e+00,6.270839905789825863e+00,1.789487529326164950e+00,1.437596245763370195e+00,5.036221564670881889e+00,2.434322510818352825e+00,6.928917837734015484e-01,4.388738782579936881e+00,6.414695967726633086e+00,2.009251783160872940e+00,3.619403765038865739e+00,9.270783885089839416e-02,1.721726983689192636e+00,1.265362977801264277e-01,1.860392232113480704e+00,6.042034602080927463e+00,6.180436797388767722e+00,3.506616015407764131e-01,6.301072810268351532e+00,1.011737672121570064e+00,3.122189344703045766e+00,6.543273149919239806e+00,1.513202398229185563e+00,6.882628036167725227e+00,6.307179247749668427e+00,4.418926533115922872e+00,6.516114376899416527e+00,5.920295910116790683e-01,5.937976802448068803e+00,6.951670245917719093e+00,5.046084219427187989e+00,5.458616752416320939e-01,3.133380468716309597e+00,1.538614264667435894e+00,2.125201544068624493e+00,1.927785250380782411e+00,1.659229003216284637e+00,1.599441653763856497e+00,5.540936669345654764e+00,6.493037210729847297e-01,1.224319135099156686e-01,1.711811513749323943e+00,1.195415980617992702e+00,7.862362352869189941e-02,5.909085335987501963e+00,6.060147013425202900e+00,5.977440452134564097e+00
3.749009167596580649e+00,6.534030066665127201e+00,6.370989688867352285e+00,3.428802433934625693e+00,6.942934175789012841e+00,6.941529635944903909e+00,6.302698738064766992e+00,6.437545836445202951e+00,6.085245920033799827e+00,2.165110199735545748e+00,6.510657161984119590e+00,1.017471184722512856e+00,8.779268638083803644e-02,6.827539810607518689e+00,4.117952898772921699e+00,5.469116149710715469e-01,6.670216706051021127e+00,1.322112425649635270e-01,8.662204706197924597e-01,1.868970882967935676e+00,3.470629119859207634e+00,6.276168268129245220e-02,3.072909229362695616e+00,4.409896120075144088e-01,8.328927134697636792e-01,6.571700688967467840e-01,6.245578636768044589e+00,7.133338535453834339e+00,5.667594537335419069e+00,4.885773503946461815e+00,9.139572360657023609e+00,1.515582402138213602e+00,4.891471176408354715e+00,5.558786726970324388e+00,4.016277473310728041e+00,5.373252284465207751e+00,8.141374638746956549e+00,8.366310278557634206e+00,7.444015966612268720e+00,5.084472245740066398e+00,8.162171011484941729e+00,6.240589720037341692e+00,4.002719663060990918e+00,5.330858452331323605e+00,1.943473783049669557e-01,3.920752823577247526e+00,5.438266939108955533e-01,3.331158858454711158e+00,6.007505426511316138e+00,1.502001679618054641e+00,5.553400921124354461e+00,3.489975894497137965e+00,4.645651138769131272e-01,1.672027427651041620e-01,5.097466813412796505e+00,5.808772269298879465e+00,7.285541279895161537e+00,4.051944913923628988e+00,1.934797879390548037e+00,1.578552077360693584e+00,1.759418835993677988e+00,1.305375174344265643e+00,7.811554084387563712e+00,5.394521757145911423e+00,4.600009661671520256e+00,5.644353701662113920e+00,5.399388850539525997e+00,6.587430284400405789e+00,4.536296694247415218e+00,6.456083441791444777e+00,6.638255788712985606e+00,9.167129893852660194e-01,3.934563751457328173e+00,5.987475757081694994e+00,4.175452459115450488e+00,3.286083913113601040e-01,8.823089666717471857e-01,2.206289575105391254e-01,5.085425895942141672e+00,3.502742211548762974e+00,1.489992392274289701e+00,4.467063771030995056e+00,6.608997186987651595e+00,2.278115623226072639e+00,1.195500817640641200e+00,7.006248402316193946e+00,3.829124947165829518e-01,6.698811471110827753e+00,5.757482346017497754e+00,2.877927097030230641e-02,5.610431787953306326e+00,8.050039053630094088e+00,2.169102912225149726e+00,3.521062960243865447e+00,3.871024434994453145e+00,4.448956406727755386e-01,5.211558996767687191e+00,5.160121120665329464e+00,5.389925217082153885e+00,4.634533710677326113e+00
7.988133827938028730e-01,7.146792240977664079e+00,8.633344510472088729e+00,2.701339926248219614e-01,5.365517363573942822e-01,5.002214579047661758e+00,7.982369081438502434e+00,4.533418458616468527e+00,1.823254904638348162e+00,5.219782947001051276e+00,6.187227740304566126e+00,2.946384499191877504e-01,1.143512400673995399e+00,6.390929692691658559e+00,5.129387411811566544e+00,2.234820242232593124e+00,5.538327969723662036e+00,5.058545664452207546e+00,2.237325376377119479e+00,7.461104673704594958e+00,6.939602558387397480e+00,6.774293674822834177e+00,1.316284714384130972e+00,4.171235935061314848e+00,5.467692281651718389e+00,1.535685616169103707e+00,5.534297501089564975e+00,1.645013262154714440e+00,8.462385116769970406e-01,7.575338898625323836e+00,4.844874120630836556e-01,4.585359173173648273e+00,2.840525626105919743e-01,5.469245494394535889e+00,8.311820829018138568e+00,1.399523964101715645e+00,5.588981805416758597e+00,7.487705695212473422e+00,7.045468402594494250e+00,3.080821047162554116e+00,5.633821612116950206e+00,7.330450360370416085e+00,4.077741035855455998e+00,6.419804095335564398e+00,5.997565544724247744e+00,4.990618862232779618e-01,7.442978704986385807e+00,1.017023484008551470e+00,6.294402117851497280e+00,7.335853892650517238e+00,9.412991894937901005e-01,5.805064978885087434e+00,6.244537958039370729e+00,3.962451436385386216e+00,7.380288735724706228e+00,5.139036551983842127e-01,5.706522359056243054e-01,7.211999843174171865e+00,6.032641573727661743e-01,7.513861824370271947e+00,4.206599906071873285e+00,4.050794736603116952e+00,5.773154633287855830e+00,2.725685818184033771e+00,5.226226627306775896e+00,5.196536494102984349e+00,2.425713622211421061e+00,1.190153631337383722e+00,7.792512663970647679e+00,3.021739150933691054e+00,2.047844110036417309e+00,5.373591350097218111e+00,6.380655619103444698e-01,2.409309717335483825e+00,2.493338032172338625e+00,2.573924063420297337e+00,5.550812884509471523e+00,6.188534097615686846e+00,1.105652133184550800e+00,1.571949196149671657e+00,5.520097196449175181e-01,6.465174021016291128e-01,6.051550992003852159e+00,7.470738461854349310e+00,8.981488030260094124e-01,1.260074956193629747e+00,5.824663944505452662e-01,6.808820206916821327e-01,7.794911584521244663e+00,3.378659552594104332e-01,7.605835173769536439e+00,1.813430295742524123e-02,2.817416498518056089e-01,3.885725278521214410e+00,5.752822218818018918e+00,1.946743312413097282e-01,3.796290429066528471e+00,4.137718452260013002e+00,5.586083269822778696e+00,1.934069784355013644e-01
6.089859030449641608e+00,6.596639936465067855e+00,5.177257306051523678e-01,4.135835975565734124e+00,6.104284769524841892e+00,7.354410874655050279e+00,4.119383882262045660e+00,5.076950865184610251e+00,6.872443807182675002e+00,5.740569280840910338e-01,1.693227680518127887e+00,3.140541467956836641e-02,5.588066742963871292e+00,6.395095997630518170e+00,7.560384201916741986e+00,7.877506611988471796e-02,8.333218984577986932e-01,4.967856613317224834e+00,1.745278375703358975e+00,6.505858666165757143e+00,6.613066378923727839e+00,5.305996746839092282e+00,4.096502003871696829e+00,9.175297193152242015e-01,3.423637244322270679e-01,6.276851401542985265e+00,4.902527422514689093e+00,3.516124987052585915e+00,1.441046117177530173e+00,4.513981340858263636e+00,8.611307120902226275e-01,1.238083799525607542e+00,5.049739694567095150e+00,4.829983729751582189e+00,5.906915862225640801e+00,4.509337852011617187e+00,6.769656011480575941e+00,5.995882142780095236e+00,3.926759920596086584e+00,3.089161673592401236e+00,3.721233556701666334e-01,7.077390295646919682e+00,4.849666624184396646e+00,4.973578765410431757e+00,4.390462517133060238e-01,3.108853259131069358e+00,5.715787304475642649e+00,5.784075114498833159e+00,5.748734834051913545e+00,6.385360675030653965e+00,5.660027257169312875e+00,6.549188987227439362e+00,5.679853940061220463e+00,4.124543313737451200e+00,4.286914170879935426e+00,8.898804995726095068e-01,4.908175402614822769e-01,3.268468327866909107e-01,4.871341664145224515e-01,4.361435533056601699e+00,7.123347527275337043e+00,4.435606690194181745e+00,5.359782336800713587e+00,3.662142579174508583e+00,5.618087101658219673e+00,1.620440073068928122e+00,7.062387979714319641e+00,1.276340427051381177e-03,2.729634322673633484e+00,4.319965323839342730e+00,4.402912473422352591e+00,4.653533424431588017e+00,6.096263872409287465e+00,7.070459620572608017e+00,4.192852436165033225e+00,4.662459913537815304e-01,1.712853510966839465e+00,1.177729450242966047e+00,8.295591049140460527e-01,3.274565323188943777e-01,5.441442157621714237e+00,1.156166831343245160e+00,8.740612725451203602e+00,5.453790174896930409e+00,4.419289022704935732e+00,5.442951261602996027e+00,4.879959391195082041e+00,8.257857281766411983e-01,1.747288208932618048e+00,1.995322944010293753e-01,3.828268601620251621e-01,6.187531749267764170e+00,2.734201236254929501e+00,6.362903558002331650e+00,7.207500518464350359e-01,8.160692019017057319e+00,4.083258700008421727e+00,6.564698876370658631e+00,1.473473594818752286e+00,7.385536715129044971e+00
7.442956147751388585e+00,6.552779089002307877e+00,5.502233449718680447e+00,7.370832382489711065e+00,4.795204548836803582e+00,1.798099920449453437e+00,6.751835037409571250e+00,3.817971311716666705e+00,1.643007721532975030e+00,3.703357396119598022e+00,1.953976667770272568e+00,4.426703868881971538e+00,8.799296089708374069e+00,6.730651665442002773e+00,6.862769763610284457e+00,6.298544416776243438e+00,7.922277134633053386e+00,4.944953099852154033e+00,5.395954603111512426e+00,1.135048910694600899e+00,1.386375763264725114e+00,6.337003468729364819e+00,5.537915140577108986e+00,9.800516053381220782e-01,4.295323294464833630e+00,7.422874849721933899e+00,2.284214522105137313e+00,6.261282497372411271e+00,1.164008699524527124e+00,9.780218794173559660e-01,6.365424366239501808e+00,6.100233963127049464e+00,1.196221110106435948e+00,6.902699958864459973e+00,1.199043679040241450e+00,8.702343410640438481e-01,1.135418992492820855e+00,7.259166327040797562e+00,9.620541612718474411e+00,8.674474723751309568e+00,1.395882983063233773e+00,6.723591664861132244e+00,3.719582623831731993e-01,4.002416097901672076e-01,5.274227271534106976e+00,8.842739041208467654e+00,7.714344639678563098e+00,7.088983061966769306e-02,6.356841192699070220e+00,6.849744079001087727e+00,3.197032675933953350e+00,4.392672093216499540e+00,1.023716479958744330e+01,7.916214980465386297e+00,6.584175333077169512e+00,1.870731728395089277e+00,6.711788427944788360e+00,1.306992163469088863e+00,3.267153266754649898e+00,6.640285194602244978e+00,4.982645090653122111e+00,7.599549597647695443e+00,6.050804958568638092e+00,6.489496037007585372e+00,6.971585616270338903e+00,1.748563176839728062e+00,4.382386410512867592e+00,5.329057560134668137e+00,4.262969436553042613e+00,3.133107866005169662e+00,7.063976761861306741e+00,7.775216817296008998e+00,4.379001698213528249e-01,5.773318563991725938e+00,5.147368397347490188e+00,1.653001096683654136e+00,5.784738347096157085e+00,6.175843849166700039e+00,7.478040421607815347e+00,6.244381751772868583e+00,1.808854748418591285e+00,8.145291507011456211e-01,1.618652701992378873e+00,9.128129613757614003e-01,6.389665083243637689e+00,6.230376978156158430e+00,4.301277162556507605e+00,1.248352200377090160e+00,1.706308377785032970e-01,4.657393264810597566e-01,4.509243939519810951e+00,5.058203977447996103e+00,6.132405483744411079e+00,1.095854831607888435e+00,3.366067573124258416e+00,8.754741757191883522e+00,5.715229691294805292e+00,5.547969527638105802e+00,4.813072592019334905e+00,1.262803133789630383e+00
2.026684755784791570e+00,6.551094567820348935e+00,8.103688711208587137e+00,8.191367980437313179e+00,3.264302366270068312e+00,3.777016890902266333e+00,5.103736319338262106e+00,7.373755199498687851e+00,5.457205150172816488e+00,3.138028836068481819e+00,7.222393261758117688e+00,9.731427238929086343e+00,3.524795979620931607e-01,5.272583503988104159e-02,7.456904651782503279e+00,7.025400419169280042e+00,7.044799664153186924e+00,6.080821563779272410e+00,4.838401178883506848e-01,4.267159523511817376e+00,5.414387837434382789e+00,5.810834154436607335e+00,5.123692243558614079e-01,6.430639561447407004e+00,1.988287637174663836e+00,5.914235838145030399e+00,8.156680056536281143e+00,3.686450898802433596e-01,4.345500065088831576e+00,1.428710607893339368e+00,5.185621845045460532e+00,7.939225506332643789e+00,7.208315705747665447e+00,9.063219003100298821e+00,5.250111029407517726e+00,5.761826212438402983e+00,3.627976030286075293e+00,4.712907499837395875e+00,6.034790973015859095e+00,6.067174451973023075e-01,8.497203152446315855e+00,7.827179622387334668e+00,1.455208593352860458e+00,1.324536289429895763e+00,2.175523266545833501e+00,6.651328850506489587e+00,1.339407413521461976e+00,1.593239919853030706e+00,7.330369886312571914e+00,3.772604512053165493e+00,7.093588728982853198e+00,2.308365433033820135e+00,7.274075480375085334e+00,5.701501496822084292e+00,5.704511907454234532e+00,3.837001833447872379e+00,7.505880332189014403e-01,5.656658573274953028e-01,1.194060347272965394e+00,7.035776564381790443e+00,5.939869750162528383e+00,1.318686763674707052e+00,9.226657757987984931e-01,1.658323454981343259e+00,6.058704982803122974e+00,6.370939378978638601e+00,1.781551707869855727e+00,6.140319704056578232e+00,3.787858984719538746e+00,3.994809897360375839e+00,6.054680718807532003e+00,4.608481687765838331e+00,5.089114468741730235e+00,5.776761640895569094e+00,5.461653307548681724e-01,1.533507574886410652e+00,7.181885316088424176e+00,8.213423702660567205e-01,3.590483229089952211e+00,7.206976043612394633e+00,7.896003171188326064e-03,2.961347187013745330e-01,5.385734530299119527e+00,8.298001388699146830e+00,2.203055627838789832e+00,1.571676762520295423e+00,5.616091870668083352e+00,6.633402968185977411e-01,1.436451526124911116e-01,7.657975017806619711e+00,6.577674495059892656e+00,4.177705590591254570e+00,9.503970799436933792e-01,1.284008263422724117e+00,3.941427509403649498e+00,1.440566990520242729e+00,4.651792130962420835e+00,4.944116426807777520e-01,4.511394337355187911e-01,5.609534147245612168e+00
4.641058381636284480e+00,4.052815843244028660e-02,1.289374002344043202e+00,5.361497441139579934e+00,6.711870803101519734e+00,1.236745174028567984e+00,6.032672414026443164e+00,5.009776246594375593e+00,1.863556418377064761e+00,1.653585841256107525e+00,6.552351939591906316e+00,3.396678652168749757e-02,1.842760888210519976e+00,4.331546901847652009e+00,2.206820752562598464e+00,1.939269413253077445e+00,3.433121534876965253e+00,6.567946180176754467e+00,6.247811792621433824e+00,1.492772228688604708e-01,6.084624325436879033e+00,9.928494465776324773e+00,6.026115102323261752e+00,5.224514423913817041e+00,7.740115168877043317e+00,5.141159647935495958e-01,6.088384261664903541e+00,6.430973317329621075e+00,5.856413673370440165e+00,3.082484245160267644e+00,3.641605131819964924e+00,4.921454974201844301e+00,4.069995500783888609e+00,8.726001994960899122e-01,2.297918499442923590e+00,6.000756752136315875e+00,7.226295928204263141e+00,8.649973420213401543e-01,6.811572715592127736e+00,5.913838144519425910e+00,3.331112476726050264e-02,1.642168964099112394e+00,2.876921004759231959e-01,3.109638559102819944e+00,4.416333686078704801e+00,2.537697158377842932e+00,1.150454786179706979e+00,2.363318298640091797e+00,5.352038272885697445e+00,5.451847376131246037e+00,1.575310245242782514e-01,8.188421905141067825e+00,4.100440531933879029e+00,2.850386213851647810e-01,1.345715155725577539e-01,1.248173744658538364e+00,6.065164127837565644e+00,1.688757991140896086e+00,1.235327847389289246e-02,3.493123368761235081e-01,7.241696406696207511e-02,6.910923199326338917e+00,4.755870785423518043e+00,4.435716738858332064e+00,7.522442397563981586e+00,7.165469898448668218e+00,2.250478624042958620e-01,6.154287858154705582e+00,8.715164016873441000e+00,3.658538592423704383e+00,4.195989725719141639e+00,5.587468009490575760e+00,7.815788485033787758e-01,9.055698210270429760e-01,6.878124977808367291e+00,1.769756213740741879e-01,3.032570057356812399e+00,2.597127495022268917e+00,1.080424099556297701e+00,5.403843430660113967e+00,3.885228226213746083e-01,5.435266187374249824e+00,1.558425701326382029e+00,3.309310094093100396e+00,5.453799258347925338e+00,7.756541480684271406e-01,8.812951669961332613e+00,7.575123204073902272e+00,5.310702282973802646e-01,3.318377039937371542e+00,1.259309986039481633e+00,7.836067016370601435e-01,1.485900045527328128e+00,4.449492033430098914e+00,1.072318862359840530e+00,4.244149146994270483e-01,4.949118014042126923e+00,1.443717199600486056e+00,2.290611920640430732e-01,6.227379857746024427e+00
2.748825303463327874e+00,6.511791348003788116e+00,2.736100596881758662e+00,3.978145308258869584e+00,4.442754072018892941e+00,7.280545527467451095e+00,7.642385046885736166e+00,5.247232722724774590e+00,1.312474020419912568e+00,5.147950778105658820e+00,2.683076287839842866e+00,5.375369782090704263e+00,5.286100950320000713e+00,6.521073600025324879e+00,6.672682957263083026e+00,5.109006023304024424e+00,6.315116071851736734e+00,5.335460448400350053e+00,6.176992972454689479e+00,1.161105403564552940e+00,4.722500142470511975e+00,6.648085773245654195e+00,7.477343505531273138e-01,1.880586285554013415e+00,2.459279990753868717e+00,4.578149318091076836e+00,6.520904662436848298e+00,4.340198002806030964e+00,6.378724268284324594e+00,4.770448964246447598e-01,8.275895339595229494e-01,2.264534575305122477e+00,3.627583784549807344e+00,1.896409549811384654e+00,1.495062897198302654e-01,6.904417830392452160e+00,5.359624057499116745e+00,4.061860992658334446e+00,1.164623300815703200e+00,5.655667177831662507e-01,5.155183273260048438e+00,7.698222292480436657e-01,7.717768401362867792e+00,5.340086680791415574e+00,7.101934124105147461e+00,1.363873825197882583e+00,6.459927359736549413e+00,7.034976676048795952e+00,4.076271609221972625e+00,8.131990979467879299e+00,4.227132392850125875e+00,5.425926262098585084e+00,1.386624523488015681e+00,4.626809026636750311e+00,8.217404967327933463e+00,5.907732029610206936e+00,2.012826045060692515e+00,5.374612190750440277e+00,5.092654726043316593e+00,3.874935101370503343e+00,1.901067856704769632e+00,6.814155439080661125e+00,4.403860869152978808e+00,4.609335878173855150e+00,6.299125060788440145e+00,1.961241180287510932e+00,7.151364733078122704e+00,4.971210434017446111e+00,6.830866395366097521e-01,5.217513435952965573e+00,5.761143481803641109e-01,7.152239204761688285e+00,8.999378761603515908e-01,2.898790412610960932e-01,5.425093407338746232e+00,2.741012540455026070e+00,2.129585904811530206e+00,7.363370293499011510e+00,7.470904552869623849e+00,6.688115545214319724e+00,3.874235627222532008e-01,1.706524550818402375e-01,6.018648958354251732e+00,8.725384043983763771e-02,5.661015963490892311e+00,2.099275715174748314e+00,7.416454866498207732e-01,6.671355827948111994e+00,5.773747397652805979e+00,3.551525364326166834e-01,4.653749333499002994e+00,5.328643990808339836e+00,9.836531146137539316e-01,5.869476569537340538e+00,8.802558087520253594e+00,1.549345524957297382e-01,6.837398083223146017e+00,4.300766356361186205e+00,7.595768786196204658e+00,4.970236040918199372e+00
6.614914173841496492e+00,5.725770471814454865e+00,4.949727670943012470e+00,5.549222345516676036e+00,7.590869305096099140e+00,2.256839376821815346e+00,5.336360279499428927e+00,5.905250744792166273e+00,4.477088816389487747e+00,1.367778540803909815e+00,4.004602505557674164e+00,6.528768777077385010e-01,6.864797199863992283e+00,6.081966862478420666e+00,1.033301284741174442e+00,3.000647592338678837e-01,3.689925368766199920e+00,2.391095066944701308e+00,1.541777661999292004e+00,4.080458949259143431e+00,6.006466030482656038e+00,1.122087022302381554e+00,3.830890376919435347e+00,1.659656636140709463e+00,5.304810433213502208e+00,5.690560215475416683e+00,6.664625084794165488e+00,5.963167785356093376e+00,6.296451186969590275e+00,2.009986838703559986e+00,1.687315623895331740e+00,7.559226928973139525e-01,6.630098997428536478e+00,7.678125460253721002e+00,1.595147714058160915e+00,6.697853143428229572e+00,4.813386874458104536e+00,4.755904729416220000e+00,8.216090299124378049e+00,2.098393407519584031e+00,6.579263693388484491e+00,8.400230415159029462e+00,8.296110749465349654e-01,3.341165426733833321e+00,3.330503759597277735e+00,3.953447878387252423e+00,6.572529388520931271e+00,2.815468082347539092e+00,5.021930321257479513e-01,2.073230156490627696e+00,5.196936259946391523e+00,4.386756330944743709e+00,6.749538395616966113e+00,4.884183712956364332e+00,5.192735071804099434e+00,7.795606599197511422e+00,9.018839560269314992e-01,6.735099638272769695e+00,1.687162527528875300e+00,6.043051287238514924e+00,4.866680460057881241e+00,3.444735585504957953e+00,1.078750716589104153e+00,4.002460713840370943e+00,6.343994647426503874e+00,1.635018586871439972e+00,5.456401893151129556e+00,1.042770089269058786e+00,5.741940273490162561e+00,1.605952456336222411e+00,4.865455859696741214e+00,5.334780585336473813e+00,1.632894580361057724e+00,3.783149445877930894e+00,4.931884781498651726e+00,3.393616210466527505e+00,3.368353135568781020e+00,3.799135845238647669e+00,4.648934806551202392e+00,1.013133367497218718e-01,4.440161739168101640e+00,3.486941698103113385e+00,4.856353473786542807e+00,5.310960285731038510e+00,4.816306710525666723e+00,6.774581831484228545e+00,6.115229671713735549e+00,6.505774682660314667e-02,6.569678605319504427e+00,6.059105856275636803e+00,5.751479988870095816e+00,5.490245557163795809e+00,1.743993558457081816e+00,3.556641720113185468e+00,6.792754115574009433e+00,1.564614573534067965e+00,5.544098184562836096e+00,7.780294479012223263e+00,5.723333690900859194e-01,1.853582849984928282e-01
4.147263332951041548e+00,8.106182243736167692e+00,6.210244114043090846e+00,3.657237339365045692e+00,7.218356182863576720e+00,4.713919911413094077e+00,1.313926119654337477e+00,6.197444471043523917e-01,1.097028479549376323e+00,6.169963536044293484e+00,7.587217939526046173e+00,5.190074094394828919e+00,5.403025316284153945e+00,5.796931617493833677e+00,8.495469283356502643e+00,5.299751734587573537e+00,6.814777892975812712e+00,1.098679245477961031e+00,2.792702758884868519e-01,6.207367862366018230e+00,1.870709152849315604e+00,5.104695502583680877e+00,4.815627854122334739e+00,8.203375861964392612e+00,7.093768135652598339e+00,6.268933739140211792e+00,5.885588400207444337e+00,3.520847784638426958e+00,7.344058223298361554e+00,4.866697806216725652e+00,6.243219284201751762e+00,2.364624357866729198e+00,7.811151522744721021e+00,7.313917525001444320e-01,5.818453310325431893e+00,5.083836229531568662e+00,4.929174536434221210e+00,7.399204975188360400e+00,4.750005087096651479e+00,7.611360283872252719e-01,7.655565877309772560e+00,2.497779397606576524e-01,1.420640167942021082e-01,1.834141098175553930e+00,8.713912525863360514e+00,4.717368260724772000e+00,7.425769855869397418e+00,7.036145930531600978e-01,8.706120935039212583e+00,7.189777452364021215e-01,5.402082834033936187e+00,5.376137080323357686e-01,5.247275076653474812e+00,6.036366761752436361e-01,1.285966702444165666e-01,5.076164157512192077e+00,1.807962872472907989e+00,3.586398664866764729e+00,6.417978972749072142e-01,5.100903390637322232e+00,4.137446905421962029e+00,7.066382298315371457e+00,7.726050596190122022e+00,1.939379047153613200e+00,5.587565027660790662e+00,3.057230547437415069e+00,7.324629276626057894e+00,1.261992992138033731e+00,5.794576999264879902e+00,1.144846204453547234e+00,6.443605297147186661e+00,7.022545246726891399e+00,1.405940368970393095e+00,6.986018177230469028e+00,3.216735692716484074e+00,3.511043102477644062e+00,8.069584521811079547e-02,4.399453613463835566e+00,2.201854955806690217e-01,1.899436891084040457e+00,4.315358071943610874e+00,6.266405726076196281e+00,1.099672225608646414e+00,7.725320652214134221e+00,4.269302358652914187e+00,5.694703855282717164e+00,7.785814173913073510e+00,3.780234592848450870e+00,5.832844351764939539e+00,6.902331184858663704e+00,1.302224692660278516e+00,6.802050888965204045e+00,7.295581813183233066e+00,1.770575014453173113e+00,3.749477106872944887e-02,3.883486982921507291e+00,4.096602589529458882e+00,7.701492675079481209e+00,1.011214340695585134e+00,2.926427222777416848e+00
2.133538666493652869e+00,5.927809724371813971e+00,9.650290921741944139e-02,7.432392272292682733e-01,7.463941674729580811e+00,4.660016598178644109e+00,8.560289999471522027e-01,8.617472487121297320e+00,1.166434389871696453e+00,7.713098844749595173e+00,6.649564916359683053e+00,5.457855458307248497e+00,7.987658759549105980e+00,4.775669588895767426e+00,4.451964361088164068e+00,6.410308764777576052e+00,5.334772743213478385e-01,6.316195508435557215e+00,1.044378809188433399e+00,2.904274955219983134e-01,7.367976945309616665e-01,6.143805102330189172e+00,6.465089775807222328e-01,1.423053982123606120e+00,6.564419371987734841e+00,1.891423049657180222e+00,4.279075651242800760e+00,6.806921852635377412e+00,8.396599312823921357e-01,7.062104696548545668e+00,4.613238484976374565e+00,4.014576233398719829e+00,1.279181624217572422e-01,6.637021058946698027e+00,5.989663929042236212e+00,6.206357783869085765e+00,1.583851403060683172e-01,5.741343750519023459e-01,6.132960421532289708e+00,2.370153811236456853e+00,4.868592323323596815e+00,2.197300676099204875e+00,8.869212767960115151e-01,8.550062680109992153e-01,6.876238864719956823e+00,3.822202380075961692e+00,5.943313595508248337e-01,1.621608165683645630e-01,4.797274440690741493e+00,5.220872659244958136e+00,4.242777405621374065e+00,3.385492775627558792e+00,3.106453776009447942e+00,1.813807183476863205e+00,1.327180040668055616e-01,1.598170516776623140e+00,6.485796979058124911e+00,6.388691341662937617e+00,5.816866042461747988e+00,4.977087746940854984e+00,5.174617608837742466e+00,6.218524935694726530e+00,5.408772114314751356e+00,2.433685231039663055e+00,3.726417985168525515e+00,4.033209443641998959e+00,4.185810611253423907e+00,5.449951575351052568e+00,6.443655480384233858e-01,5.715901500886911180e+00,7.016911377606641409e+00,6.071941822764461705e+00,5.751852400031030044e-01,3.544716367833442572e-01,4.172131063464698641e+00,1.891418299678110593e+00,2.080624599468317015e+00,6.073993451533493904e+00,6.603262206181010008e+00,5.263914172421532811e+00,1.044222428606384145e+00,7.669603491920908844e+00,1.648663622402053441e-01,3.687256614979091296e+00,6.821210233400266887e+00,6.230599288375882949e+00,2.771670274632249686e+00,3.642807241683010400e+00,6.683109740329864046e+00,6.446996713178526406e+00,1.561735201278124485e+00,6.070319390975186025e+00,1.856619589008773774e+00,6.408175692401342438e+00,1.020065372352289890e+00,5.652079074597546438e+00,3.667725772898058345e+00,5.319307636896914993e+00,7.187462223678209305e-02,6.936382824695195737e+00
2.383694130537947320e+00,6.163897395400478985e+00,6.821512637582418215e+00,4.037638545424359293e+00,1.079973347116510940e+00,3.254177037410924012e+00,3.713938699291526868e-01,7.287498984676282987e+00,3.371310728260550782e+00,4.949419368186558366e-01,1.515971255058456757e+00,1.108069150880433007e+00,6.537853955593902811e+00,3.676976622924020610e+00,5.895184413328513617e-01,1.599151774951604210e+00,1.749170570974858174e+00,4.605963700815401296e+00,1.973734570949764677e+00,3.142448765670319943e+00,2.407253092022623164e+00,7.832129455649505800e-01,4.895049483959220460e+00,6.059762740454047503e+00,7.090748132661932601e+00,9.240710630020099181e-02,1.727921894057099284e+00,8.024604099433831905e+00,1.248435573712110669e+00,5.356492686118863311e+00,4.791644346390870890e-01,6.860041793729433124e+00,5.193032416144742314e+00,3.476694766719846674e-01,4.664417669091982965e+00,5.979410395459244576e+00,7.062532538359949541e+00,2.066238661701942370e+00,3.329541507937554545e-01,8.483893857915589365e+00,6.558703891983547862e+00,5.529259929627704295e+00,6.321964274294010977e+00,6.059086284368961017e+00,5.402078172537465584e+00,1.106666501707098682e-01,7.341461933668322892e-01,2.124710456403950065e+00,4.297191180268808530e+00,6.656359282285371215e-01,3.125502351366944875e+00,7.342616499597421686e+00,4.227792859685889582e+00,5.488193851296445658e+00,5.832866802045223231e+00,5.271683920866017559e+00,3.699102058660802550e-01,2.238507662107627638e+00,6.031764184088464376e+00,6.948858306821418473e+00,9.058566696813238339e-01,6.448229641180289740e+00,1.686811246083426585e+00,4.291435010382435244e+00,2.048744301429842096e+00,1.512309553868830037e+00,5.165370459611590803e+00,5.445325715081769324e+00,6.940088172438687586e+00,4.006378122846827594e+00,5.202958050071537777e+00,6.657874302485491391e+00,4.935092883510888706e-01,5.275450755601410968e+00,4.152582246818424139e+00,7.057863077130813068e+00,2.508969799122930944e-01,1.041877101488229096e+00,7.590872888586885914e+00,7.831658002492246418e+00,3.238288592907006880e+00,3.452158943314493467e+00,4.649326004413747881e+00,4.293296478426251728e-01,5.398432271003020588e+00,3.614501574049491239e+00,2.164635328277406678e-01,3.233090059995049614e-01,9.239768966607750933e-01,4.947240464586852848e-01,2.139158085947223675e+00,7.399926924353122715e+00,2.857173350308881421e+00,5.355536890956580365e-03,3.037083130367783212e+00,2.616435582019673856e+00,5.689331589796434940e+00,4.317040894373109783e-01,5.188676194239395301e+00,7.709195784560147757e+00
7.578990872433550408e+00,1.021717838839114822e+00,4.617973787900178095e+00,4.113276076530115510e+00,8.020335683200261911e+00,5.975330543269453898e+00,5.789903396153769366e-01,6.704392312629150474e-01,5.298982437695202385e+00,6.685219167405785257e+00,5.082490379155649052e+00,3.099077892736694650e+00,1.034457902975460808e-02,6.485019233176479325e+00,4.129315097229738774e-01,3.148362190097513391e-01,3.161837983479728553e+00,5.530136791413103658e+00,1.549088903884718427e+00,1.002118177067144122e+00,4.185231774843807706e+00,4.588897191875811465e+00,6.111073141110396456e+00,4.260809280062347604e-01,3.482003742199889729e+00,5.269584644535926898e+00,1.645129044736742152e+00,5.157727480846950208e+00,7.588782809775360683e+00,6.478941143177637585e+00,5.144086158616643090e+00,5.802971725292222160e+00,2.756745245417351331e-01,1.401440410891356958e-01,6.496772609499128492e+00,4.682400492620248045e+00,5.204312200490726070e+00,6.402443670995821012e-01,6.723981037593860677e+00,1.327627087157109198e+00,6.662522150715469493e+00,5.062397455359224807e+00,6.311562383500826101e-01,8.011182790873324633e-01,1.535845967416107127e+00,4.503608969216829294e+00,2.981020634064390773e-02,1.450759827459524809e+00,3.019248643171447810e+00,1.590823793883915593e+00,1.190336998013018288e+00,6.920813904679366857e+00,1.174656449822422566e+00,6.271083304548032089e+00,3.879588716095243139e+00,2.011871392991083418e+00,4.129279992985281922e+00,3.702876148071576168e+00,2.493296079262589338e+00,4.337784572747061418e+00,5.758890388831741092e+00,6.455560125364486090e+00,4.532002856749185682e+00,1.491436206510977858e+00,6.707299214656261555e+00,1.698091353684431093e-01,2.774034130840886903e+00,1.138918562357424502e+00,3.180087565302667674e+00,5.255546953816352840e+00,5.396409311508210571e+00,1.288983150241177267e+00,3.256065259033356973e+00,6.034180329463984194e+00,1.071231159514346887e+00,4.175893266500237289e+00,5.777171877976103431e+00,5.455496994770078878e+00,7.000116181915908342e+00,4.645189169923529260e-01,5.086425531316512760e+00,5.933624739740444909e+00,8.313548108905282064e+00,3.132382467619693855e+00,1.151841243075572452e+00,6.063457500635504260e+00,1.076980181302306105e+00,5.945351084037241440e-01,5.425301016948155919e+00,6.202131583021256445e-01,7.213690959006256342e+00,4.569399391776090447e+00,4.435986394079668216e+00,4.008968536852565379e+00,1.967058552405947847e+00,4.092605452353807571e+00,1.929966592851076079e+00,6.192799357301414176e+00,8.232549656235361724e-01,9.925479558842784655e-01
9.018619859393665061e-01,3.468543207216538971e-01,1.895648859267556663e+00,6.740356491512541126e+00,5.024377222494250894e+00,1.161964757977007157e+00,6.669027397577369065e+00,2.390187141109998414e+00,2.214068301014573414e-01,4.393397887865421403e+00,4.984944785622517749e+00,5.462181670686756974e+00,6.968645482081685216e+00,4.211333189679613120e+00,1.469432817045794648e+00,3.798380696261250966e-01,4.083940211968280387e+00,6.434389513079906919e+00,6.314131815023278804e+00,6.947018999091763014e+00,4.593468895925878037e+00,4.954709939248622241e+00,1.597603278162535112e+00,3.102057184335388129e+00,7.388775569446759395e-01,1.279296711913178619e+00,3.048328305078501721e+00,1.602297111355817538e+00,4.925420461138077854e+00,3.810922184034790661e-01,1.552987484151449271e+00,1.472021121911764041e+00,2.350029595064742072e+00,5.671435284741696670e+00,8.709951186464878203e-01,1.339083249094230599e+00,7.620357228074949862e-01,2.727142252765912822e-02,1.521946279285610881e+00,5.787382422482957978e+00,5.621537734929356489e+00,2.268990213318451410e+00,6.624468924750889443e+00,1.977412737277121080e+00,5.778811599557148959e+00,1.144369583790127320e+00,6.076309802773885771e+00,1.695945580710633838e-01,1.627625244385709324e+00,2.503362241516304820e-02,1.657930167554813705e+00,5.008002053795859609e+00,2.806840108877822537e+00,2.864220591797106863e+00,1.678816018928533049e+00,3.867171542406084406e+00,5.239889882008071709e+00,7.186942508904148319e-01,2.100897205239820043e+00,4.301561359900847314e+00,3.046849273560855664e+00,3.130366783586394863e+00,9.076935612209389159e-01,9.742693564965041464e-01,6.200418572663531691e+00,6.612568321555943207e+00,1.269212702096515599e+00,4.842800949249775222e+00,1.093360452511003000e+00,3.524126375037647030e+00,2.346521021328833889e+00,7.629995491302553612e-01,2.312606264908798614e+00,7.497986815337036148e+00,7.089697835638087753e+00,1.225698143121478623e-01,7.786255501529919520e-01,1.275185325991847751e-01,6.280547037558562806e+00,1.366264288799142079e+00,3.968600346184025796e-02,6.764622606328054566e+00,6.428880110469390452e+00,5.344763355379998693e+00,2.295687832403617179e+00,5.859322587694618001e+00,3.479145052982716146e-01,6.691239199932914161e+00,1.649445879269089144e+00,3.223919979876593844e-01,7.698315075542512709e+00,4.749997348258876428e-01,8.469382536670821082e+00,9.917267408360668224e-01,5.027431046924528246e+00,5.213757881138576522e-01,6.953878305876218135e+00,3.181375537433338341e+00,9.685903344612176724e-01,7.944839765375695251e-01
