7.063077585077065734e+00,3.766328690791811429e+00,5.430081406297081692e+00,4.042859669639736531e+00,4.215902915061174205e+00,2.951488299291145090e+00,4.665988413005919266e-01,1.900054845482537003e+00,8.180713016131548443e+00,3.881208832966369648e+00,2.644666898389221643e+00,7.815224741830032684e+00,4.992047540720105481e+00,4.029834082960872088e+00,7.849332636424392717e+00,5.806041636681100293e+00,3.985669087267156296e-01,5.592745046905079676e+00,6.520595389825794008e-01,4.282322951314332826e+00,4.958762820505142610e-01,4.944702886214698445e+00,7.048362176770870846e+00,5.278958675353394803e+00,3.694783700831250961e+00,3.273251727723057503e+00,7.628706667409641540e+00,5.173903779630992794e-01,9.650920298493030902e-01,1.317430557343765685e+00,3.703900083118374376e-01,6.616419277346685668e+00,4.727160131527768705e+00,3.005843967203467137e+00,7.230163956542975390e-01,7.928529209695787117e+00,6.333410132208366683e+00,4.091038351849808130e+00,6.880923367599130813e+00,4.860164987193525299e+00,6.386163593172760500e+00,4.257428691436198065e+00,1.175200713077134917e+00,6.187344020349139218e-01,1.847529856927875525e+00,6.705870018422287693e+00,6.442549498585087520e+00,5.184777681158492690e+00,6.777509434146381295e+00,3.063118882285225553e+00,1.159068433151220878e+00,1.898234474840528874e-01,1.971649896351621578e-01,6.066001046154780418e+00,6.986899903842085369e-01,6.538717732452251852e+00,7.558330026553646164e+00,5.351197097054749996e+00,1.337065567185231396e+00,7.423107363391799218e+00,6.176911305738460811e+00,5.138164811230788942e+00,6.203855663556400835e+00,7.402763727339717548e+00,6.257981664926862919e+00,3.357383752139996957e+00,4.214369802538612042e+00,3.359351569991141595e+00,4.507373212203997781e+00,8.134986471914906758e-02,4.748863946590534013e+00,3.491078416089390846e+00,1.049958429213652789e+00,5.881756429531334263e+00,5.845036875942368759e+00,4.583388791753855163e-01,4.706033994618210592e+00,1.377921492016442429e+00,6.216318845126084236e-01,5.018151284267890588e+00,6.749834759865228628e-01,2.399209805839546128e-01,7.793025391660757251e-01,1.491328755557465913e+00,1.700633615583253988e+00,4.375986191151740812e+00,8.636599830146517220e+00,5.909409228794954672e+00,6.855236140846503901e+00,5.164296178571750495e+00,4.111678905630834713e+00,5.350836908836094530e+00,4.072621176661831655e+00,6.576606566950365718e+00,2.610338209205876892e-01,6.860104156151576760e+00,4.609117211778581691e+00,1.585850728261871012e+00,7.447065227669071419e+00,6.572790535324974925e+00
6.425958484313389008e+00,4.570741088648725636e+00,2.492705450368684073e+00,5.522445292809424977e+00,5.140214047551965315e+00,6.405286423766798798e+00,5.134876203010694251e-01,2.551351603437232995e+00,3.122925114208360053e+00,5.182700278569836172e-01,6.514255277399223942e+00,6.625531841846683534e+00,5.681392369460399827e+00,2.366256883890792473e+00,2.217233760753582139e+00,1.444675575955226554e+00,6.243746513227583783e-01,5.002184286373999811e+00,2.448371699541992408e-01,4.743051378637898274e+00,2.976164458635410792e-01,6.497251593083859689e+00,3.770303296851732267e+00,5.320480736762755569e+00,1.409315530114632287e+00,1.090915960974593757e+00,4.147982880993614785e+00,5.712326444335118936e+00,6.395814406902937677e+00,6.688357469778567932e+00,5.534409907678268681e+00,6.151475407674709572e+00,4.065090704334054728e+00,1.336158689715126302e+00,3.526722822624569709e+00,7.677041466294643790e+00,4.308327049156277511e+00,3.588717573636686087e-01,4.071000997466872384e+00,5.618127413948605930e-01,5.311630353245354597e-01,1.118248391559418131e+00,7.172703765258562569e+00,4.929835683224361276e+00,7.834934968750875584e+00,3.284575811419359948e+00,4.537134395712753232e+00,4.616720733659885667e+00,1.960319048428142974e-01,8.230312028066524732e+00,5.866970103480236176e+00,4.890163247414020198e+00,1.718769690785389770e+00,3.083450268131251892e+00,6.009122783517653943e+00,3.959856325238828134e+00,5.495390584677452672e+00,6.113373589819294907e+00,5.599607746401741970e+00,4.810037856381894628e+00,5.389748527852492366e+00,6.068228157974022707e+00,3.795327136291122727e+00,1.598911462969136998e+00,6.498103520483561546e+00,6.543167471082944608e+00,7.674710819160079467e+00,3.974504865674810539e-02,5.128649982002534635e+00,7.436099307066758257e+00,5.327294866388939454e+00,6.655687482885080941e-01,8.507911492560236155e+00,5.349167952201482557e+00,1.668096195061895326e+00,3.653835137922324172e+00,5.150837271923378147e+00,4.207206412143886354e+00,7.070140018169242424e+00,5.874389194387349633e+00,4.394068224096976394e+00,5.460005822766099470e+00,1.797575322117730412e-01,4.134108294128762573e+00,9.179013114875199664e-01,4.389555879096668001e+00,7.082271807263036401e-01,1.291367000690752942e+00,6.076396671487779955e+00,2.195601771543203018e-01,4.741834839579155414e+00,1.200166010938798822e+00,3.640524195862968604e-01,4.400678986006278492e+00,7.221237322724729513e-01,2.564293286402994809e+00,6.312591548893926152e+00,7.392274456574265074e+00,4.684550898062063595e+00,3.787630400689690369e+00
1.116121000354926451e+00,4.275743796098239180e-01,8.771453625738370175e-01,7.720542572024377215e+00,1.255012317021228174e+00,1.676986519755784943e+00,7.305354247702233739e-01,4.144638932738315518e+00,3.553528272504994368e-01,1.994213530355424036e+00,8.463336161807147873e-01,9.288179203442507026e-01,1.803904785513071207e+00,4.782188081989201756e+00,6.676633974544015970e+00,2.237194589350631091e+00,3.638676592965496281e-01,5.317131313717911922e+00,2.388270049034982634e+00,5.929875049050258085e+00,2.329805157893632739e+00,1.338806808671280546e+00,2.694351158922503764e+00,4.174361931165950779e-01,6.941060996168692654e+00,9.575431657160768939e-01,6.487189987585475492e+00,6.918659923769532316e-02,1.188808965022678965e+00,6.125151845386833216e+00,1.435172315873109783e+00,1.811145077145558169e+00,6.183820021090854269e+00,5.648565324764626361e+00,6.295540958915112562e+00,2.070917486265059448e+00,2.290962056483775378e+00,5.917958948403954089e+00,2.259221545650612839e+00,8.156374401874295188e+00,3.592039115346479239e-02,2.171099455304380310e+00,5.208760326198253132e+00,1.011041421243422223e+00,2.873724407003363623e+00,2.618796582884370672e+00,2.792916420642642450e+00,5.060910483835654006e+00,5.433653653932901673e-01,1.802207867784364925e+00,5.070128682027355005e-01,3.377441074012532685e-01,6.339623830917906488e-03,2.198213535299539112e-01,4.464859451689061842e+00,6.060601084037338104e+00,4.500141838171083819e+00,1.767411030724721055e+00,1.980850118217726052e+00,7.228622363951420660e+00,6.872591225752285204e+00,6.138723937939861486e+00,7.684427611349089471e-01,7.404622643673935301e+00,6.564590472751280714e+00,6.750026075790716895e+00,2.234154807202481940e-02,6.093542228604905020e+00,8.181982890761238636e+00,8.016551345638292858e+00,4.718886959084175992e+00,7.264168825601027280e+00,4.207607333103157154e-01,3.653501213298665284e+00,2.827708642341331124e+00,4.297595759807889770e+00,1.838189385446054480e+00,7.008303724397472401e+00,1.517321526737385184e-01,6.024262196764217592e+00,2.095668437743755774e+00,1.171045429804802751e+00,8.356094367467026274e+00,1.276667591433183091e+00,6.419215671851352667e+00,2.048198254618628589e+00,4.836494150133048286e+00,5.563995894160162159e+00,1.328247528371068853e+00,6.142765100108613652e+00,6.256065987435546205e+00,1.744325858813350116e+00,5.868499279319621120e-01,6.097955858808784768e+00,2.506436746291493378e+00,9.110984286510649399e-01,1.665618884530980282e+00,7.689143773675155558e-02,4.438461905490938442e+00,2.985948651110819085e-01
6.378855699411565716e+00,2.851169868693848031e+00,9.391934250100961723e-01,6.193648180870876541e-01,4.925891047628773833e+00,1.101808582657884950e+00,9.038528195461836834e-02,6.165126576288630034e+00,1.024550934962183302e+00,1.772052024663132386e+00,4.046926016051296315e+00,3.000276224427654181e+00,1.786288005338954932e+00,5.041731680038838093e+00,1.056478357527351752e-01,1.900619467483108949e+00,9.323794159702072371e-01,6.369839079166856877e+00,6.055644427885607861e+00,1.822417912049381084e-01,5.801356284796611362e+00,2.878161623169423144e+00,8.996898127885980534e-01,6.606444907703794556e+00,4.556680457262229922e-01,5.118133385183585737e+00,3.324237032009834891e+00,5.013571750826381290e+00,6.059512812838196538e+00,1.644517537369941440e+00,1.280634163882461429e+00,3.579047356317737627e+00,1.652829263260165327e+00,5.608814466834595169e-01,1.851533034117017085e+00,5.575778314194113072e-02,4.489756347492584787e+00,8.246646343464783868e+00,4.890989927676149263e-01,4.759343578765535820e-01,5.528395507189728164e+00,4.617382846322970469e-01,6.973382063571735845e-01,1.547505459804381367e+00,2.040177751169021114e+00,8.136931535897588219e+00,6.905843369111552832e+00,5.745045838084683609e+00,3.270177712974631223e+00,8.508401451415679162e-01,3.151871276122923948e-01,3.118481830398671217e+00,4.323579547635578280e+00,4.735070287227330255e+00,8.269720041244994491e+00,2.335427073268543374e+00,4.149811115515222859e+00,4.137242064582624224e+00,9.392238063225710754e-01,4.952681414657865711e-01,6.272308778226795667e+00,5.115718799056525157e+00,7.434679958103506792e+00,3.008205317028747494e+00,6.701749226629321043e+00,8.194928780347812136e+00,3.619495194620918621e-01,5.040453516510789100e+00,2.948940029344563341e-01,6.056942525304951364e-01,3.987343613965600442e-01,2.040247003892521782e+00,4.222368243663489062e-01,2.361043757484546646e-01,1.216268915321436772e+00,7.694507618233143553e+00,1.641788398432193929e+00,8.921360341726585208e-01,5.410800448520107775e-01,1.061707684741642899e+00,6.691553392575283254e+00,1.731835747355088273e+00,1.863718726798989644e-01,1.071250557716310947e+00,4.125336248449869014e-01,3.026445773440394893e-01,3.427718908402476838e+00,5.725454327712599323e+00,5.078884273247609826e+00,6.388432286353342704e+00,2.492961603853643959e-01,4.647451588263372457e+00,1.964159457317125046e+00,9.826333610149011744e-01,5.913678250198599606e-01,3.700778665181956306e-01,4.310340304691762547e+00,1.691863268534940179e+00,6.230771820531090022e+00,3.998099599677542582e-01
6.109602197113376931e+00,6.007895238038505781e+00,5.642821515789544051e+00,3.922927514221523193e+00,4.075458254615217157e+00,8.816834300426013016e-03,5.661842615751854879e+00,4.491229069971444332e+00,6.066974784659833198e+00,5.563765846635058132e+00,3.368611639504802469e+00,3.691919666264131816e+00,5.053689783108695543e+00,4.275325262114698432e+00,5.461740457572072938e-01,4.928413209653358606e+00,3.043030635808269935e+00,6.478472665424806820e+00,6.348757856287310375e+00,3.958806956309748770e+00,5.785279631860960059e+00,1.620424229777812197e+00,1.266228294426818834e-01,4.532053737662054438e+00,1.167321607219721447e+00,5.199350818859482359e+00,2.455646042668591100e+00,7.368315175339327006e+00,5.330802891514352382e+00,5.362895695167389398e+00,2.175089148222872915e+00,4.817409740909624816e+00,5.065158734444738187e+00,8.620561755336229481e+00,4.259886589851212157e+00,6.891253573035286628e+00,5.613720296029027779e+00,5.054212897869190257e+00,2.208862713462366401e+00,7.645656467938986900e+00,4.313259383712217065e+00,6.412526326389707876e+00,4.008610443480381536e-01,9.562739828222490690e-01,6.087483274693182622e+00,1.615862062566726820e+00,1.148593193933334700e+00,1.706903546320419629e-01,6.224382153665493078e+00,6.935766424699461030e-01,5.383698288584731984e+00,8.377095291607130179e+00,9.736490241413418012e-01,1.854134061473298845e+00,3.491219869302926160e-01,4.470828258947648237e+00,4.374125907759210952e-01,8.675282611092576257e-01,6.947777476188730539e+00,8.813804821415213153e-01,5.588352862776591046e-03,6.316917299550533826e+00,8.221692158951313445e+00,5.186684123221269260e+00,1.637680618618388761e+00,6.100653083044587532e+00,5.158225028132771506e+00,5.553861018845037911e+00,5.194038383489142596e+00,4.254857221107637422e-01,4.668349015971795524e-03,7.281745601548151647e+00,4.968446051289383547e+00,1.158023369065757979e+00,1.616961475454733232e+00,3.634203784210113142e+00,1.469458985785412564e+00,5.611410332362316566e+00,2.824973329552940005e-01,6.802617511590098864e+00,7.072817218636257230e+00,3.884807903462084155e-01,6.553642551901210034e+00,1.229436128310573917e+00,1.856685608108070706e+00,6.405881281948235362e+00,4.804504655859489937e+00,7.069406302731284786e-01,4.614079028311394381e+00,3.003822530432810112e+00,7.518575185968111585e-01,4.748205372441907102e+00,5.026471778586977024e+00,6.097363332442242712e-01,5.633762156417236433e+00,6.597420759473356711e+00,6.454272644295208750e+00,2.182599304850457944e+00,1.646445479566004622e+00,7.005567763403472981e+00
4.430113447601033982e-01,7.850923392252354693e-01,5.991271104198531816e+00,5.715107523056769168e+00,4.740352165997597567e+00,4.974192520758855096e+00,6.297026174954952538e+00,6.164229131950783369e+00,6.972467029407395600e+00,6.683323517210012499e-01,5.298057529043811442e-01,5.181607925181602070e+00,7.000943220200266381e+00,4.532049751818523653e+00,4.022162890200731589e+00,6.556447221183353768e+00,7.045430723299103803e+00,1.531365079960845144e+00,4.744949057238581069e-01,5.331763549761471488e+00,6.039551065124084239e+00,7.400260084739579192e+00,7.342615761944624175e+00,1.789479003755348741e+00,3.246015779373920829e+00,7.816763111365198746e+00,4.419545220806302410e+00,8.565560960677380820e+00,2.455389921666458974e+00,3.540239248592263799e+00,4.055876839457589256e+00,5.953265418989812652e+00,3.418726735920108339e+00,1.131101287963601987e+00,1.710598088140510953e+00,4.923997922068288347e+00,4.546163087936980318e+00,7.157426178259231442e+00,1.813991583291693743e+00,4.484597652059061801e+00,5.006124228949040855e+00,5.251322322117731645e+00,6.034032145871510266e+00,5.068952036797762517e+00,9.319124160726577344e+00,7.896891558577316950e+00,1.193795458580034552e+00,5.780469304382966911e+00,5.043862936817849807e+00,1.714944088489156027e+00,6.714531071628424996e+00,1.179785746890539500e+00,1.763647467617142750e+00,4.618765994029600641e+00,7.354181418476638754e+00,3.458402309556245946e+00,6.963738765376883855e+00,5.917362365172549321e-01,4.259371732536803012e-01,4.902139867253048067e-01,1.456101604969725294e+00,4.560539050187568222e+00,6.033282636643718888e+00,5.291182542385328702e+00,7.094069755794087051e+00,4.914343798143126385e+00,1.507939350015989444e+00,1.775412860147029370e+00,3.704486939905636822e-01,1.542467702498082183e+00,3.125321598325490502e+00,1.754781409037439177e+00,4.032159268018526532e+00,6.028021341492599383e+00,6.365412553507046045e-01,7.411091066170243380e+00,6.022020066246010828e+00,1.209568805719962059e+00,7.325540334921521790e+00,7.218718110528646648e+00,7.429047353033051415e+00,7.492923827944922621e+00,7.055857407535587988e+00,7.317761829430273757e-01,5.649737863071266020e+00,2.065711165431971530e+00,6.138279772017531499e+00,5.345282513294499438e+00,6.394364942036817823e+00,5.250995693540941645e+00,6.223415133429591961e+00,9.695955800596435248e-01,4.142833763969585803e+00,6.312282098102696359e+00,5.235216794927392669e+00,7.008944965241967751e+00,4.367593664098240680e+00,6.359818231674243094e+00,5.973796401495060415e+00,5.097627201391541352e-01
7.639123342447491360e-01,5.029633461449499521e+00,1.895281941952338123e-01,3.437730990299086020e-01,5.060842315086951260e+00,5.606927292589844569e+00,2.913580528989530016e-01,4.551678334087752020e+00,2.953005730713709198e-01,4.037564746010632533e+00,1.370573924343062355e+00,1.939491377879738909e+00,5.678922168667456916e+00,5.981618259645344438e+00,8.693459170349559173e+00,5.220920384856148067e-01,5.222595851865355243e+00,8.068619139616550751e-01,6.662802114349038796e+00,6.865752984359036581e+00,7.011429172085525963e+00,6.621760756332733422e+00,8.047091833904438829e+00,1.941039410642050544e+00,1.811545931699160894e+00,6.779340939706435698e+00,8.063504244958650702e+00,3.933921932291213341e-01,4.204469988840254580e+00,3.694304907956885042e+00,4.623643985175213800e+00,1.510761093704146685e+00,2.207963867597740215e+00,3.754595863917860044e+00,1.144216220920606375e-01,9.847013795828035709e-01,2.319822094715561001e+00,5.577816608712811153e+00,4.585488776451728477e+00,6.747356041843236341e+00,3.645634020118337482e+00,7.707067902554721739e-01,2.199383078119678814e-01,6.123792636412590973e+00,6.515834353863954043e-01,1.647593896222140142e+00,6.498056286810586890e+00,2.871876382451772347e-01,4.496655362374702980e-01,4.314747889638613998e+00,6.763269293602515830e+00,2.128400876396994157e+00,6.586172362686300019e-01,5.884440758579929653e-01,5.623837748041115248e+00,4.767364491191019127e+00,7.213415316211856165e+00,2.476953255123755859e+00,6.132413187741477145e+00,5.072263706739756017e+00,4.397207033859620307e-01,5.363885636376942934e+00,7.648537349135534846e+00,7.061754278283440378e+00,2.147507569709996567e+00,5.245078299562461410e+00,4.856717853362857440e+00,5.701218734084537054e+00,5.315646567402922962e+00,6.953527493571081131e-01,6.167305023667763564e+00,7.480979604021142038e+00,5.559171720748989909e-01,8.610191121689765303e-01,1.505890669537027549e+00,8.909497075992733883e-02,4.684214066070282456e+00,1.094768091898094875e+00,4.110752918214270579e+00,1.569718510721782367e+00,6.955345604625590816e+00,5.584344438873147798e-01,6.548458924490041966e+00,6.451704593403154497e+00,7.468806511485677646e+00,6.628552299633655664e+00,1.638436459020411018e+00,6.925352371818767061e+00,2.646778336351074401e-01,3.028586911543951210e-02,7.357981011100380719e-01,1.918797359158119775e-03,7.586773202111768200e+00,3.210329110699107868e+00,4.334744077045900923e+00,4.284385597306275884e+00,5.120782438854442731e+00,6.134197107895829504e+00,3.280517083853220495e+00,8.310394967158817536e+00
1.907127591988412085e+00,5.243585031641381455e+00,5.954722451622141755e+00,7.424248444188991769e+00,5.338711742846022901e-01,8.478211303868455895e-01,6.044214210146492405e-01,6.067603366970618417e+00,2.146844119253199956e+00,5.362225070401763105e+00,1.265614558880698404e+00,3.484510509007257895e+00,1.536672314309211806e+00,3.467767741968082351e+00,1.519952992272188386e+00,3.186639514939770823e-01,1.158966278801276673e+00,6.358773461349693790e+00,1.113831658935095170e+00,1.835914864647054889e+00,1.965225890485777560e+00,8.665111055628187842e+00,1.499066664760957845e+00,6.693840322955820099e+00,4.616074758185655824e+00,7.872929914237735360e+00,8.165157733414851737e-01,7.467727600802199772e-01,5.053727418471694932e+00,4.284997698955987033e+00,2.947902915688460634e+00,6.391416186641943220e+00,1.801472868712464592e+00,5.267584586347709319e+00,6.664837542172968199e+00,5.179992575969577295e+00,1.591137633502568427e+00,6.634377173519328430e+00,8.757490567660862757e-01,3.303154568741849539e-01,7.712933365494916593e+00,5.006024824273431761e+00,5.176261620974508482e+00,1.185440882937192519e+00,5.528861999661276450e-01,9.366534726048237891e-01,2.467887698696547893e+00,1.197508069645347284e+00,2.288262578536755854e+00,4.087026800431520002e+00,5.407626413682900868e+00,6.827763306109002173e+00,4.740924490714089501e+00,1.942720213342644886e+00,6.066940482171109927e+00,7.569282201286580136e-01,3.646114032797265647e+00,7.576388138286769269e+00,1.616134770032153778e+00,3.876653189377982311e+00,9.286762338200242883e-01,1.301673519067715112e+00,5.927237202517201098e+00,1.075841576954893464e+00,2.149779255036141645e+00,5.565926841969009997e-01,1.894493786409703340e-01,6.920383072216337972e+00,4.017099876136765779e+00,4.065830113346796004e+00,4.813818596893288060e+00,5.886594169685437805e+00,5.499746793155721569e+00,4.929702163700913076e+00,3.200837816703267613e+00,8.739341986811576035e+00,8.205461951903303408e-01,8.304175790641912247e-01,7.658128591833957000e-01,1.056895399286392534e+00,7.433052357359692053e+00,7.176323111831635071e-01,2.090297917903880531e+00,6.832033891048084229e+00,1.531242785890794877e+00,1.652412663816023697e+00,1.778853841310314099e+00,5.398392153403357874e+00,7.291014786154432770e+00,1.278620168875208352e+00,6.815695323881823420e+00,7.239044024364794438e+00,4.419141639339151162e+00,5.003992049980625634e-01,1.517361513730150380e+00,1.433093673597225282e+00,2.646430361245949214e+00,3.401370191377208752e-01,6.570905883417927917e+00,8.202105075601151540e+00
6.410537609803713011e+00,9.039594606755844808e+00,5.852313714797411137e+00,2.031107107040071913e+00,1.699381077497111203e+00,3.308650845928125417e+00,5.573824452358773662e+00,5.892211775826956099e+00,6.203289323792524179e+00,1.118765737736898247e+00,3.909541366649686545e+00,1.869174519370520704e+00,1.002624458671583563e+00,7.224291222276395530e+00,3.277734553681907581e+00,1.724762357506877120e-01,2.731669043511786299e-01,4.325089612218399715e+00,7.894448078379288081e-01,2.760597478201244126e+00,9.498711467784837215e-01,8.524675007404896476e+00,6.836177536884140871e+00,1.457709901378197781e+00,6.875993135799586264e-01,6.703147804013154243e-02,6.534886392975063352e+00,7.474636217536159144e-01,2.315288766870081005e+00,6.167554717413745724e-01,9.024876336647514874e-01,4.981363263853626933e+00,8.546189050887236238e-01,4.452427061246962969e-01,4.222994110843982796e+00,4.592565545570179708e+00,1.580745127216702794e+00,1.806012513881557258e+00,1.753523329835096956e+00,4.246983919835727761e+00,3.696560410974314870e+00,2.049794739881757533e+00,1.945496882166020125e+00,8.997114463066472334e-01,4.563132185458771417e+00,4.430628127394175664e+00,1.113480415888434827e-03,3.118983079057603192e+00,3.494221580201692046e+00,6.159983625171416843e-01,4.196804546331709851e+00,5.418204918235248746e-01,4.516371431139187820e-01,3.932072546678258007e-01,5.179031125010156167e+00,5.661974035715796383e+00,2.423385224237863067e+00,5.381442589781111341e-01,1.761252834809826417e+00,8.552103851896964981e-01,3.123827833908626506e+00,1.290591635827384565e+00,2.158482618423139821e-01,9.531269859254223320e-01,1.069127826894377797e+00,6.113501132130616078e+00,6.402350767489314975e+00,5.488789668795702070e+00,6.860715669678970841e+00,2.079316308905866606e+00,3.501057962712549099e+00,8.270727278072842026e+00,4.545482836110107172e+00,1.039456378307205719e+00,5.815182926552657783e+00,4.143020940220774939e+00,1.347206448100579657e-01,7.787472435419704464e-01,6.879441914988708717e+00,2.887316450464325612e+00,5.162561158865560884e+00,8.288602681563704166e+00,1.238046054680626007e+00,9.804128013891577620e-01,9.636137953640370180e-01,1.081849524619049818e+00,6.207587331313575874e+00,5.366797906456354461e+00,1.035402832697279063e+00,1.033148318069452731e+00,1.295461771735878509e+00,2.326791362465687296e+00,2.730734958306795690e+00,1.304946678591923259e+00,7.161778153353334231e-01,5.167757724948895515e+00,1.792557927921725192e-01,5.374742151272826618e-01,8.095546364352731672e+00,3.029252074027746211e+00
1.367283198126745702e+00,4.584521163262255783e+00,3.659227857142128393e+00,6.065146064308745366e+00,6.306489925525127660e+00,8.577965141040275743e-01,5.084448794761845747e+00,7.889421700098750989e-01,9.521948729635060227e-01,4.151018886768686578e+00,6.275429709289137570e-01,9.630452132161979595e-01,1.588264075488744265e+00,1.368902546796870734e+00,3.259604103436386069e+00,5.438258278029988624e+00,4.534788171987941041e+00,7.383587591836693331e-01,3.382103296724277453e+00,5.817065321573778647e+00,1.602475368320384064e+00,3.562462911811944410e-01,4.573559832918646428e+00,8.108957381487478244e+00,9.766692881679795990e-01,6.844254390210129380e+00,4.572512873026427727e+00,5.903633768196643317e+00,3.927109600762879182e-01,1.243181147113227469e+00,6.021939978192976106e-01,5.965958728848304915e+00,6.372175100419006810e+00,5.807362211014032383e+00,5.074335760410028762e+00,2.292843024963736376e+00,4.636940120301452417e+00,1.374673546599843865e+00,7.110463987870055291e+00,4.123200616841439015e+00,2.055749384588685835e+00,6.059377836717742660e+00,8.170836088610727188e+00,4.458849663428056331e+00,5.521858208232375276e+00,2.815821005164538704e+00,1.482129051469848191e+00,6.988793321604013897e+00,1.454849445137432085e+00,4.596473197694595392e+00,5.773175061162418409e+00,4.119050759962084030e+00,6.116838049994584026e+00,6.347532261164876566e+00,5.243107011714799981e+00,2.387407847501907376e+00,1.394924613788224965e+00,3.831616702452989021e-01,5.468136171751243335e-01,6.691789380042644453e+00,2.031160930661440212e+00,3.968132252122436476e+00,1.416683938467298010e+00,2.205217688536003084e+00,6.761191592260756167e+00,4.689463733932570655e-01,1.648838558435193002e+00,5.014325949520910264e+00,1.190361155905710788e+00,6.629233708753308196e-01,6.312190429957293070e+00,1.338845672017610067e+00,2.775006891943097020e-01,6.042727974540840208e+00,1.988653663213091338e-01,6.580439374647726325e+00,5.145549242369972021e+00,1.363110354156101378e+00,5.824070065165104282e+00,6.571848193744884714e-01,1.575288545379439853e+00,3.653280705038734588e+00,5.654652852484973735e+00,5.498831465275593189e+00,2.270162346132408970e+00,1.082070561399224973e+00,2.300937586296648796e+00,6.102003403645523072e+00,7.529385623785402881e-01,5.268297460848557989e+00,9.392275469550049882e-01,2.820614287567045908e-01,3.735180902461685992e+00,1.859116980697853583e-01,1.453951869350755377e+00,6.885158951720121934e+00,5.860689478722198587e+00,5.278020971011800455e+00,8.003363213592505687e+00,2.468468196609574061e+00
8.211678541852822644e-01,1.330299502275711365e-01,5.368465874691055184e+00,2.124104838236882564e+00,2.665046456182117218e+00,4.372779242845695968e+00,7.133954301454798141e+00,5.110439578334617927e-01,8.053860896083492094e+00,7.103681243555204361e-01,6.646576149018796897e+00,2.070833777405675313e+00,4.653784444001944465e+00,8.862549328047865771e+00,4.550645433966870712e+00,1.309425863001358215e+00,2.763774660193660804e-01,3.531696431394792945e+00,1.146099662567373167e+00,1.440111810515417146e+00,4.636032116694122074e-01,6.568279152792413811e+00,8.688387642926561627e-01,7.982394045832073015e-01,4.373487351529725231e+00,3.104140430161184128e+00,5.522690828110601302e+00,4.720185801399034986e+00,1.535315426270328354e-01,8.104122311993762651e+00,4.782797009925061182e+00,4.988587556390981170e+00,1.816062339610176490e+00,9.147715410556889193e-01,1.793231158757004895e-01,6.519274155688338013e+00,6.370465408777112870e+00,3.790970510913596048e+00,1.314795145828398182e+00,6.961871835980862677e+00,5.775381743613174912e+00,6.442610394597781287e+00,5.622907849189020091e+00,2.238450767839944566e-01,5.732025140287749565e+00,5.608499366969589950e+00,1.718323528329335215e+00,4.099607999469459862e+00,4.551439431700213589e+00,3.404638703472749217e+00,6.686652730509939246e+00,8.933629543995797562e+00,5.424937739443342011e+00,1.216574328959723950e+00,1.969459381108006557e+00,2.207408830689595369e+00,4.140192672957510922e+00,9.041766345068728006e-01,3.561072165387915156e-01,6.225119967483576211e+00,6.977555004532791649e+00,1.851532866401280231e+00,4.767586059670214205e+00,7.032728894887942062e+00,6.659275669114307128e+00,2.192077749377455920e+00,1.669029452306495243e+00,1.344246980072110187e+00,2.002726456543692635e+00,4.913857879632456793e+00,7.970825023729345205e+00,5.371797566139384639e-01,3.424847609495432987e+00,3.176603277312349594e+00,6.582807571555028936e+00,1.985664818525935793e+00,1.601490822510770240e+00,6.937741237479033707e+00,5.034211892381105002e+00,6.898775481167040979e+00,4.769220509543836251e+00,5.577681250488910614e+00,4.740483971951449327e+00,1.975336734123608329e-01,3.154655370436392214e+00,3.478293838370746238e-01,2.065167359092094923e-01,4.444672794129693738e-01,1.587510544081217168e+00,5.265083418080596545e+00,6.464991862877690565e+00,8.041987834072997998e+00,1.757774638592080274e+00,6.886263031151977465e+00,5.985436874200305901e+00,1.141655787600530214e+00,8.665547064757135320e-01,1.541219300385091362e+00,1.844326120164036631e+00,6.685514970953660097e+00
1.419830704240114150e+00,5.246840533268431805e+00,2.036934690971135886e+00,5.738833939915792826e+00,4.982664237446496891e+00,6.279165917891858406e+00,1.039207899520889322e+00,5.979340068718849821e+00,7.358362963280399072e+00,3.938117596606528270e+00,6.463960493522113104e+00,3.509793968500829475e-01,6.133975942459273689e+00,6.347219209847935417e+00,1.800602398702248141e+00,2.611725172783249116e-01,8.494834136663779178e-01,6.506985853911332995e+00,5.198709330902634207e+00,6.866387280593069242e-01,4.094520074660715103e+00,1.042233683755752427e+00,7.371277179656729572e+00,2.074462796883687066e+00,6.031268414420901669e-01,6.124139017726116130e+00,1.314444147636435245e+00,3.606119645959818598e+00,8.320730324714747939e-01,1.227876549646519599e+00,8.380279266773160707e-01,1.113193899114940599e+00,5.037876120437045913e-01,5.985417541542756847e-01,9.682495835127977735e-01,5.408963149084951461e+00,6.917686285454497153e+00,1.428105018640885682e+00,5.201019405271723350e+00,4.374282388173438285e-01,1.236951815978403646e+00,4.024430983679247120e+00,4.920531033396695619e+00,5.481368798013459553e-01,2.010604244584577316e+00,7.310156633617775235e+00,3.529766922563983833e+00,1.072670108787314502e+00,3.403910827172604847e-01,6.128523436225963295e-01,2.114933252344752823e+00,1.251116693495332388e+00,7.207329802547882025e+00,5.805865333255701977e+00,3.050226265664217173e+00,2.196524655779430013e+00,1.890061220379191109e-01,8.093575082105726182e+00,2.239375376421977926e+00,7.849386799328438080e+00,3.479304390993271934e-01,6.288338576170167116e+00,6.825710632198541461e+00,9.476827419715694312e-02,1.249626287551159676e+00,6.086506708987264425e+00,1.192635925022847543e+00,1.955983044057757247e+00,1.186603656015350339e-02,3.991740404863195479e+00,5.028665801099266197e+00,1.334340008167118397e+00,9.170678644724546302e+00,6.009702337070343958e+00,1.601789425646600318e+00,6.571999101411092781e+00,1.667680839690207417e+00,3.375966306791356342e+00,3.995298913375699090e+00,1.296307072907859181e+00,5.987805914673989705e+00,3.002333604119235000e-01,7.795205462914029937e-01,1.374854513458943162e+00,1.639209730800447407e+00,5.836465102127235127e+00,1.806910565182832995e+00,6.758433299777662384e+00,6.535767142865540613e-01,5.276265450133760915e+00,8.059554393138916861e-01,5.694363193243605625e-01,8.618133661017527425e-01,1.356071292438982834e-01,1.226452120423514369e+00,1.645195372534158818e+00,6.236749432400245929e+00,6.176627990857487482e+00,6.489596562014219749e+00,6.386341749822986635e+00
5.547340113049185062e-01,3.439364226884080722e-01,5.994464891364119641e-01,1.128654942844248499e+00,1.789995050773306007e+00,9.088521447768349582e-01,2.102517173188348742e+00,1.368279557227202181e-01,4.727166797370874640e+00,4.439383734654384739e+00,4.322234763379817934e+00,6.444887553383065182e+00,5.750413414220238550e+00,3.398778014595401853e+00,5.937245323425615062e+00,1.077212128347493358e+00,7.583775935857431705e+00,4.637507933668413296e-01,6.084720308929600918e+00,1.880817074659133503e-01,4.141514834192276950e-01,2.406143873036137748e+00,1.733868306611012766e+00,5.071446031408809674e+00,4.362412734825984906e+00,3.457646505034135398e-01,4.780187004573672738e+00,5.141209500062836391e+00,1.398064011311630050e+00,4.441700051034765728e+00,4.492602381357407637e+00,5.081305621907817205e+00,1.072124385998535212e-01,6.898542904796034492e-02,5.172974915994912326e-01,1.383374791803932524e+00,5.447964707716538513e+00,7.585858276714484205e+00,3.823445322509872124e+00,4.337872757856097161e-01,4.195391255531800923e+00,1.043052332618573663e+00,1.643355325556724367e+00,1.663259320274576680e+00,1.905763626387863008e+00,2.165307811380605685e-01,2.067652781556692521e+00,1.408896623401203696e+00,1.652504046434014828e+00,3.114733066988986998e+00,3.331799972383066022e-01,1.919925728992230241e+00,6.006399140835119610e+00,3.011112782374951724e-01,5.398983875283843048e+00,3.331190109656231968e+00,7.745402977076298878e-02,6.645109728805672633e-01,1.730037475848189565e-01,6.591821682035196028e-01,6.602852501384724349e+00,4.333591496869047432e+00,6.157096245922551780e+00,4.265376038484795629e+00,4.078915782219645791e+00,5.270799940195609601e+00,1.202647846640425788e+00,6.926964694997394645e+00,5.288521725726188727e+00,1.313095387850023776e+00,2.595453182843437734e+00,8.116832760681813586e-01,7.319087304051825615e-01,1.147430396992092705e+00,3.640931463521595468e+00,8.479328681634590303e-03,6.944690598338401522e+00,4.171506332740708700e+00,2.759353899732794879e-01,1.119102233494389864e+00,2.791892131138318245e-01,4.820429378639294882e+00,8.020235610591996966e-01,4.917393759695373845e+00,4.335510422525109320e+00,3.409146117463011549e+00,1.666370003120737575e+00,9.610000910013268838e-01,7.114190624231332416e-01,9.668873661995325275e-01,5.130460197800304378e+00,4.331676718725812059e+00,8.757575586564279035e-01,2.173393323507106345e+00,6.747330673457636152e+00,5.615197561750504107e+00,5.567303051732924501e+00,1.879123412919586400e+00,5.278234664325131220e+00,1.112449699837622985e+00
2.540560311621953282e-02,2.343845570177253368e+00,1.462688329576751878e+00,4.943294290961706139e-01,7.403557492035604426e+00,5.257334224076481988e+00,5.482976427740651193e-01,1.378906252995616200e+00,8.112464299894703856e+00,1.021927449297459489e-01,4.681246810496245692e-01,3.671278441297171735e+00,2.675302062624693722e-01,4.851136423348208382e+00,6.699309427490938162e-01,1.177841236583956341e-01,5.615266775841964986e+00,6.179699400942888943e+00,7.435679231042122694e-01,6.948943477263887836e+00,2.765715861460538161e-01,2.553030408893643521e+00,1.837963689500579312e+00,7.050279373797454952e+00,5.700219705522593383e-01,5.715008720834693356e+00,7.476940051849933155e+00,4.129365688144880586e+00,1.884765519131254230e+00,2.015561621872589138e-01,1.732778064827733555e-01,1.471445027948916628e+00,7.740637374143481964e-01,7.359093849075424743e+00,6.504736756068289161e+00,7.191940442513260479e+00,2.342510144325138377e+00,1.089186971972107454e+00,1.576041762918063194e+00,5.905427927430639379e+00,5.822917580120963166e+00,6.198326815970625958e+00,5.545172587995947922e+00,7.971898574069413712e+00,7.928250236836376530e+00,6.749650154457903284e+00,6.137596131622768958e-02,3.673235351399414483e+00,6.563146380911274669e+00,4.661879513001406794e-01,5.331568210136660824e+00,1.931682806180474721e+00,1.574448296493887733e+00,4.923640243221837132e+00,6.198016184182655763e+00,3.211937061975340235e+00,1.106589141042168212e+00,9.688437638334607138e-01,7.484886797688321547e-01,6.455333566137311241e-02,2.557210119176498431e-01,5.825093323179410199e+00,8.298490503082387448e-01,2.252024092617542550e+00,1.012769842151950206e+00,5.678033308084409647e+00,5.657698606113430451e-01,9.300093118928633995e-01,4.848347920073083905e+00,7.512777154596102847e+00,4.106320666553884280e+00,6.622496063668570354e-01,7.580691324205913739e-01,4.670164632172704167e+00,6.165903775421225141e+00,4.299301164446458934e+00,3.644237074760233730e-01,7.808179258132134093e-01,7.338105521222398231e+00,2.653377920391401634e+00,6.614991229883903756e+00,6.708627857229104707e-01,2.773605678178738376e+00,3.328343716144515962e+00,5.561374689446381137e-01,3.003363381771408047e+00,4.472520779935862834e+00,7.381956695045794881e+00,1.411391570047966226e+00,6.519198232413783600e+00,6.310265319565617759e-01,4.296104801656585259e+00,4.364267437449668385e+00,6.127486831034054227e+00,2.116733314623574280e+00,2.155547264523712148e+00,6.579542863656288709e+00,4.918444468504497458e+00,7.262886022261078267e+00,4.252170862338266133e+00
1.743981965785268429e-01,2.576561183021990331e+00,7.855324960010577229e+00,4.980750497414861755e+00,5.556746599190412361e+00,7.055042210177486783e-01,5.350978181112067134e+00,1.526782278148149263e+00,3.961081073586646184e+00,4.903366579425161298e+00,7.408597858448164430e+00,3.212596768988364548e+00,5.389590741085793724e+00,4.482779253606652858e+00,7.813284555466132986e+00,6.673881820970122725e+00,1.428206318047369194e-01,7.125398869875853691e+00,6.378354603658850763e+00,3.236710923376587612e+00,8.364336639783321870e-01,6.761676049429510282e-01,5.124671800679496236e+00,5.259431331139115429e+00,4.464771301687172844e+00,6.713922095250662636e+00,1.145229252990193736e+00,6.344945131010968353e+00,5.165480093716363630e-01,3.052173844235027467e+00,5.777759012976743769e+00,3.503633831288081257e+00,6.088946642210785853e+00,4.069884907858307699e+00,5.708613439093235264e+00,8.274464373111083404e+00,7.237860089719673207e-01,5.629893487038275524e+00,3.951629867216650993e+00,1.437276805534763335e+00,4.717341998932271352e+00,1.113164381581028595e+00,1.041564938445247890e+00,5.714228138696135773e+00,7.783072984756928214e+00,6.072991707746490775e+00,5.845173537961130261e-01,4.362907976356990680e+00,2.656143003046671502e+00,6.305499676327800174e+00,1.901032254522258658e+00,2.740483809250946035e+00,5.107602848030930787e+00,4.634986116601972350e-01,5.255884683920505118e+00,6.053518900484488263e+00,5.447829357589315080e+00,6.529258519053503518e-01,5.727789205939759043e+00,8.012547949274981818e+00,6.526034185525705134e+00,6.945959747989370214e+00,5.343081358251136948e+00,2.033113213251143137e+00,4.650742098485855180e+00,2.348949861687784413e+00,1.149736185403882338e+00,5.496450546047865870e+00,7.233591686683013222e+00,8.869620318294380468e+00,5.016902235078855021e+00,6.942201513817670921e+00,3.880105008276550915e-01,2.041064284988154398e+00,6.588615041420587737e+00,6.698048676347693409e+00,6.170095847754154761e+00,5.831554435066188091e+00,4.623107106827609947e+00,2.762702903158262835e+00,5.175794066373311964e+00,6.368755071930416456e+00,8.053205958271078657e+00,4.400435969247027401e+00,6.054038357108995072e+00,1.674876312631421005e+00,5.486418264345294560e+00,8.476132694000730883e-01,7.535828174852577277e+00,6.191677364545641105e+00,1.679184734554885372e+00,1.582055960956485929e+00,6.003137969393615769e+00,4.116788861590846338e+00,7.403108145754838887e+00,7.539117022095648935e+00,3.484439363690760239e+00,5.908308591032685797e+00,4.987630302193498011e+00,5.434721253828747045e-01
5.023040717134466426e+00,2.449358511319266185e-02,1.853902156549334990e+00,5.689382830303421068e-01,4.510734182689498439e+00,5.381797168254957020e-01,3.915432104262852597e+00,6.543034770309485992e-03,3.535298883609553577e+00,6.323031268366485769e+00,1.107608795714012162e+00,7.612103812072007258e+00,3.870466154877940212e+00,9.065795232083057043e-01,1.630910254479428279e+00,7.022596333984369110e+00,4.209589623449755180e+00,2.666968499641543255e-01,1.138602649165505909e+00,3.293692394993700923e+00,5.520112352911912268e+00,3.742990327439671194e+00,7.500901708910999943e+00,1.031373250176967460e+00,2.086546280550761523e+00,1.137693973346900256e+00,1.515512095806742066e+00,5.534969734246031337e-02,4.318365401696413919e+00,1.724579688979577252e+00,1.304993496174217782e+00,8.067457156553265563e+00,4.551066148629235641e+00,5.879438472473706767e+00,5.585658425805801741e+00,5.636359910324262756e+00,7.013090595939521776e+00,9.391388147343449067e-01,5.327504615713073655e+00,2.809071456918894150e+00,3.731890340439751430e+00,5.299486891025891877e-01,5.050420891812010815e+00,3.948539034309310747e+00,3.218338354404124413e+00,4.708161777112507274e+00,1.558296098549103448e+00,7.664561122695355166e+00,7.917732251561353074e+00,7.660898685227358840e+00,2.171846451392620558e+00,1.809662818860615419e+00,5.663585280551902912e+00,5.251253218163567382e+00,5.927963567973745462e+00,1.505653334415806732e+00,4.036371650385219390e+00,2.214667408439167318e+00,8.907789382217467633e+00,4.098703730278630886e+00,2.080161174465873231e+00,1.371649522367156981e+00,1.560281352170202585e+00,5.610349807874990269e-01,4.829265260497314083e-01,2.144390338234309468e+00,1.254240740631338946e+00,1.223071032789848633e-01,2.639802436144322861e-02,6.898889324818440194e+00,7.884572486502044342e+00,6.474286866751512548e+00,6.056574796492554924e+00,5.667870456905118814e+00,6.953010394302554076e+00,4.328980970900414782e+00,3.963663778479292743e-01,8.910514964025988416e-01,4.450613252365186234e+00,5.034035659080552172e+00,6.265437161645192710e+00,4.361240860533160735e+00,6.312536393966480475e+00,6.969038306277390404e+00,1.103695132403398116e+00,2.770094753546243904e-01,1.448983353642009364e-01,8.592682678963425857e-02,6.508109591452502229e+00,4.031048043376969758e+00,7.126159322795095896e+00,6.222435705982923615e+00,6.234104452074900493e+00,4.616189821257858483e+00,4.676703030147924878e+00,2.856460169202753363e+00,2.402844467170841547e+00,7.171089722874556927e+00,8.914181112659051998e-01,4.196602741717407881e+00
5.925780463673811838e+00,6.971096332725584155e+00,1.579404007391606024e+00,4.579912427578367584e+00,5.931285575332374549e-01,6.218955992696886703e+00,4.528153046856573383e+00,5.153413414625601874e+00,7.308885057264560281e-01,3.269663755309616615e+00,7.252614519794268411e+00,5.656666687949859273e+00,1.145684953990956600e+00,5.989745992577397260e+00,3.351429383697296371e-01,6.736949349448128288e+00,6.673492169546740627e+00,6.183098406959431692e+00,3.824193393868178248e+00,1.364506945673249483e-01,3.462027323287464320e-01,5.542228947924430216e+00,6.246214487420695960e+00,6.635783592780398976e+00,1.589120646942770332e+00,7.383560430125196694e-01,3.398702395444770819e+00,4.152915400994458217e+00,6.688864229697832897e+00,1.844608830240796138e+00,8.086452515170106992e+00,6.474022961655580666e+00,5.405086510261265076e+00,6.525169219374331142e+00,2.138261817598560377e+00,1.819539855077987323e+00,5.380692154967288587e+00,6.517510014705941046e+00,7.272546563134038244e+00,3.400918250731779668e+00,5.176004725953272434e+00,4.441206486767254269e+00,5.193178447908902484e+00,4.535803072552971882e-01,6.090140138146581172e+00,1.883918750701250922e+00,4.440577830177918628e+00,8.156049094226533569e+00,1.736009196403700994e+00,5.505200067259778507e+00,4.102199163563006401e+00,1.419143315066662581e+00,3.488494557652658479e+00,1.504983271247668064e+00,4.634815491712288349e+00,5.457059937332118693e+00,9.106127503777389220e-01,7.874752512175708929e-02,6.729633690276036084e+00,6.311778674901232122e+00,5.841517728185535496e+00,6.515873727156233919e+00,5.172952788619443965e+00,6.354880291209250132e+00,1.820447748728078796e+00,6.812204268334441259e+00,5.490760366523079306e+00,4.208411570384059885e+00,7.830122746617981022e+00,5.211931911374665383e+00,4.389647742686586973e+00,6.014234517616936504e-01,5.627122826080885432e+00,1.416748357103908784e+00,5.859745571327698244e+00,5.095643815152696376e+00,5.127172995433755709e+00,2.669318169979475464e-01,3.616142740099823172e+00,1.495851609868452670e+00,4.618338678253635976e+00,3.297103091151950771e+00,1.008568928827271449e-01,4.720728462488623656e-01,8.885098806809522687e-01,3.592490399201215823e+00,1.954691353445028312e-01,5.870686508650546642e-02,2.215943849175749047e+00,7.339387062070812817e+00,4.598393942867589956e+00,7.885519978564163424e+00,5.312103951374869126e+00,6.689438033309861531e+00,5.474988203587892954e+00,4.271002577719210436e+00,6.140912504272810324e+00,4.997186749033076580e+00,4.581409593228606525e+00,4.242397812925039702e+00
3.759093523618945998e-01,6.261900029366243459e+00,1.609705508322802459e+00,3.785144835064182534e-01,1.532027574642359280e+00,3.920509030607490786e+00,6.870516900359380230e-02,2.141990572935549508e+00,2.465761004760593789e+00,6.694800357726021112e+00,5.409815827623465356e-02,5.207221646851182939e+00,1.100284323082635796e+00,5.862815399457629972e+00,5.725058382977008975e+00,3.074040254535451711e-01,1.271619854611478750e-01,3.539411411585509093e-01,1.653278775319064975e+00,7.423647965247563985e-01,9.720965130041925306e-02,7.125624345836261142e+00,4.730611068681553455e+00,3.083249978694291293e-02,5.150695684898555449e+00,5.815475590110387394e+00,6.957660480140483994e-01,6.961263959558102732e-01,2.835137657320394133e+00,9.970337415768809608e-01,4.271898547904107168e-02,8.067245058616206999e-01,1.283893060917573603e-02,2.954429340287639816e-01,4.211419468931398846e+00,6.623065626623629853e+00,7.024507297218254287e-01,2.022450556007923339e+00,5.331597007554407242e+00,5.556111753810956344e+00,1.485185171929454873e+00,7.152500203093350883e+00,2.753323366126239513e+00,7.180692566115455477e+00,5.977451441370674523e+00,6.331183450415879932e+00,1.041389845154226501e+00,1.647549843205764031e+00,5.814912237506453252e+00,1.878936874778248889e+00,6.423277726057188275e+00,2.963983062484698117e+00,9.726551491663539828e-01,3.420199081220076653e-01,4.418881087965806032e+00,4.186789598275876934e+00,3.388310964089753519e-01,7.254782326006386839e+00,4.307744032883883634e+00,1.297519975786641133e+00,2.380260840157212510e+00,4.215132557726668949e+00,6.297147248869273684e-01,1.005463202669083067e+00,8.947162685632762402e-01,5.151170430342613571e+00,3.713787737578712722e+00,5.224962934847658946e-01,2.588494502331027292e+00,5.277376044873907102e-01,8.282437994620204247e-01,7.417710926957536977e+00,4.489727523272686760e+00,7.723989804331161668e-01,2.589312257028205000e+00,1.516418235544505499e+00,6.117552396446460428e+00,6.186719650760836409e+00,1.574768790572069754e+00,3.340293703389077162e+00,6.645139627760485723e+00,5.529849355058127358e+00,2.045483829839895407e+00,2.054245753575902889e+00,4.861984149076695516e+00,4.728628263560740175e-01,6.656062599167792193e+00,9.767108365829281214e-01,7.157300894971463379e-01,4.073874841734094199e-01,4.889439067996268484e+00,6.627038898547750634e+00,4.554169611313293453e-01,1.411846619411613046e-01,7.132082842012985147e+00,1.794896438399040006e+00,9.693204589129841287e-01,6.322568129996479769e+00,3.100492336222151479e+00,8.060858236932965104e-01
4.129515401941736386e+00,2.126701249994071841e-01,6.457836456701357974e-01,4.436753947038354351e-01,4.398079534088615183e+00,6.315352900981356932e+00,7.826090728650937578e+00,4.486811492857057715e+00,6.359783663309990231e+00,2.529267997660842315e+00,5.115666355715740021e-01,5.427313910938665664e+00,4.923442697501929644e+00,6.262770987732862338e+00,4.025620681515418298e+00,4.066915838275772188e+00,5.020743637127870862e+00,1.637249805685509596e+00,7.652666486786942279e+00,4.780135831125235768e+00,3.087192000248968338e-01,1.587118660555008942e+00,7.140889254506114447e+00,5.178647821480542035e+00,7.084526719906629744e-01,8.249214583945422063e+00,1.197302604633057710e+00,5.443864459073420647e+00,5.449506311155683846e+00,2.092581565603710558e-01,4.032369985552064939e+00,7.771156603939873619e+00,9.261051401064026578e-01,6.272218566965888087e+00,4.660716034765877147e+00,4.896210659419431011e-02,6.203214961442034436e+00,1.784574872743642349e+00,5.401424542530622652e+00,7.726208488130573926e+00,2.248512150029509549e+00,2.688099236266179304e-01,7.310645119140490866e-02,5.026635784882059532e+00,3.311660745870312894e-01,3.863090570673593849e+00,1.244257671173140789e+00,4.287486800450947655e+00,1.187356631657606965e+00,1.432680448248626837e+00,6.355283089402977481e+00,6.410134297070451126e+00,1.324514363018805874e+00,1.219586124454349330e+00,3.228891221138485701e-01,1.618355931764833500e+00,1.813807942460562206e+00,7.469170327734949488e+00,2.557116273510151583e-01,3.519931554372637272e-01,6.404073877666547787e+00,4.754765338368986960e-01,6.371735786189452355e+00,3.363121517561387108e+00,7.643273083250019972e+00,6.444867155230427969e+00,6.551514100591180778e+00,5.386518577215714920e+00,1.650221727866779897e+00,7.321987708836137365e+00,5.757698207357060838e+00,4.229652610696603254e+00,1.761407437840978973e+00,4.179316561687970832e+00,6.790079453251308017e+00,5.274112361563015883e-01,1.213169486687415644e+00,9.949103757999230302e-01,5.075012546198496288e+00,5.210157598218057018e+00,6.027568726961856527e+00,6.253244578018969158e+00,5.313004422256583759e+00,3.942772404357222982e+00,8.334007934052880540e-01,5.099888850786023831e+00,7.632134799599776365e+00,4.222214286669969674e+00,5.500267702308430984e+00,6.358481957929217998e+00,5.919624712272709921e+00,7.413378807583792529e+00,5.964557982699002281e+00,8.394268243735087953e-01,1.019398718278564209e+00,7.840719874268025080e-01,3.013447253286600791e+00,1.200294129792319975e+00,4.790000274356092547e+00,8.929614566323587077e-01
5.219218265926468092e+00,4.863820938572529506e-01,1.549589104747865154e+00,3.889383640913930407e+00,5.904735148875446704e+00,6.259183670003212185e+00,2.429775058524418441e+00,1.106332619764479830e+00,8.067648629854435427e+00,5.088526353347893050e+00,1.299232193575750927e+00,6.908124398841925640e+00,4.782742518227330208e+00,8.572636269377712281e+00,1.296860236688064383e-01,5.213804458095203209e+00,2.199221628265380701e+00,9.268588477439730910e-01,4.364223575706018821e-01,3.527763389268701033e-01,7.413425875177998003e-01,6.100381997090481789e+00,1.838688413150558532e+00,7.085966912796548556e-02,1.103284847322085094e+00,1.780663302751888111e+00,8.652671918794219152e-02,1.734700632506736007e-01,3.743337760975684159e+00,5.968470628885705231e+00,1.723310888237074234e+00,5.590861951730932589e+00,9.152358855156381701e-01,1.254385032603483552e+00,5.267595083466540373e+00,2.118109723753062834e+00,2.738654357820941687e+00,5.169496750249304995e+00,6.063909933610644565e+00,7.647023987119109911e+00,2.118433030723411159e-01,2.596813276335154796e+00,5.469537354897625825e+00,6.852950931911794719e+00,7.070013795116700805e-01,1.098102925444926825e+00,5.375666603153603340e+00,2.004696621666357537e+00,6.569669669860678241e+00,6.414723465833616078e-01,8.202427298818498969e+00,6.305555718693817369e+00,4.146995472256139514e+00,6.371634621472643811e-01,6.739143238609311304e+00,6.399543588853379150e-01,6.707675362198576963e+00,1.352644445154310926e+00,1.767368806264349335e+00,7.548510073144654164e-02,1.204554183061629313e+00,1.296641319023287275e+00,3.263634468563450852e+00,8.077279094696365291e+00,6.455225051883313192e+00,7.023092440173837936e+00,1.974042868169521459e+00,6.894671631118424848e+00,1.454105834790940355e+00,2.155332135360280343e+00,5.581158586701977953e+00,4.389073593745327351e+00,6.749648136868543702e+00,3.060804730259353512e+00,7.479054520321732014e+00,5.537421416256513851e+00,6.004633249582049359e+00,5.007619361797443602e+00,1.469110153602014579e+00,6.083653349809173827e-01,5.006134266422796131e+00,3.648595687712930857e+00,9.300328931488286432e-01,5.914081470155180043e+00,2.122480304466447087e+00,2.776041657780206062e-01,7.058214094013725237e+00,8.238889684027148608e-01,6.434015434868481265e+00,2.567119489386974429e+00,1.692093529419902431e+00,6.380818318797023991e+00,5.629340847500766465e+00,4.365050614087746528e-01,1.163688859401249776e+00,4.401528497474849644e+00,9.624438858973942690e-01,1.408478686560202586e+00,8.171910831064373326e+00,1.488101258076372169e+00
6.085722416623631226e+00,4.939468490319706362e+00,3.447148378012625969e+00,5.758133045557864982e-01,5.286323144898943838e+00,5.770876775548404503e+00,3.249373368542221030e-01,5.308946593244839640e+00,5.428254637762208290e+00,3.047178256902149940e-01,2.821047073522124471e+00,4.078240234186846891e+00,5.301146776856503706e+00,1.552977807659679410e+00,6.116990842477862955e+00,1.790963420577787568e+00,7.767227563983526650e+00,9.413217234872662820e-01,3.176291190178208268e+00,7.660945341718715440e+00,8.039775283318098431e+00,8.528209907157159320e-01,1.938171483488635438e+00,1.500411190453520005e+00,6.365223870545381857e+00,1.860102214992489511e+00,1.049925144572274371e+00,2.749885010786476958e-01,4.134855927100983486e+00,3.087829258172359648e+00,1.340391927869171163e+00,5.867758963752554457e+00,6.715858292277985697e+00,6.009479817330589668e+00,1.171170760381241349e+00,5.211191814334254602e+00,6.026601148446234291e+00,6.807089355950703968e+00,3.974194502980335386e+00,4.744889240995121327e+00,8.620954453078162771e+00,4.753427886964985305e+00,7.743213016641044000e-01,5.306344393349198718e+00,2.212230541664556682e+00,1.593553439217301193e+00,7.358234272138082233e-01,8.049176501658389382e-01,6.406478164298674116e+00,7.774166368200207344e+00,7.064670063321949467e-01,6.084470192950250045e+00,4.821742722210695220e+00,1.611131972760327713e+00,6.683320051655758931e+00,3.552781100194346120e+00,2.798620030619667354e+00,1.321357262635363572e+00,4.196216990159939542e+00,6.543310223456760832e-01,9.255126264184222462e-01,9.675758902019667929e+00,5.031618465992921507e+00,5.437242898798385404e+00,4.097858272709959948e+00,2.717823327807225020e+00,3.491758574494200351e-01,5.478305859383348242e+00,1.147680011004375000e-01,4.741349521040556070e+00,4.232403352248795159e+00,5.498151856818381589e+00,6.731512287719204402e+00,4.603314853165057841e+00,1.197588694769169626e+00,4.309613495852605558e-01,9.911113570626999270e-01,1.093418299692820783e+00,5.867780816921565723e+00,7.165885669728824681e+00,7.532633097562984936e+00,1.310698806848979769e+00,8.958966340298797348e-01,5.325001835234644432e+00,2.114862623725118240e+00,5.267175783722559679e+00,8.646976426235347901e+00,6.935625963201959010e+00,1.674867243700234321e+00,3.139130912888516978e+00,5.522878496671400406e+00,7.323351642037550846e+00,5.952507631659640808e+00,8.101615284567916575e+00,1.031430638691359425e+00,7.566123453090030537e+00,7.253903901068686544e+00,4.783650389091943289e+00,3.680328183813677434e+00,4.597893731444762544e+00
1.235000793337884595e+00,1.062615953894897602e+00,1.120476888362728740e+00,2.021042296232003821e+00,3.356455947016747210e+00,4.111025818901774542e+00,3.826217526260489610e+00,5.118567672796750401e+00,5.892391508151689550e+00,1.553031255420618262e+00,5.236533684817814560e+00,5.155300747193384048e+00,3.107316121916173124e+00,8.065684005246692934e+00,4.531184311833985845e+00,2.435070226049484532e+00,3.334558296075769590e+00,2.707372215574475049e+00,5.959643614471839435e+00,8.960026157360031718e+00,6.146406542118755922e+00,6.350108533030590863e+00,1.332289676154346125e+00,6.844105124829058084e+00,1.313062756961825395e+00,7.746753722852200985e-01,6.597418274465245425e+00,7.120802069087798003e+00,2.292313038148785509e-01,4.709187839049402413e+00,5.491942280275702970e+00,8.485791624447710291e+00,5.548810683580353675e+00,4.261794468499498834e+00,8.237999680296083094e-01,5.488345317132716783e-01,3.947872240234642671e+00,2.282392849875070073e+00,8.832878195189589832e+00,6.221355344359067452e+00,5.758799166605829356e+00,6.123412516972044806e+00,6.136624709390217980e+00,4.608415272947633312e+00,6.970276235476367432e+00,5.308648648540846615e+00,6.172740141091278332e+00,7.121515354064344994e-01,1.288042857220492721e+00,8.226070850232613196e+00,7.110557447639792805e+00,4.450356087087050661e+00,4.688159825650540569e+00,4.661429795485688032e+00,5.497766488630793980e+00,2.461823978421340708e+00,4.099907684873068447e+00,6.018003234818326774e+00,5.220704854248485738e+00,4.413100633317372790e+00,6.620904369058074224e+00,7.560268007384605582e+00,1.239288645390257404e-02,6.094135902959381568e+00,8.239366302874906012e+00,3.931881537774024160e+00,1.414668274752788335e-01,5.993514138836935956e+00,6.194863929520904477e+00,5.213970192370639190e+00,1.890077137195980583e+00,5.186286802232346282e+00,4.790043860605330828e-02,6.591351565932966672e+00,5.481701177361198773e+00,7.371079173576812416e+00,3.237261590332443539e+00,5.973567402751505995e+00,2.747702451105042964e-01,8.488298796403760393e-01,1.362051464959145530e+00,7.817430420271914926e+00,4.487043575031570697e+00,3.676917245284234692e+00,5.765027732086768886e+00,9.372897961420709745e-01,6.474262268037443313e+00,1.086236279603434163e-01,6.749087503266739674e+00,4.699655557253177740e+00,6.039233538968566961e-01,7.191892643798242446e+00,5.720253115027746027e+00,5.217942761142383645e+00,4.656577040792499567e+00,4.038373733827118173e+00,3.368357547052839296e-01,6.043894370239341285e+00,4.898019962832272256e+00,1.830735495737112695e+00
3.182206137909344257e+00,5.197416244146291220e+00,3.407909982803166704e-01,1.272709539579713445e+00,6.627994387264296350e+00,7.026986079104524663e+00,2.028777643638576489e+00,4.440725901353471450e+00,4.129952211825047570e+00,1.700815260988499666e+00,2.552939481401024224e+00,4.343829977302823275e-01,1.021438876263904172e+00,7.412268592446384474e+00,6.521169672734738576e+00,4.283993687650405890e-01,7.236923551739477212e+00,6.644638892494223459e-01,5.044276373749160491e+00,3.578902506584742405e-01,2.467869932308632386e+00,5.012956044144069034e-01,1.081141472267748149e-01,8.041370353846402086e-01,5.682571095888276247e+00,6.270162850569182211e+00,1.255592778136017662e+00,2.309220437308465712e+00,5.968105622816743505e+00,1.556780574466209544e+00,4.964253931472017989e+00,4.132128442856902062e+00,2.263835447436772341e+00,3.888946939689602367e+00,2.169368084620170167e-01,1.452390823668858744e+00,7.178332889902959479e+00,7.682323937828567040e+00,4.887832794890506705e+00,6.712981684269064830e-01,6.016970482806666354e+00,6.282485257454147209e+00,8.138868538986399059e+00,2.632863980354694267e+00,3.077087970985363796e+00,5.542623441437677378e+00,1.848865562700695797e+00,7.011450747417689477e+00,1.966754825269048990e+00,1.736860893382168758e+00,6.727071334275310122e+00,1.200529489301420449e+00,5.485391081552938530e+00,4.684408203090548284e+00,1.244034800043090305e+00,6.298114749797266043e+00,3.709709230918341039e-01,6.434202736753540819e+00,6.823997477027779368e+00,5.057559719019812938e-01,5.273779780643923942e+00,1.545046169553066395e+00,1.553516577195542148e+00,1.330124509018796752e+00,2.011400518208775079e+00,7.152765011731478495e+00,1.250860037854778728e+00,3.790582132748867572e+00,1.170571129265763899e+00,8.007967046501338615e+00,1.675440355987428687e+00,1.165472537209839565e+00,4.686962933661518171e+00,5.826738745894366467e-02,9.832601935594285081e-01,5.605404429465819405e+00,1.178925249170255540e+00,7.287645218856815266e-01,7.086970164813370943e+00,5.710964587887816801e-01,3.688431005568450605e+00,2.024047217716962166e-02,5.418893188143455220e+00,5.300213317220545672e-01,8.077059675874144196e-01,7.062825030251250524e+00,3.581172866498110174e-01,6.494423798830974093e+00,2.300282527961704737e+00,6.853837723586702957e+00,4.349585919393813782e+00,7.272564693148426684e+00,1.574694389256263261e+00,3.245824054618660082e+00,5.376936777953726043e+00,8.701121946270569119e-01,4.086739151402204229e+00,3.551023766115145808e+00,7.519973496489694931e+00,8.306766616704095441e+00
8.099785363233230839e+00,3.346557525565806657e+00,6.261991712502649854e+00,4.554531991630394572e+00,6.470752040275524308e+00,1.284027186844480584e+00,4.975833027963675326e-01,1.678024939238804247e+00,7.029760086344340131e+00,7.709074519219094590e-03,6.233206794096265213e+00,7.767764070490819073e-01,4.985061248510947784e+00,6.040245841692441608e+00,1.639327344974217171e+00,5.492671660620626284e+00,5.518221263935250143e+00,4.194526337852098941e+00,8.315941663881414314e-01,6.396551834527508973e+00,5.974002856436786413e-01,6.047387965461312298e+00,4.018095060135706831e-02,7.027446107187740765e+00,2.393301534636846473e+00,5.777694230938323017e+00,4.467828698459341830e+00,5.891387834080798136e+00,5.770727050838345029e+00,6.034225762608604882e-01,4.317662117885203266e+00,5.614697578671699496e+00,6.067423301846936567e+00,2.960871416846265980e+00,1.779876605525419375e+00,8.043574952420227575e+00,4.577142611425339958e+00,5.249246652604808716e+00,4.198179748641155840e+00,2.044729587344260580e+00,6.552737803697715968e+00,1.136875367868702025e+00,6.861403482081855465e+00,1.149469108124048677e+00,1.756024413776641424e+00,6.405706749018347246e-01,2.802769077993845226e-01,5.031933676917319076e+00,5.797486050286699388e+00,7.735252526310999244e+00,3.233615015177673246e-01,7.363986505509295455e+00,1.405157791150651203e+00,4.994465915877317919e+00,6.598349976216179691e+00,3.445634044826392461e+00,8.796084390679460574e-01,5.232491249412019485e+00,1.587969255728869822e+00,2.552209848039534990e-01,1.981251200046984851e+00,3.882621385635914857e-01,6.723477556325291538e+00,5.538602758942354765e-01,1.306291055450027994e+00,1.325637856738781650e-03,3.412133823977060443e-01,5.940168382333090857e-01,5.338921475549638807e+00,1.681121276465056269e+00,6.719613781877551872e+00,4.129247630313089168e+00,4.480742028150480394e+00,7.223383985904034077e+00,5.337258333618977169e-01,7.012284757114109368e+00,8.649974040404007081e-01,5.643190885494558273e+00,3.444601127093072090e-01,4.274190680600419290e-01,1.615922106642682987e+00,4.174496234860917143e-01,7.036320916439912310e+00,6.828966791893757105e+00,3.837225904247696828e+00,4.455684335511680416e+00,4.954252811178465610e-01,1.404154876325587331e+00,6.252951009384037029e+00,5.223264854557862158e+00,7.503977621262766462e+00,3.368243010013286742e+00,5.176433268926238895e+00,3.566599113176249780e-02,4.254539191646158791e+00,1.689178669976140856e+00,9.038432694364495479e-01,6.569243715180768994e+00,1.567138368435318618e+00,4.298768102323338169e+00
3.558115060319713141e+00,5.008885072198868471e+00,4.796005504924878871e+00,1.821773394428931603e+00,2.894540146872539577e-01,6.068390800899069681e+00,7.021159206979969980e+00,4.905435431252552547e+00,7.569181166914283665e+00,1.329550583524194529e+00,1.353971579916454226e+00,3.527570922372780249e-02,5.972060420858217533e+00,3.353878698788729018e+00,6.381184953817603756e+00,2.125678204466629140e+00,3.096193790653711808e+00,4.352979577544213718e+00,3.826419838126062789e+00,7.435895633852156905e+00,8.537647212139308550e+00,4.928392573504169150e+00,6.948168438302023908e+00,3.605221611288115913e+00,7.006444993803534693e+00,1.794686465337297143e+00,4.015883961034639960e+00,6.302149138441558662e+00,5.247826264784858807e+00,6.380222305040685882e+00,1.705678277488512418e+00,1.765468274704990792e+00,3.019205686260275634e-01,2.379411844274670784e+00,4.170486764474270025e+00,7.015733553262681887e+00,3.092677215214877151e+00,8.905563286011737745e+00,7.117737656369380161e+00,2.124229405810288629e+00,4.481042453442944939e+00,5.457965099090683836e+00,5.895889241137480141e+00,1.322510461094382084e+00,6.962990952868177708e-01,1.806839732832863366e+00,3.935060117896980181e-01,3.048512516027080288e+00,3.873180592797074162e-01,4.209835419099989817e-01,1.255400629467054996e-01,6.528615634323753802e+00,6.285201916377689102e+00,6.817002075182495346e+00,4.806214983846569311e+00,1.277114385314132239e+00,7.629535573047151686e+00,2.230832230649030912e+00,7.639181221842753722e+00,5.731490290274971144e+00,6.122072154131693367e+00,8.800297261768678325e+00,5.690565693144206350e+00,1.348949667367184801e+00,5.537580044704742965e-01,1.051305819972976563e+00,5.531484655720324994e+00,6.184630555749270897e-01,3.473889248166386334e+00,6.783298381108117114e-01,7.093237941135202895e+00,1.755475307896559478e+00,1.509417569642453216e+00,5.914096008559745599e+00,3.188885348964305422e+00,3.695729772334563457e+00,6.256026006604446188e+00,1.337389538363394248e+00,7.515040784302252419e+00,4.044110582980493973e+00,7.231436209412857252e+00,4.981368360045971500e+00,5.693675548968276878e+00,9.304698228706864693e-02,6.935809314146263560e+00,5.517643520645743038e+00,4.074616049549200980e+00,9.142962301941558678e+00,6.539965729638753444e+00,3.863593108257029396e+00,4.328531694814003572e+00,4.333347386853875882e+00,4.892639772510244178e+00,4.467658127441472615e+00,1.585739250106884768e+00,5.390662304467495503e+00,7.010413176972251748e+00,7.123258352946900018e+00,5.453629206860130196e+00,7.813933310745109218e-01
1.090104759272243484e+00,5.678255800366796890e+00,3.170941719822247151e+00,1.949715269731111533e-01,4.902585728297127687e+00,1.723285143422490506e-01,9.688604077739781939e-01,5.883177013185560966e+00,1.825219380996788043e+00,6.140919816471635428e+00,4.128059909817228812e-01,1.201309554707730598e+00,1.386052585088789701e+00,5.520822993499568732e+00,6.336606714968757714e+00,6.507776073321450028e+00,1.697892320551993572e-01,1.251897684927726795e+00,1.684415323978362800e+00,5.075123513616244253e+00,5.025699003545849308e-01,4.600540889984666038e+00,1.151662524520175035e-01,1.644812284988452777e-01,2.058131500358514110e+00,7.986342716634847960e+00,2.259900841866760324e+00,3.511522969282170781e+00,4.354873610767193703e+00,9.536779802642596504e-01,5.799130620575383865e+00,5.834559719206094286e+00,1.358915269049385977e+00,1.042641496009034441e+00,6.537689328017592949e+00,7.108841119125452579e+00,6.069847660762390795e+00,4.792979229786849871e+00,5.035314846615069229e+00,6.674556237652244484e+00,1.617976852878289851e+00,9.437581225896833903e-01,2.995217183678556827e-01,5.772901855464924736e-01,2.739208129910353229e-03,1.120468629284506967e+00,2.773177755070095341e-01,6.128456590511275337e+00,9.679227001803278885e-01,5.167850162818991677e+00,8.191031916622883102e+00,4.171943040874350750e+00,5.284648149306137910e+00,7.926151965868641902e-01,7.427267042400908181e+00,7.190165001975488579e+00,5.310019174717498736e+00,1.650109276663141999e+00,5.409898424777617620e+00,3.865763737264073185e+00,4.487635425463758487e-01,3.058174132531319422e+00,1.076324957784252856e+00,4.911208817077233890e-01,5.701170371876077780e+00,1.360503512981773966e+00,4.240797570332662580e+00,6.349653840911472891e+00,4.408878234747668934e+00,6.163054642229438551e-01,6.450531231821848621e+00,6.696883326125826486e-01,3.859025963824594285e+00,5.327532278879678174e+00,5.770985867143008097e-01,5.140368945144258461e+00,2.511602878198554434e-01,6.486192786477380512e-01,6.533561289938132344e-01,8.444987633141133321e-01,1.969988904073995961e-01,1.713863511522057070e+00,4.438346710070720569e+00,1.080168989762310572e+00,7.446925398295443088e-01,1.508714337451522614e+00,4.049104244629385008e+00,4.198937429296869084e+00,6.259359983160737162e-01,2.498054274660921337e+00,1.788571637153013594e+00,3.434891483488782704e+00,1.129107975099245209e+00,1.535523407951053798e-01,2.807131250611218931e-01,6.422450003537290009e-01,1.351711948932861285e+00,6.844638703316107353e+00,7.081598426569707172e+00,1.183605777715948104e+00
6.369779843753509141e+00,1.684706840338289435e+00,3.483706708554726861e-01,6.992492023762324038e+00,1.277039380281714376e+00,6.967957559972266957e+00,1.114756301433537988e+00,9.341351904695343045e-01,6.728485528544328353e+00,3.611164534173147089e+00,2.030258059905253987e+00,5.305244939593125153e+00,5.983304155208279962e-01,3.077939130986530269e+00,9.003532310567700092e-01,8.069447993773879446e+00,6.270729825563024384e+00,4.977441541331907970e+00,6.165628861244191405e+00,4.788757309769674508e-01,5.981378161516800240e+00,5.111861824160769174e+00,5.894640470983263381e-01,9.851036133354661439e-01,3.691238665186556966e-01,6.184267172111455935e+00,6.723076079160523300e+00,1.767555637671574420e+00,5.710974466733732546e-01,1.033037650948287700e+00,7.090262104274961175e+00,1.158860929906508241e+00,1.351931368561496427e-01,4.531947129694319898e+00,4.222564626937185928e+00,5.112565388260996713e+00,4.153534490835029125e-01,8.641944603818448201e+00,7.644339735715557360e-01,7.013281578912807568e+00,5.324402111451282948e-01,3.074331033550368186e+00,5.529873840962078457e-01,5.368183874518005716e+00,4.058294612863914352e+00,1.212089640092052667e+00,3.856637295970535284e-01,1.735519841025385368e+00,6.894283455850549025e+00,5.467532437900772813e+00,8.609720196682402182e-01,6.789803548165003200e+00,3.939488535562597482e-01,5.041618248497298893e+00,3.480826793145953335e+00,1.097682944746297462e+00,4.541362069487252739e+00,5.112102312356951117e+00,1.910937904814149935e+00,5.800453736986402653e+00,6.108508687998901010e+00,5.578337166946656378e-02,1.068617134878883990e+00,3.139407513037227204e+00,5.547787149897730474e-01,6.309579248245313465e+00,8.212818537030096566e-01,1.411607509810647976e+00,6.223728162521833696e+00,2.168053556923718261e+00,3.960657258210498188e-01,1.898174094770364251e+00,2.248969073910076943e+00,6.427407765384678395e-01,7.208915818757428262e+00,1.462050625504146328e+00,1.738315383483314269e-01,6.249716851585777277e+00,9.430707630261222496e-01,1.611128389155707108e-01,6.878146050183689297e+00,6.224793121677816288e+00,1.360048447747571387e+00,1.808188847579559333e-01,7.291436736769360216e+00,1.049514731700535997e+00,5.707910278845478302e-01,2.565478315279369426e+00,5.051661500030887098e+00,4.679677022041477841e+00,4.460724563948672561e+00,7.511198867512098865e+00,8.008932273019409021e-01,6.101728412543460101e-01,6.354122764580887761e+00,2.227408674207224326e+00,8.042169425717711206e-01,2.078662880633853405e+00,6.597115608113585772e+00,1.556867998180386792e+00
1.230294914631188785e+00,6.505790030671396718e-01,1.214078775417126721e+00,4.626366693955473508e+00,5.957132113039447230e-01,1.139791907045698105e+00,3.579481796735122678e+00,6.225268600316510970e+00,3.414577047668379439e+00,5.384126659540241278e+00,6.507120497988316821e+00,9.816524676113026482e-01,6.661887291046892479e+00,4.415498132639575246e+00,3.422845829889650915e+00,5.056340824705870318e+00,4.807589220473373004e+00,5.424823636728100418e+00,3.464894811040102329e-01,4.769618328519770856e+00,4.367820399022905420e+00,2.153253282158275717e+00,5.670896986050459887e+00,1.524614714951589622e+00,1.558230098302212152e+00,1.670122202885903961e+00,5.010622217190872973e+00,7.264280018319240195e-01,2.639665091445221323e-01,5.752377599651526729e+00,7.519557980144030651e+00,7.787303090374108727e+00,7.505096898784440640e+00,6.802443494273910041e+00,1.626865284265639033e+00,6.885934187661558070e+00,4.031017785617134308e+00,4.184787816914884218e+00,6.218834543953806637e+00,7.449420173626759123e+00,1.082917776350824646e-01,4.710040738713443531e+00,4.553205282436918466e+00,6.775208289555816776e+00,2.566328121796797923e+00,1.263830642805673588e+00,7.586253149342160995e+00,5.712642133576883552e+00,6.630984358192897332e-01,1.302083950554082659e+00,3.321784722960166469e+00,5.853285261629324943e+00,1.273742699461615668e+00,2.553180439990319961e+00,3.921145654012421211e-01,2.109563965786878104e-01,1.266827337573924295e+00,1.035419166598059437e-01,6.232567202144621454e+00,2.343280371189291778e+00,5.326494686942863765e+00,5.793693143713618543e-01,3.385143729149642677e+00,2.644961040999527224e-02,6.198448830383418873e+00,3.901266618140253328e-02,7.724606353665629754e+00,2.193629225823819251e+00,5.127705998603332205e+00,4.892560353921178162e+00,1.794267062134420776e+00,4.678176156127540786e+00,3.177133921378950898e+00,4.869740294657611379e+00,7.465870966035835110e+00,1.181576285474841281e+00,1.277945805739617580e-01,1.005938379242405478e+00,6.599375013765329534e+00,4.539556938622053117e+00,5.964842734512380673e+00,1.404423209124217475e+00,6.095448177914900789e+00,1.417273330410652621e+00,3.044271877291253148e+00,6.666537252253288415e+00,2.987930588188302927e+00,6.844434183782172276e+00,5.343901154009200738e-01,7.502644645952480928e-01,4.727991461047663435e+00,9.529967919835251600e-01,6.319141564823273605e+00,6.799710044717863777e-01,4.325371674151905488e+00,7.097019360952179667e+00,6.996028918528305773e+00,3.842540673207708313e-01,7.013132431188559224e+00,1.242711250531755240e+00
2.570815925995291629e+00,1.455486016388024328e+00,6.409898693643745204e+00,6.775802121910708742e+00,4.868806415228416284e+00,7.475072470927490720e-02,1.807649163191774599e+00,1.589232286074530043e-01,6.087311915946616914e+00,5.439091086753955473e-01,6.888965939556671358e+00,3.011018428075849407e+00,1.288904844056581567e+00,5.487253715709748292e+00,4.851851112041966063e-01,4.347212845835951356e+00,4.756441640711300600e+00,6.542034890034427619e+00,4.110981719477908580e-01,6.784049569985648453e-01,1.446077198845348022e-01,3.359755955379327697e-01,8.199571930808966513e-01,1.039411306154864878e+00,5.161006235706667056e+00,1.262805902799598812e+00,5.857128987858259528e+00,8.288350905686161951e+00,4.380111665270616239e-01,4.447035712049826728e+00,7.559631829702660788e+00,4.781481247626524933e+00,5.101157894879101207e+00,6.346190124149075906e+00,1.795934674902547545e+00,1.840290820164067309e+00,4.806596821972319855e-01,4.069585405124708899e+00,1.812294569215694429e+00,5.302476598955490061e+00,1.115252546614927676e-01,2.497791529605550842e+00,4.096299258972502244e+00,6.013684951737241491e-02,5.206236268828376090e+00,2.160469500561234657e+00,8.515647997655602097e-01,1.609121194123422693e+00,5.151627184640595658e+00,2.105825601111106060e+00,1.184093414161515589e+00,2.271009498936124693e+00,3.727984958182072317e-01,1.182581286396944042e+00,1.232511827209659128e-01,5.722280689386646024e+00,5.094718431559901450e-01,9.300732327201388649e-01,2.899827817905917815e-01,6.091260015881264422e+00,5.225281223015828758e+00,5.536354431354127748e+00,5.124481582042314187e+00,2.764877781693451109e+00,6.128408305078480112e+00,2.334055571327233736e-01,3.312018595954802080e-01,3.034498896051823102e+00,3.399856007097383337e+00,8.170134606750178108e+00,5.310160755777265429e+00,2.627128160672721702e+00,3.857555020520281097e+00,6.206265289139714092e+00,2.381131801350828692e-01,5.772705732947168045e+00,5.050641129623017811e+00,6.090864945745210868e+00,4.802477656766416025e+00,3.285880786040238810e+00,6.005076389452058017e+00,1.794709245033533129e+00,5.886047297018738966e+00,5.110250369674773196e+00,6.151779739650784506e-01,2.061197069327008080e+00,9.636342742123662486e-01,5.597868876801065596e+00,1.564626097418522876e+00,1.243176879035198468e+00,6.477220676100845509e+00,7.866224572248983193e-01,1.493312887857514815e+00,6.770714569152978868e+00,3.677628231440392970e-01,6.935710928115883078e+00,1.815717278000051671e+00,2.113693258918164730e+00,1.982257696485535181e+00,2.067439654745192090e+00
1.758476650490885529e+00,6.742080428179697549e-02,1.161519101452768155e+00,4.801742665913423913e+00,2.981640679621768708e-01,1.656817551288079171e+00,6.519643609563987141e+00,9.914582723918003992e-01,2.555634273207960661e-01,1.184159947815307090e+00,9.723658883627599447e-01,5.289274647452895550e+00,5.047417764396270989e+00,1.940121752523670251e-01,5.090822252831397776e+00,2.212547442336767478e-01,5.526021980801004929e+00,1.031208764882359796e+00,8.812144229094898140e-01,1.349177844195659004e+00,3.127311493407077592e+00,7.176691263163726298e+00,5.118636308796397749e+00,4.387288719579705010e+00,2.090663818971976617e+00,1.278739656754124265e-01,6.114523794364956188e+00,2.970389854285808706e-01,7.898014757058929192e+00,6.051750038221816119e+00,1.500692802965258421e+00,1.225813076678264224e+00,4.480164387750760646e+00,1.196174844301006512e+00,7.256790054783285981e+00,6.386202386016297083e+00,2.201405740263977062e+00,2.358269944543844865e+00,4.038666452017144692e+00,7.856390392376899623e-01,4.118980457765166747e-01,1.885373601942587296e+00,8.968948884029450674e-01,5.385626583920805288e+00,5.492085504836905940e+00,6.383908543454113627e+00,3.730474659975335339e+00,2.096045406242579290e+00,1.140151651351384299e+00,6.089519497012116922e+00,2.042715128651442669e+00,9.180032081956578383e-01,2.353298894323788026e+00,1.111356302458488043e+00,3.420315434374809893e-01,1.266328884828144652e+00,7.055745447843555951e+00,3.231120410469166870e+00,4.605191505192067325e+00,3.817899984699113514e-01,5.371581811444361421e+00,8.380442934931290111e+00,1.516196157953623391e+00,1.575213680919137715e+00,1.874877158342708183e+00,1.025451655604341594e+00,3.708120509907026019e+00,1.422824223347693540e+00,6.651221958915355614e+00,8.282719539701270950e-01,3.798181982321426897e-01,9.533693875168511855e-01,7.541601591505151525e-01,1.362051123373644756e+00,6.833879525143718325e+00,4.216005943928124111e+00,2.433944255535127610e-01,1.054773711911553447e+00,1.688052655289834059e+00,7.395451623307747191e-02,5.475969139238817895e+00,7.847327025828715108e+00,3.422455853801653181e+00,6.003227685858703033e-01,5.924464350674663926e+00,2.221165322481320814e+00,6.903092677663913435e+00,2.368830790247336893e+00,1.482411646288924523e+00,2.160925335466637343e+00,6.653383121719638638e+00,2.447436408493834481e+00,2.776138785787067853e-01,4.493492768413291039e+00,8.457987618653377559e-01,4.272105119905276638e+00,1.754651925285346525e-01,9.228677894397785408e+00,5.777639891241540759e+00,4.288461997659354097e+00
7.663583848383629160e+00,1.458908832028540159e+00,3.122804826113884102e-01,5.084890042877138860e+00,1.566061608351653200e+00,6.480329536238577326e+00,4.919051796378517416e-01,3.571403747022179331e-01,4.258809210107560972e+00,7.226797345573521270e+00,2.573828656169967477e+00,1.105249082790219495e+00,1.646711901867224714e+00,7.278284566860568461e+00,6.960868691048388790e+00,6.580516567649161708e+00,6.351326584679075626e-01,7.116561489825957487e+00,4.344396017727005344e+00,1.273699404565194815e+00,2.299304803589000912e+00,4.808637117131326022e+00,4.662316668919945784e+00,2.507878171564390968e+00,5.186114179306804406e-01,1.108182153481499732e+00,1.370906689247392007e+00,1.345619410009813999e-01,1.614992681700133437e+00,5.903284027050410998e+00,8.669988652184568156e-01,3.002860673076057640e-01,2.010207940450932984e+00,5.635321112055753368e+00,7.192315488918159083e+00,1.809251129445624162e+00,4.958156267838546682e+00,7.210088218271616611e+00,7.486708018155285416e+00,1.364698227424679500e+00,1.118218020599549334e+00,6.802804664464012774e+00,1.485766975176291194e+00,1.309825046011857896e+00,5.307761055710540354e+00,6.236201771483655065e+00,2.722012354279357282e-01,4.911692478886937607e+00,4.572195842254526355e+00,1.567343075662924523e+00,6.963859280721550249e+00,2.415055853242011441e+00,8.463312377356223548e-01,4.206176132568856474e+00,3.767049979926446746e-01,1.664500720049024940e+00,6.879430606496255152e+00,1.296225430809176071e+00,1.148284643565528285e+00,7.604115647141702627e-01,5.995195026859352794e+00,5.171624060775904752e+00,8.526812046740882556e-01,6.699815223305105150e+00,5.028978648447165689e+00,1.697520614133170014e-01,6.337931572767233845e+00,1.423619428815500854e+00,1.576403283309844472e+00,6.625662236974337205e+00,4.600574542269347589e+00,1.559566820070440007e+00,6.850215120588823758e+00,1.347878734213318275e+00,5.145739841235419831e+00,2.686689159126632642e+00,3.744752828727968996e+00,2.348605909870504771e-01,4.725136554317384885e+00,4.253789169051930941e+00,1.822896137577086462e+00,1.159523061984765846e+00,2.837677458080859250e+00,9.921957275939010668e-01,5.944823180565173004e+00,9.973367233560379574e-01,6.407900813942387641e-01,7.465913259666726587e-01,6.054151122362901205e+00,5.000891983844169886e+00,5.184527590126146279e+00,1.125404502260107575e+00,3.976409046670976721e+00,1.175948620071881834e+00,7.358240317054697499e+00,2.933429068451824495e+00,1.153167305686326305e+00,1.818568043589532834e+00,4.466642645118135135e-02,4.936578153203102559e+00
