8.736552405038229274e-01,7.074039075696093581e-01,4.328904322830128493e+00,9.905257852987245926e-01,1.876111884459683132e+00,1.180357257238984436e+00,3.666995766018265268e+00,6.553324195606113456e+00,1.560857488320404052e-01,4.608260333722138391e-01,6.739208520694216498e-01,6.528987110557602946e+00,3.891933981376237917e+00,5.945900849038012304e+00,1.176633056084025686e+00,2.479384901408047348e+00,4.035089331089389830e-01,3.201464804496151118e+00,5.247827888507607952e+00,5.170934698955113040e-01,4.551569093949566103e+00,5.626876459112442497e+00,1.233761673006462667e+00,1.357145189928995688e+00,4.675835572103845372e+00,5.168072548797455035e+00,6.857108481049571047e+00,5.679130234163809465e-01,8.279898753046843751e-01,7.296042246413584342e-01,2.032101458962397356e+00,6.061445487706382806e-01,1.320284603861558992e-01,3.017577996533921336e+00,3.864546417865868833e+00,1.977397679004897935e+00,4.790699853434705169e+00,3.554152841388429351e-01,7.270433242213456992e+00,4.811629908340828266e+00,5.493320403520721484e+00,2.347693482708664625e+00,3.043432838010569519e+00,4.579353965429548090e+00,8.116613551418803141e-01,2.335279822566732832e+00,4.941359791650074662e+00,1.996348948571938564e+00,1.041191193280596838e+00,7.423069136236190246e+00,8.258323891736598199e+00,3.337069940009602664e-01,1.465549147474268121e+00,3.097524047034942551e+00,4.206775319347258346e+00,3.219964490621235242e+00,2.565777581874278734e+00,8.377061680994170700e+00,5.794233670502721090e+00,1.468932824566800743e+00,2.606332826220183918e+00,5.469107486808717500e-01,1.144416657361660317e+00,5.431139715820920699e+00,1.715190510282189162e+00,8.975769417871209965e-01,1.593166947039978965e-01,2.608295968417338351e+00,7.520731574104638995e+00,3.190555449779616026e+00,5.492056828959159809e-01,7.233859383490013784e+00,1.486537072096549394e+00,1.521398062815019436e+00,7.636442951111388489e-01,2.252290228890756474e-01,4.217167213958930461e+00,1.557546667597020651e-01,1.278989795281857855e+00,1.362343576372389453e+00,3.111087254999063134e+00,4.376411918234582643e+00,6.609039401265325964e+00,2.534135227258703660e-01,6.807766860260116015e-01,7.629656203962596805e+00,2.905405975844229660e-01,2.392856922049944934e+00,3.686421950242868562e-02,5.996911063242884588e-01,2.932114179053341374e+00,3.472084360202623010e+00,3.762139525564316855e+00,3.326696430714841668e+00,3.585444290620003471e+00,4.591027147206137471e+00,1.838024127785796047e+00,1.620540877856990747e-02,5.216059992715989857e+00,4.226828739494348675e+00
5.857249244302727753e+00,5.405296805429953277e-01,4.049988576894053338e+00,3.478356126408061577e+00,5.426093876393283999e+00,1.130254701716515431e-01,4.109635183297594807e+00,5.072977710656516592e-01,2.040686717005617101e+00,4.603570783440458225e-01,6.132793625372694457e-01,5.356871026029327076e+00,6.662826281279106588e+00,6.330436216052456544e+00,8.791666801845902768e+00,2.273381533791829057e+00,1.268197721945051537e+00,2.377083062114953460e+00,8.415711579245301888e-01,5.680954837651693623e+00,8.286957587137338876e+00,1.246429465647139523e+00,5.475475692171670516e+00,5.576817164042403796e+00,5.579283678714459072e+00,3.875214198853666581e+00,1.158548004823101607e+00,6.736091872711593709e-01,1.700316168321585053e+00,1.391875329019155449e+00,3.159172833114774814e+00,3.342750131901600419e+00,5.225030542126551047e+00,6.582960383979919783e+00,4.731297481384508785e+00,5.051608311896022663e+00,3.865669394973316741e-01,1.136163200497513959e+00,4.487119520278726625e+00,4.468169272567177330e+00,3.042541298857525334e+00,4.629003371739530692e+00,4.344326563888037285e+00,1.329085040885363611e+00,6.227241088540020897e+00,4.517642455388125811e+00,7.892556365520094097e+00,1.248067368465927363e+00,6.446800577755183781e+00,6.914402953116967065e-01,9.139733283102248862e+00,8.092343259909908770e-01,8.963972030554613335e-01,1.291993357668613784e+00,1.304377139634946170e+00,1.490514422989285492e+00,5.387544796551916981e+00,4.731930064856156193e+00,4.184223601717270924e+00,4.384647553933861630e+00,8.019328967609170578e-01,6.244990903545788452e-01,3.563166712235819045e-01,6.871083495328172752e+00,2.160440103850393090e+00,7.286757918613009366e+00,6.401255480529131958e+00,4.469208972590418938e+00,5.527815055926566856e+00,6.366395316414700467e+00,5.531872473767806220e+00,4.166572355643243242e+00,3.799814755320121584e+00,6.738670752641658268e+00,2.643451307231470704e+00,8.762130032585492279e-01,5.320663750450378870e+00,5.401925948327418681e+00,4.563011264994976557e+00,5.192235716416215396e+00,4.602567407897993235e+00,4.107507475706559497e+00,3.362370684229919249e+00,5.024673618281367382e+00,6.313920063023301665e+00,5.933107446638190563e-01,7.969886474750670580e+00,3.699640929259846445e+00,5.266277641999811188e+00,5.309283579972998268e+00,2.195364063576068503e+00,2.536891297838274717e+00,6.657093054885761418e+00,6.600797482391875803e+00,6.567846175817549259e+00,6.550440793049592259e+00,1.708062050077911342e+00,8.194644938800887957e+00,1.731026053762040551e+00,1.289357788658909598e+00
5.875899764458863750e+00,3.313468202527169115e+00,4.779976324498271811e-01,2.246258658744831216e+00,6.031161226860586311e+00,1.744876969978465642e+00,3.260423520508300754e+00,6.572983342258559958e+00,8.275072319949646982e+00,4.429862876361865709e+00,4.349568372306740649e+00,8.932245694256439883e-01,2.513081220199194554e+00,8.105624922222553153e+00,6.448411661570283115e+00,1.202901416922793398e+00,5.069799211817093365e+00,5.345631168540498024e+00,6.406113028051918512e+00,6.884994407534732463e-01,4.859316498853995192e+00,3.531948831257332166e+00,6.772902795332401915e+00,1.657801800063896103e-02,7.450519591856547663e+00,6.241479733943910091e+00,2.111810851222697405e-01,8.348904749195511954e+00,5.082306340632809061e+00,6.568702518893116959e+00,5.406394124104416221e+00,4.129335807051101703e+00,1.970891269982771199e+00,7.059678060976050773e+00,4.062520537990350178e+00,5.177390660254784116e+00,5.271476134002618608e+00,5.356198730629827764e+00,6.276939536542575304e+00,2.789982666957109281e-01,5.094879489985795651e+00,3.917526878625293030e+00,5.459721237748097700e+00,6.134943158735660873e+00,5.012619543927180565e+00,9.784258349805691202e-01,6.688530674437041412e+00,5.406540740408827261e+00,6.785316566310075626e-01,2.352952935083234554e-01,6.597145516412467714e+00,5.783206934749043349e+00,7.745541410598262289e+00,9.254772729047932023e-01,6.247948716756611454e+00,8.228129339347924898e+00,1.319145480357421185e+00,1.521062103803812127e+00,7.461776935600232363e+00,4.452736631695062286e+00,3.459320579099854243e+00,6.272149909254528310e+00,7.462026515383866965e+00,5.685386782962976504e+00,3.015132017804008413e+00,2.052267838110995335e+00,3.987702277444451493e+00,1.061825219707811074e+00,7.766828211673737492e+00,3.530204675132961434e+00,4.340733724692466211e+00,6.367739055079145061e+00,7.130844340566726558e+00,7.287655113474370339e+00,2.678677468650765281e-01,2.272544585585638988e+00,3.606297290605904315e+00,6.539454445022704121e+00,4.929636950539662443e+00,4.474308483128258906e+00,6.861899327450555752e+00,8.628210142538078387e+00,3.201008811973830692e+00,4.617710106116325264e+00,7.525814972229738498e-01,1.017368734633118166e+00,5.086377674928860060e+00,9.217766274496663748e-02,1.261746657262088789e+00,1.756171689550353410e+00,7.247446704418420982e-01,1.061071123911621283e+00,8.893627087864369729e-01,6.417198179357037624e-01,1.042486501168041535e+00,1.452309539539427874e+00,5.456131412561540550e+00,1.396213932597311302e+00,5.610266922096194264e+00,6.747552489191937397e+00
5.917371947934892518e+00,7.144058280721653276e+00,8.101366854290307229e-01,5.511367165050786276e+00,3.183771969561984605e+00,4.171930601296427454e-01,5.548883362298649757e+00,4.243285795740749933e-01,5.035399180252144724e-01,6.428980318636323688e-02,5.021206773764433251e+00,3.638249013590674874e+00,6.972217680155357034e-01,3.060191120302373946e+00,5.222731063666293139e+00,5.242831412405529079e+00,7.027266792458595646e+00,6.068681261884911748e+00,1.591033125974066431e+00,5.509880665214222262e+00,4.842648943141670159e+00,8.692207388395247758e-01,1.385033388067165472e+00,4.419494599641247135e+00,6.674081948107166262e+00,6.195242623590682118e-01,5.082149736101655435e+00,8.215185984380710238e+00,3.558228054507766025e+00,5.638462239353994931e+00,5.890863892655239908e+00,6.685032223696389053e+00,2.678418229415829188e+00,7.151196774026984393e+00,7.491491842035426174e+00,5.014478342401671895e+00,4.537548010525226161e+00,5.490196829775725540e+00,6.262794366496204468e+00,6.337124645336759343e+00,4.402669792410970118e+00,7.115718087458213770e-01,9.057250585097614826e-01,7.606405763996749725e-01,3.016160399049056196e+00,4.625211501126932134e+00,1.869245561486059692e+00,4.886116023388161977e+00,5.041315524167725215e+00,6.794845235456271837e+00,4.983071212094455582e+00,2.557012783112686094e+00,1.726153090981937366e+00,4.024944966130195034e+00,6.719170123658630978e+00,7.759630373719617502e+00,4.952826337540638946e+00,5.175260796715153155e+00,7.241396206207840081e+00,4.496947939342460288e+00,4.337810392344175980e+00,2.306380838629269014e+00,5.108308592992290897e+00,5.183383703493372963e+00,9.079559736651781066e-01,2.705550696844417846e+00,1.641377672925320219e+00,4.556842248031690801e+00,5.941932303854673414e+00,6.412058557459134889e+00,2.114603368361926972e+00,5.643502678542354545e+00,7.650155498760634387e+00,1.989873857889371989e+00,6.647458148678023093e+00,3.640973592468512265e+00,6.940637142058752929e+00,5.865492558346673491e+00,5.123051410121646221e+00,8.181844668988778047e-01,4.181585682889417122e+00,6.956990019059603902e+00,6.076177486989417176e+00,6.976212203356134012e+00,4.622176432334110352e+00,4.966257717689184226e+00,7.290326358336522539e+00,3.780476672057016874e+00,5.274582340135170355e+00,6.604445211449181841e+00,5.452131812160323499e+00,8.056295126376622484e-01,5.930089092036738840e+00,5.042266761236483319e+00,6.077079003736802321e+00,5.251020583745833470e+00,1.505080200290681125e+00,3.917537443257136376e-01,1.444698805732757663e+00,1.176077058231154604e+00
4.082174967346208661e+00,6.137812488502678576e+00,2.159183965350735868e+00,6.765892289354599187e-01,2.285462677597872805e+00,4.398261217598574468e+00,3.358894115720445050e+00,1.283349037780768587e+00,5.707536110775849103e+00,5.649602103292150623e+00,6.964294575771639018e+00,1.764885177766137847e+00,5.209353687305299907e+00,1.359710615750752138e+00,7.898189121746778119e-01,6.118986155580512509e+00,9.424690251906671090e-01,6.676724850691749147e+00,6.398971188406742172e+00,8.248741409701848326e+00,3.075087188198732058e+00,8.668010654577165131e-01,7.143655996003341890e+00,5.497678574832259635e+00,4.437506158403318857e+00,5.692643756406653210e+00,8.058459986690440502e+00,7.084283779432170469e+00,7.453429159885433641e+00,4.922742318647297388e+00,4.242738052013853789e+00,4.647443303770463885e+00,7.850018088659887816e+00,8.080843578603414956e-01,2.408341288582390716e-01,4.375819056322200140e+00,6.921483178402167979e-01,4.439035997833674863e+00,7.169540063747384728e+00,3.330790818163887224e+00,5.199077904378068382e+00,3.404747546454415463e+00,1.166446465868377302e+00,2.171849452635643551e-02,1.295663776768998243e-01,7.058819530783191354e+00,4.956583944634659344e-01,1.152746241705632446e+00,6.295651624102582389e+00,1.754990702610324194e+00,4.599488255073852727e+00,2.470982375840492518e-01,3.312672409237411575e+00,7.840488780587592244e-01,7.933336053443136748e+00,3.603826554887707090e+00,3.704659452576843925e+00,2.395246930700563048e+00,5.424926530286869664e+00,5.660494710102563332e+00,4.223417547803759220e+00,6.518991934284076528e+00,4.165595963173599259e+00,4.712852696408666553e+00,4.740182263675308150e+00,4.483868539429340938e-01,4.749209950524994284e+00,7.290111625597529788e+00,6.193844694158450181e+00,1.423163093426112802e+00,8.067855512069700197e+00,6.583384537874579223e+00,5.362955487870850746e+00,7.657817274631761428e+00,7.860718614626164502e+00,5.554935109071363897e+00,1.689109580806832822e+00,2.444261667955831996e+00,4.239624521530434009e+00,1.358316914378703499e+00,4.189003943793097484e+00,1.093098463502215623e-01,7.809262391152560490e-01,1.210074292620786585e+00,6.006972050111762051e+00,5.043526078081387531e+00,4.665801464518058772e+00,6.112611694200658974e+00,1.025937612357584738e+00,1.908497402807685983e+00,5.525241056966744502e+00,4.195787151594931874e-01,3.625190430664742003e+00,2.044189859361071449e+00,6.332241566543558520e+00,3.161930569896219456e+00,7.397093768891928711e+00,5.331731653832246565e+00,3.389911133258622478e+00,1.456864838860869149e+00
4.603830226058498454e-01,4.174988828889614645e+00,5.418898379405393761e+00,5.344160906565520008e+00,8.475853947874824712e+00,6.289304493017075615e+00,1.865112266926705065e-01,5.026175737399816157e+00,4.324903796418089641e+00,1.580962425606268429e+00,5.496764207072468267e+00,6.975244346307984955e-02,7.089705565675217258e-01,4.909861675229765243e-02,1.065758703282409625e+00,5.014102337958955324e+00,2.354754695220729666e+00,5.775182865330497961e+00,5.930012704422278347e-01,7.141375116162602232e+00,1.072218055688798355e-01,1.259064622961633573e+00,4.443109653354410327e+00,1.523765673917244934e+00,7.313227859481298054e+00,1.115190379503730123e+00,6.095507923420141694e+00,3.062496169042321359e-01,6.944897934404683504e+00,4.956467046159884760e-01,4.019098358290950301e+00,4.102756741864976853e-02,6.479849235536939034e+00,7.342660749336618942e+00,3.224634613692183294e-01,7.244813994359997622e-01,4.075136560225002924e+00,4.444557046271554235e+00,7.977116935436218803e+00,1.985551871071792540e+00,1.741161468471850382e+00,6.532416916125181494e+00,7.198773360358422302e+00,5.676064985021124443e+00,3.309285431270116540e+00,3.827571955306014573e+00,8.475298171254126434e-01,5.084740901421689330e+00,7.895865113279356251e+00,4.005918765359741229e+00,2.304244149583602130e+00,2.114238739917229104e-02,2.044892434443312812e-01,6.966390075261482906e+00,5.188757807348304496e+00,3.243875909844358141e+00,2.049736119663724487e+00,2.232012803517277710e+00,1.797960485217974691e+00,1.517786154367088525e+00,7.165958173011694576e+00,6.362510479421035647e+00,6.164365276511816205e+00,6.916062414776467548e+00,2.658744424167203135e+00,8.029878121750769537e+00,6.112301873689395038e+00,5.019719652655802555e+00,6.182630624346494130e+00,6.794345119673010913e+00,3.106928533449376140e+00,5.424672079565183047e+00,7.238188867428539730e+00,1.509010273488167186e-01,1.425390461884405102e+00,6.714105031350953823e+00,4.118808365360271395e+00,4.135196859669425073e+00,6.330852580973072463e+00,2.052554556262741414e+00,4.087836385960578411e+00,1.695291773861183904e+00,9.828179599624795593e-01,5.508005174250236280e+00,5.394279114503405914e+00,4.374682388306883496e+00,2.181398344918201726e+00,7.254909730491689857e+00,6.318872585999214309e+00,2.863665286298693768e+00,2.387367437708221907e+00,5.909039989798169357e-01,9.683709490208959325e-01,5.163470643295211104e+00,9.818382988628451269e-01,7.533745145164886914e+00,2.955672896951658579e+00,1.614564049511445498e-01,4.831714976456064292e+00,9.244476977885210944e-01
6.235280772435261909e+00,2.353035100392819601e+00,5.052477600410013814e+00,4.257273231171312844e+00,5.525074096596781281e+00,7.163908631692327056e+00,6.862765320914570033e+00,7.543169880149538375e-01,2.515196386210902801e+00,1.198776519052967782e+00,6.428823751664289432e+00,1.029681644262453233e+00,5.260740927550987323e+00,4.334823531382391515e+00,3.507585269375593562e+00,5.701291659109402943e+00,6.354892627423721407e+00,5.238284363089404927e+00,5.972061422326932600e+00,5.418680261193872916e+00,5.918159206919784143e-01,5.238778610626825483e+00,3.064688572327903593e+00,4.452532940031005637e+00,9.774748423463849312e-01,2.607669643613006016e+00,7.406323256780773523e-01,4.667543129412965008e+00,6.281294251883668522e+00,2.705236581185468836e+00,1.292212127839835745e-01,7.575203197987352866e+00,1.597632805484320295e+00,1.272099035005543444e+00,4.065228291170889463e+00,7.929889974546917131e+00,6.635501151523600427e+00,5.303885762718637764e+00,6.968319888572582776e+00,4.246288489068166250e+00,4.147298671181094853e+00,4.042327821265109478e+00,5.526607303093287626e+00,4.850740434011107993e+00,4.716086069694512162e+00,1.214632431715729544e+00,6.146376782623664603e+00,5.953309486010016194e+00,5.152114651324646744e+00,6.286633918927799769e+00,3.891113708786333891e+00,7.313155172373223323e+00,7.086597028614606053e+00,1.358071999516266004e+00,1.028607600700998548e+00,1.628217421896485106e-01,1.523751231430738207e+00,2.632708727798266368e-01,1.685045686477412152e+00,5.242685835444626186e+00,4.033942729372809843e+00,5.384037853825283104e-01,8.186599567473112904e-01,6.083494382947697510e+00,1.006088760033208240e+00,6.118729777747073051e+00,1.636950971033761082e+00,1.518870255299063832e+00,6.606243658682291908e+00,1.538229270647240021e-01,6.381391745133467630e+00,1.049411324743192875e+00,7.381690706813348601e-01,1.446458690923219548e+00,8.437762141542425320e-01,3.134799328598534274e+00,5.890111430819380267e+00,7.427452005479431740e+00,3.389344672936641878e+00,3.889968891798284645e+00,4.428781483036978273e+00,3.238382896678542622e+00,2.118751011366236892e+00,6.340263111105556959e+00,3.200653432396356024e+00,2.119878711106402136e+00,5.194915442184224297e+00,2.941709829244126828e-01,5.512666496865909593e+00,1.772090565318749089e+00,4.000328170629068314e-01,1.766400151224647441e+00,8.458301627271573864e-01,3.359107861540185924e-01,1.535805672393547816e+00,7.826804290562074051e+00,6.232682974738933623e+00,4.198205143836649000e+00,2.403240017412934471e+00,4.455995822376250359e+00
8.371759330040617897e-01,5.666148153609629645e+00,1.292510527630761352e+00,7.423316034773570493e+00,5.720688304395311619e+00,8.357148224094615330e+00,4.219872828719124502e-01,1.476241895813225069e+00,5.871695126344163462e+00,5.511445901438372985e+00,6.203068040407744732e+00,4.694593805832830702e-01,2.343468859744637811e+00,4.283777654308228655e+00,2.027743926314075740e+00,1.406929957652955920e-01,3.443302754698017942e+00,5.040891621142993273e+00,6.067192393034907205e+00,8.557311927560632414e-01,5.230269382924528365e+00,4.016734167062547378e+00,2.871307262741697564e+00,2.945951179401300024e+00,4.910074661058750678e+00,1.221778205079933288e+00,1.054646990558483655e+00,2.350175257710397148e+00,5.911843057503292975e+00,1.543854140585755541e+00,1.817717570073205113e+00,2.496651877264991271e+00,1.235437141288142415e+00,5.202815355643221729e+00,2.270345137898300614e+00,2.571006215849526821e+00,2.195221093716515082e+00,5.806257911565993801e+00,6.113897115323187137e+00,3.375326278237531508e-01,1.430133402984932633e+00,7.478208743834958483e+00,1.103144257558214214e+00,4.076453429259421224e-01,6.782794758393787760e+00,3.572986835125919747e+00,9.159221147299991372e+00,7.781528217537464265e+00,1.861611669510903955e+00,7.569774299431295539e-01,6.308071667687014994e+00,5.106086399167994117e+00,7.969741078874135631e+00,4.196437831468811552e+00,6.964418812911404189e+00,6.219523058266112070e-01,1.212631752501921456e+00,2.034733386821114820e+00,5.221395292802265331e+00,4.936267001070285154e+00,3.655348266606501806e-01,8.425033471531119034e+00,1.467966617215245684e+00,1.123296416068689574e+00,3.199586737896376487e+00,4.189398892344201819e+00,2.269205376135045249e+00,7.841946785789979391e-01,1.077961529978764599e+00,7.640222007695702366e+00,5.766741180933400379e+00,6.765035987486623270e+00,6.668781569705968693e+00,1.073791097252895455e+00,4.339776868411527211e+00,6.936684219343487445e-01,1.800159654639506890e+00,2.538605801760430047e+00,5.215277139063290157e+00,1.573689318436877205e+00,4.780966272141648155e+00,4.730744154324092676e+00,8.492556001578988045e-02,4.848543987992814941e-02,1.876916606372670770e+00,7.361020660391329073e+00,2.327200150348275098e+00,5.619323568273588698e+00,6.116871143623185958e+00,6.231413251025310629e+00,1.366348851053655222e+00,1.817490116691867108e+00,1.281654182161109379e+00,2.940383469044204112e+00,1.231988576724030837e+00,4.695107507064910646e-02,4.642113743715372109e+00,5.330753245081221614e+00,2.283799009375791389e+00,1.679172878267465308e-02
1.853412420917580183e+00,4.875748170666195591e+00,5.633188359558374270e-01,1.063582058515472717e+00,6.305956452641228172e-01,4.118175678986883526e+00,7.320957511830803455e-01,5.786258902197540799e-01,7.342404912147475482e-01,1.268967874126801565e+00,2.472921650967704554e+00,9.138352908893732973e+00,6.736419462346517228e+00,6.791505561987428052e+00,4.240861316249164847e-01,1.450892786029919890e+00,4.426615123617220426e+00,6.005630663578749306e+00,4.512738316453598131e+00,1.095774922259973305e-01,6.758903818408262154e+00,6.524986121254276128e+00,1.554555432263164949e+00,4.625563720030696935e+00,1.225432370380985070e+00,5.024029675273673501e-01,4.179107823093055174e+00,7.114987124511515937e+00,7.140629571919475005e+00,1.437841918539023212e+00,3.233307978725465492e+00,1.079320243411443503e-01,5.051568916594812997e+00,1.496672896686564780e+00,4.170671274814719887e+00,1.502211615857293570e+00,2.044388283444317445e+00,1.924729409876501762e+00,8.552291939027433232e-01,9.144871366157591552e+00,5.479276004593028659e+00,1.351916298257544780e+00,9.714182864165955555e-01,5.024711152104666567e+00,1.384142985506163992e+00,1.089273065719027267e+00,8.084464105923112598e+00,6.600017010218413915e+00,5.962224129269523942e+00,1.279509249866296106e+00,8.159564592406992389e+00,7.246743406376080721e+00,3.902723101774320469e+00,4.918437852451968961e-01,7.022316149196850432e+00,1.303386388366675197e+00,6.720336650861092664e+00,4.374723036110895968e+00,3.396216484198570917e-01,6.202287302934211155e+00,2.486649092320487586e-01,2.726962270054762882e+00,6.281011067588279317e+00,1.293795248990869284e+00,4.062421560824420297e+00,1.853492748337502993e+00,3.213543786608388686e+00,1.160370027456213204e+00,4.634410995360971341e+00,1.932700022469728385e+00,2.775883498150710338e+00,6.597110471120650743e-01,6.430862107867603150e+00,4.938353731815536385e+00,4.107863025899817222e-01,1.108578459641582636e-01,1.308975244211787459e+00,6.118036914365903023e+00,5.466414715470269137e-01,6.676216952742006328e+00,6.037004486997477493e+00,5.042244870827587100e+00,4.384710322188876130e-01,1.575477747871645962e+00,5.236476563122118399e+00,1.623871726502825741e+00,8.188137119929471908e+00,3.167871934278382540e+00,5.127595712843151965e+00,1.022687896590262380e+00,2.463288935412087710e+00,3.117881255352986436e+00,5.336662327464273048e+00,2.766920814417377805e+00,1.275156098202163690e-01,1.141557462194849215e+00,5.368346144710856471e+00,5.348614294890166043e+00,4.126649933738202769e+00,6.740484619647985731e+00
2.701895169117369377e+00,4.519047899530511003e+00,4.174555105672034472e+00,8.322032413415472618e+00,5.771075805111439472e+00,6.462413740842531062e+00,4.685518361565466527e+00,1.369888205211930110e+00,1.705635341240919756e+00,4.732099221917724030e+00,1.898172638004854251e+00,2.493058451603193948e-01,5.018079036515759483e+00,7.415220210297272629e+00,1.230691572577996551e+00,6.565577541977385856e+00,5.655831267439722865e+00,2.173677969683187605e+00,7.562323151332332571e+00,7.248867650093608894e+00,5.916973886866378152e+00,1.564705392634759828e+00,6.513931275586559266e+00,5.811637244968958171e+00,5.861305877706210588e+00,1.102275500858305168e+00,5.628698621861385476e+00,2.282236343000808354e+00,3.427675851345007851e-01,6.087822999999028539e+00,1.118514787337981264e+00,5.488613017077366152e+00,3.412685529624879699e+00,1.666658832951482205e+00,5.472642774128428478e+00,4.483912941840343391e-01,1.454206190030306489e+00,2.571688345481836446e+00,7.886071073324139036e-01,4.994602668355445196e+00,1.645144849212253124e+00,1.079847223047303295e+00,9.131634877378161930e-01,2.855864118455710976e-01,1.492653403333884077e+00,5.743359326873725301e+00,3.478530086664292753e+00,1.307128618719606283e+00,6.796430287294988659e+00,3.143115975155288400e-01,1.305703363514327586e+00,3.914303276075255411e+00,7.158309627489817473e+00,1.533101425227835879e+00,6.467817746626416842e+00,2.073300135459936744e-01,3.146585663979177383e+00,2.990939921836368587e-01,7.151291791891896121e-01,4.591311113997803339e+00,8.071887875592270944e+00,2.090147599472853557e+00,3.031173470486260069e+00,6.666234689484218379e-01,6.899471508368902661e+00,1.345583840531941355e+00,5.006606208757829357e+00,8.536912025131915271e+00,4.001117684942691710e+00,6.862060028065117834e-01,6.631327869323465407e+00,4.447146372286159277e+00,2.622882411529710023e+00,7.037081782175929945e+00,3.030837101741099548e-01,4.514422619848687646e+00,3.527725398410637148e+00,5.165611150926974204e+00,5.254516188093247386e+00,6.762519507239724170e+00,7.003242557092805853e-01,3.187965867464637171e+00,1.389513989391902404e+00,5.317896932314445380e+00,4.888998192840599000e-01,1.486831702787154930e+00,8.955701317442699150e-01,4.724551390352891289e+00,6.172419141148541399e+00,1.066800922830897225e+00,6.959523447233984861e+00,3.487670632907995394e-01,4.228154961615163465e+00,5.214298077673153564e+00,5.310173167572623143e+00,5.684718033592799813e+00,6.707037234631020084e+00,3.918596050470681380e+00,6.732734872828413764e+00,6.906268176772024425e+00
5.888569043872394104e+00,1.733433835397422129e-01,7.447916274271637604e+00,1.666902762668441840e+00,1.222154781827518022e+00,3.699514959264218472e+00,2.185685394501382994e+00,2.012405109089279609e+00,6.277793103257389706e-02,6.427020672173671123e+00,1.840875598931466683e+00,6.359032700919875936e+00,2.530007823305991943e-01,6.338754256120150643e+00,5.521782622331675938e+00,3.215462717535811699e+00,5.308018897596375574e+00,4.733780209060467481e-01,1.369177542348297694e-01,1.177145954871224198e+00,4.143848039583605924e+00,1.734896234652470337e+00,2.782669606443042287e-01,5.636546644295032493e+00,3.451783665071241902e+00,1.974231328148160713e+00,7.617165900779504284e+00,8.938945229540787851e-01,8.120381018641142923e-02,2.915462503849926001e-01,3.000648878939629505e+00,5.681565415940844410e+00,1.051927866128003819e+00,2.064841963779171508e-01,1.447948500387117532e+00,3.425679616522396831e+00,6.629430711576902446e+00,1.229015118648143723e+00,6.917209657002583167e-01,6.620930521037426963e+00,3.707739704231040712e+00,4.882452412648397022e-03,5.780917273359737152e+00,1.417217596269719770e+00,5.066846764300647621e+00,1.307251333420887285e+00,4.809096345228514480e+00,5.246801542415567177e+00,1.099020741430985604e+00,8.750275278648352639e+00,5.657956557193299041e+00,8.036755632760412826e-01,9.211580768012352927e-01,1.468483167410201240e+00,8.356667249000138131e-02,6.714185685914991986e+00,1.361928645445353414e+00,6.948676346069021292e+00,3.659527048777396097e+00,5.477249914777294393e+00,1.366654019909822271e+00,5.729013048675930975e+00,5.734308831966330011e+00,6.000836763465044577e+00,5.064838073811522179e+00,4.964450803329184758e+00,1.789024891279534790e+00,4.577322176673785492e+00,1.405910879114851131e-01,1.223683247855136491e+00,8.296466854563112614e-01,5.950088034854092101e+00,1.832074289420311253e+00,2.039941898621752792e+00,2.797148302540803044e+00,7.827944721758870017e+00,7.904172230456575354e-01,3.370821274476813567e+00,2.244984878620136737e+00,2.356357254266755241e+00,3.140377285528175300e+00,1.244475202461940544e+00,9.282538457456455561e+00,6.344543003858409413e+00,3.560270086553758873e+00,6.282418607050887616e+00,5.189522131687072104e+00,3.607043149638214263e+00,5.938881317475173560e+00,6.574870607285652202e-01,4.299835617917024955e-03,3.465720053979544080e+00,1.891995053009891237e+00,5.755641920534973366e+00,1.088991487550465376e+00,6.215901867807361647e+00,1.026189764091109957e+00,6.181455596913024486e+00,1.388830040795679066e+00,4.821332027975115508e+00
2.286627833020881129e-01,6.137701337616553232e+00,3.831591440754013700e+00,3.654854645261833568e+00,4.218587210359229900e+00,1.973264814906928954e+00,9.316039731724061745e-01,1.535129697046975661e+00,6.873716157955671591e-01,5.508544259598877169e+00,1.134182266978511766e-01,2.105742132612497208e+00,6.307895274485645132e+00,5.458326213344832922e-02,6.133478540069730478e+00,5.473756440534383927e+00,5.866106730045821394e-01,3.040228484656418484e+00,7.763389927362940313e-02,7.625094705574058551e+00,7.093676428641787268e+00,1.193253610199300319e+00,4.823881030821281612e+00,5.696955186348607869e-01,5.540342317879098921e-01,5.096883316463468816e+00,1.325305188588893568e+00,6.663107868341758611e+00,8.746520267383472991e-02,9.158380225433418786e+00,5.059505733210766465e+00,8.045898105873831696e+00,2.142646302466973962e-01,1.243498154044713866e+00,1.198625526845616740e+00,1.067941818118687269e+00,4.778071055256818411e-01,6.533470901395128649e+00,9.134341327101319408e+00,6.508012436076799467e+00,1.385045020820570461e+00,1.157003026793894440e+00,6.119606358919404965e-01,2.340963378731174771e+00,4.524817225753921868e+00,6.650461395665058895e+00,8.595793746866950968e+00,3.993817489295651502e+00,2.771841767048970340e-01,5.494205963544048998e+00,7.317378286483327443e+00,2.908222552830504348e+00,3.412532832472945366e-01,5.521554349991179222e+00,6.698927972868926162e+00,8.492238498971865113e+00,1.008597482195007000e+00,2.416623965068922075e+00,5.117170721015623869e+00,6.950324728777343974e-01,1.988792134160576097e+00,9.479564355399382469e-01,1.250976124417113589e-01,5.980091361566969965e+00,7.486780580554107445e+00,6.870525249429725312e-01,1.343926807228376763e+00,2.363096531417324897e+00,6.024894560719166847e+00,6.931684418601985698e+00,1.650365897787920755e+00,4.595381801910448871e+00,6.316435083944131001e+00,7.971671327190976708e-01,1.332440717518286633e+00,8.278056696215643218e-01,7.077386034093552380e-01,4.716901104824846591e-01,5.761438494838315272e+00,3.862705740216474393e-01,7.142071232403541803e-01,4.422291249106571343e+00,1.484854395442949615e+00,3.267118197617818964e+00,2.963778510069482230e+00,1.717120294670446690e-01,1.173471232169975176e+00,3.504937295054724178e-01,3.914903969678018569e+00,3.048358502195700481e+00,1.635657686672234767e+00,3.887735842520618323e+00,1.724151860890380750e+00,7.129965716526123209e-01,7.852133918257817591e-01,1.073854538467896580e-01,1.464391045882025510e+00,3.575416608377601335e+00,2.523297486622337882e-01,3.652845114714765806e+00
6.833077162216146583e+00,5.276303977175780702e+00,4.181271243938115667e+00,7.337861378950324642e+00,1.362631748672512799e+00,1.275727040131044987e+00,6.769947220588716785e-01,6.048436599160700311e+00,4.012864813843195044e+00,6.010892949455834966e+00,6.423828913818821817e+00,5.954545525860805100e+00,5.043262493494808929e+00,1.002758223997168852e+00,6.388540059327241671e+00,7.936271196498065450e+00,1.282100854872709528e+00,1.813808814832598593e+00,5.016387912251012438e+00,9.085076681267381105e-01,4.834937137284173403e+00,5.021067979935642356e+00,5.945195883831466688e+00,3.473510747023193179e+00,3.739343045526040132e-01,6.720729572052039025e+00,2.158923273437511892e-01,5.170245490383813092e+00,5.619509399577976794e+00,6.402997705789443827e+00,1.398450396225556558e+00,9.715686812894608337e-01,2.533142388870857076e+00,6.396230614877016052e+00,9.417555337710218355e-01,4.721315327782491522e+00,5.404746073429928188e+00,6.326753239670800610e+00,5.600510520807710613e+00,1.491885812731416294e+00,8.279321384567934761e-01,1.002690916885853767e+00,5.009243478898737223e+00,5.895767505370578476e+00,6.501135795549948249e-01,7.886138445851921475e+00,6.112433932958089677e+00,5.355043559701613276e+00,1.384638450567942325e+00,1.632882668557211758e-01,7.081192412400020508e+00,4.473660455717860529e-01,3.975199519163131967e+00,1.447339427053529803e+00,1.780664258184439186e+00,4.208797353349300607e+00,2.691298566861399344e+00,5.934096605023440496e+00,8.743393072762664087e-01,8.539094768917359080e-01,2.184602821387049421e+00,1.727462575942105172e+00,3.153799630334015003e+00,2.158935960604543958e+00,8.750984773213392742e+00,1.643922008898780485e+00,4.463515826285323840e+00,4.562563847584509169e+00,1.504893329904477550e+00,6.004307753016737692e+00,4.189387228373308680e+00,1.975330715661376413e-01,1.305499897505287166e+00,7.855012749835174057e-01,4.839610163699999745e+00,3.384371589814465509e-01,5.774903451552955147e+00,4.166158414179185421e+00,1.715639908826541493e+00,6.161562672555185749e+00,7.233490199301868095e+00,7.054507101314037243e+00,3.287835922394077404e+00,1.079596379716169396e+00,3.734999615433038933e-01,1.371802162145026038e-01,1.276091172660853701e-02,2.006358705261589215e+00,5.530443213309050421e+00,6.023703592028580189e+00,1.189099690534954901e-01,4.377748405545874633e+00,1.764491440906782227e+00,5.220650766881062665e+00,6.427401850402918448e+00,6.338481884960192048e+00,1.901534416845938047e-01,4.228433641792372022e+00,7.859528571630464810e+00,3.336982380682397498e+00
6.925073795685913858e+00,7.207767892363045270e+00,1.039571738141339408e+00,1.407754500764737848e+00,3.132788571832394453e-01,1.692035365894464682e+00,4.411047036587375736e+00,6.022875719273971029e+00,1.427181959250192200e+00,6.407385905988664199e+00,3.671387613968126296e+00,2.294393610471431977e+00,2.565833025650205546e+00,5.052725044546036770e+00,7.739696238126057004e+00,4.067364117261281997e+00,1.524648206150206020e+00,8.238053127415313481e-01,1.655508095271394087e+00,3.694001051991782081e-01,2.721780490287051713e+00,4.907847847564317245e-01,6.988898853424892366e+00,5.042449450322650684e+00,5.872703526292739618e-01,9.390098614124972043e-01,3.201446668258848494e+00,4.189141821717210945e+00,2.061322706161128337e+00,7.936969233887371189e+00,2.271446862254649091e+00,7.438929070484974204e+00,7.021174639366909442e-01,8.010145433060418263e-01,1.220513598040078307e+00,3.105435409584811346e-01,6.414142053358904860e+00,7.272366324572724139e+00,1.615058126476015543e+00,5.380036725062200986e+00,1.540436734426547938e+00,4.008633248163074647e+00,4.882241961249199846e+00,8.920904469847525942e-01,2.228769153411138682e-01,4.366323622049298470e-01,1.304986626753138257e+00,2.208179968707265850e+00,1.587021443675956212e+00,7.476011914175710871e-01,7.105105359466324266e+00,7.570326225285065602e-01,5.069935569134232267e+00,4.372911744125698164e-01,7.959371861043335272e+00,4.531434641454854528e+00,4.128150384201967782e+00,3.903884548635809804e+00,3.967492279227521124e+00,5.080851920114006326e+00,6.311590059274444497e-01,8.446250045907119919e-01,1.806532106717887221e+00,2.417823682902948690e+00,2.687624441771832462e+00,4.378467717347412247e+00,6.442877371185389279e-01,1.839022384287199996e+00,7.305472570250022279e-01,6.491243199689010090e+00,9.526615593998353226e-01,2.553090551001419684e+00,6.792751371698768637e-01,3.141824052977198356e+00,1.226672282076277654e-01,3.598418869593834390e+00,9.598536003944053707e-01,8.762811598679437486e-01,5.213647472855478249e-01,3.999736524595833842e+00,1.867643195120102462e+00,7.488065131172398914e-01,8.157944163949773397e+00,5.210033865656571450e+00,7.182701244641043203e-01,2.133999287314310322e+00,8.224772528148009965e-01,6.107001770527801021e+00,1.352929397385313592e+00,4.566691340083395723e+00,5.353300962255417517e+00,5.464017582958089481e-01,3.375228230159196485e+00,3.410277069648687487e+00,9.895355502091824906e-01,4.644753891499894038e+00,1.120071323832312338e-01,7.597354054379026778e+00,1.744059341156154908e+00,2.291642904806408865e+00
2.628341322867157270e+00,6.473592332741675559e-01,6.894458336608271232e-01,5.815867309295240872e+00,1.393645531178619335e+00,2.069759199828262730e+00,1.630389347402583677e+00,1.848262820467770906e-01,4.691672656920259143e+00,5.538787229968000325e+00,5.779544418012202200e+00,7.678263920416590338e+00,1.475976815301363487e+00,9.525065826593384077e-01,2.254011108203276770e+00,5.360568624142144856e+00,4.470966060174324852e+00,1.016771185378095854e+00,7.422070784910579810e+00,7.129653020494783888e+00,1.754233645836090094e+00,7.803570212815847951e-01,4.949730280046754416e+00,1.636824337443386845e+00,3.193371502619007707e+00,1.658523464383990342e+00,5.477940122059136385e+00,8.021652972067606413e+00,7.932615582040187796e-01,6.087872622605486228e+00,6.692081263343976794e+00,7.416761859703824733e+00,4.086547807438228652e+00,6.286717310563740391e+00,3.622832024254758476e-01,4.385715733448213527e+00,4.324471705337053606e+00,1.059170011456699978e+00,6.717617677381759300e+00,4.905833662069173151e+00,3.692567277871117160e-01,1.713042372149959913e-01,1.018962263701644666e+00,6.391707300630986133e+00,1.273986492795020631e+00,3.359680088531045605e+00,1.539754764169679380e+00,1.400686025327964490e+00,1.361485127257937577e+00,5.959034484011732857e+00,3.057497695540468463e+00,6.068862646811897577e+00,6.693283546682546437e+00,6.593939366170487482e+00,3.923939207643361904e+00,5.999227967071885992e+00,3.519585532472528921e+00,6.188765936944021107e+00,6.750782555129829277e+00,6.687671094833595120e+00,5.410201459576898131e+00,4.934089044990720430e-01,6.436437554816261120e+00,2.111022225906588723e+00,6.239822594227643293e+00,7.643134382329838772e+00,4.531829998537185489e+00,7.697041185385991025e-01,3.243767934909622674e+00,5.486552996465183796e-01,4.197294824581485173e+00,4.257538809527403600e+00,4.841279765294062010e+00,7.843268775693950090e-01,2.251175988566651132e+00,1.669681909278473153e+00,1.983505187457429653e+00,6.583588267284082640e+00,1.565454637121853398e+00,2.131496115204490227e+00,4.980099484164310919e-01,8.350286269949787510e+00,6.679441230729809220e+00,3.252526557794410689e+00,5.058968022158061295e+00,3.435533235539350194e+00,5.216222621512412339e+00,1.090264835832850387e-01,1.597882289051791638e+00,5.232242805468205749e-01,4.509166058252731091e+00,3.507600977671870845e-01,2.026286477965031363e+00,4.990248222904630104e+00,4.952935210050535275e-01,1.502815655138546758e+00,1.089774356720512927e+00,1.322961281289214419e-01,1.312142746412924499e+00,5.466041400229219249e+00
5.911120385881845962e+00,3.214448096427559687e+00,1.366598434576803855e+00,3.811982809746522705e+00,5.872575145064014457e+00,5.315918529698402395e+00,7.978262279968459048e+00,1.928851393055117214e+00,7.605825198075217841e+00,3.021891889993559843e-01,5.796800469846088433e+00,1.894385718311954570e+00,2.845539359087096543e+00,6.664614195655424567e+00,4.362140890712915997e+00,6.634545641851397946e+00,4.486582963850397121e+00,3.002809231286352354e+00,6.318326783161303251e-01,5.622391549326934523e+00,6.780287053705919220e+00,4.161817633382678849e+00,4.119278980049857708e+00,5.244646749342472880e+00,9.168288400349599243e+00,6.749214738850509043e+00,6.115308890046526891e+00,8.416114347371812521e-01,2.939874149251069380e-01,6.573327497293083965e+00,8.822009140120814497e-01,1.231165912505102433e+00,3.989107996919542654e+00,4.792212014912178297e+00,7.662743549960637779e-01,1.002756650615695966e+00,9.962927639256540235e-01,6.561974602582753668e+00,3.269162282183801782e+00,1.469850976364591055e+00,7.703432446619682405e-01,9.587979832898945176e+00,4.858330222609950511e+00,1.770618390952238830e+00,8.049019987203219983e+00,2.798698341122403122e-01,3.926683691408197063e+00,6.381094115347516471e+00,7.678242596115617324e+00,3.335259626058565186e+00,6.569328385791140867e+00,8.217233767267629219e+00,6.068975628617767626e-02,4.454070598255850832e+00,2.768574112017461619e+00,7.924751037907925344e+00,6.187409255108498485e+00,1.725438123941314572e+00,1.060784270740797730e-01,3.369057428815030786e+00,6.660906232661579773e-01,5.017529951623698636e+00,3.473609089762025981e+00,1.703738227597896060e+00,5.158719327943670940e+00,1.201788578364215265e+00,6.676757233124376967e+00,4.820195871118568398e+00,5.682159431909795444e+00,1.545631082554535629e+00,2.503085832691513524e+00,3.849854120395242996e-01,6.074889933658937480e+00,2.322062167448152969e+00,6.666612198594255023e-01,2.166850900890022746e-01,6.566252004116125640e+00,4.288622550212435769e+00,5.032344282691552984e+00,1.574732160726984187e+00,7.603973396719632127e-02,5.797476364279924965e+00,4.360782306770856209e-01,1.667704826468875634e+00,5.620976184880732696e-01,8.964109739920744779e-02,1.035731104004963710e+00,7.131731257663564527e+00,1.330473639532168573e+00,3.911485284152409037e+00,6.109875584700876772e+00,1.357715149383562858e+00,7.247420400789665873e-01,3.137049899693570509e+00,1.219955110906352225e-01,2.187365314132592609e+00,1.476306706782465339e+00,1.480553733117523585e+00,8.411681076364311949e+00,3.933146138908375500e-01
5.927619448883376663e-01,4.568381922726100441e+00,1.794589172208020944e+00,1.128446732336948477e+00,5.371243122987115370e+00,4.336004934673396427e+00,6.336043222931596830e+00,3.613285981637734956e-01,1.026694547731790141e-01,6.371707987218222513e+00,5.630518662227326665e+00,1.452936063906674846e+00,7.830242942990070176e+00,7.760769876811820511e-01,9.434897908340357020e+00,3.114445319383129185e+00,2.382917812388184675e+00,2.678507977454229749e-01,1.378808852125253059e+00,7.167464367381938928e+00,5.372324123913210236e-01,6.333736787643623245e+00,8.336616477007078529e+00,5.407616355655663121e+00,5.307875424736069547e+00,6.126286910608553349e+00,3.134214285688772694e+00,7.011512666989915488e+00,2.822157589170987135e-01,5.733249821869710328e-01,4.110600971369262169e+00,5.608080510157650522e+00,6.290063944720407640e+00,7.719915764960619597e+00,3.063826710528117392e+00,5.425343956064217821e+00,3.599572703002731799e+00,7.240219165895949160e+00,6.486556545862824485e+00,3.164243635571378555e+00,1.193877153238341648e+00,3.694010608290892783e+00,5.245940118185456136e+00,7.344601534191008696e-02,1.523217675261466564e+00,3.988051879079719253e+00,4.644823814621566349e+00,1.276114236623371312e-01,1.120152487698826027e+00,4.353726623802295137e+00,5.015857119303571032e+00,3.898628249859539707e+00,4.298964835617198332e+00,5.648115879370195103e+00,6.085558065219412782e+00,5.912089255918891340e+00,4.174989587497460741e-01,3.667231728183639738e+00,4.698212396176099759e+00,1.331880567300478546e-01,6.906980823162857774e+00,5.076430792133439063e+00,5.159057609036189262e+00,4.604358774733894322e+00,5.053867885770640944e-01,1.285814958750709058e+00,3.233780564626012488e+00,7.148755978617096218e-01,5.831285267026636632e+00,6.583995885649263080e+00,6.595165010084802937e+00,5.779917640337835394e+00,3.453470707423011987e-01,3.736543711791350475e+00,8.094788106235029090e-01,7.772692326166771082e+00,1.413863957366943591e+00,6.754921610581442692e+00,4.165788209145967258e+00,3.453029681562443942e-01,6.496393718995296496e+00,1.276841369996945641e+00,1.974260229343503870e+00,1.436947322135134320e+00,2.944415606447504663e-01,6.537260250870200906e+00,3.745322360394539363e+00,4.817394445445774664e+00,5.321187861760742877e+00,1.390331293618437991e+00,7.269534093659071772e+00,5.561517670324175988e+00,5.166627547183691327e+00,1.620190071014114830e+00,4.292152950411699308e+00,7.500310465162144169e+00,7.882566247898276757e+00,5.099491514867394715e-01,7.326313286534917424e+00,4.084472010427898425e+00
8.859530966110102934e-01,2.283977728524952511e+00,5.036860457118452317e+00,2.335329220780333337e+00,5.397404509580012721e+00,2.015950047324476024e+00,5.596367047537865957e+00,8.693183506324138055e-01,1.419609904706844450e-01,7.159413661053067202e+00,3.315385507260471432e+00,1.408596325680901984e+00,1.927380023200936154e+00,7.489531933314570011e+00,7.199976048807370077e+00,2.319089885302657583e-01,4.833991348456756931e+00,1.088968139467635821e+00,4.525419361614344993e+00,3.964711737278510562e+00,3.244401656854081217e+00,1.521826533300509210e+00,5.340512273207891347e+00,1.757108222008660459e+00,6.464653670851450151e-01,6.663927563162092227e+00,1.488979846062574275e+00,5.430236983230399161e+00,6.104772451489131946e+00,1.392241836139716860e+00,4.151073887866834511e+00,5.658463338463810111e+00,3.520003386095607034e+00,7.386074990384686068e+00,2.430720382654487643e-01,8.526938949096875220e+00,4.566114152836934892e+00,6.792017085484670424e+00,6.686650044265478599e-01,4.645275320040873623e+00,5.552412842393821713e+00,1.039462713612743894e+00,6.513641661811738537e+00,4.726226163896529719e-01,5.109710930666062190e+00,8.648511740163511874e+00,1.927295228626748180e+00,5.455766681810437113e+00,5.165447699776278156e+00,5.912347272233744455e+00,6.754897012499992748e+00,1.878839831233545254e+00,5.891390457517305279e+00,3.120327656880922396e-01,4.965640807315156557e+00,8.037101745120045493e-01,6.827634303175257102e+00,3.969525886469126963e+00,7.128595250241748005e+00,7.644745654215874708e+00,3.909683073231584594e+00,4.157163626258904898e+00,2.228980157550874530e+00,3.190450537412074183e+00,5.031355155510055965e+00,5.220378626047694759e+00,4.502569046053664259e+00,7.723487811572823603e+00,5.460898244852680605e+00,2.867042883279899979e-01,4.399414721393183569e+00,2.453806324112371762e+00,6.740566568189844787e+00,2.105711702514164951e+00,2.512538152214568221e+00,1.856793523965888815e+00,1.019258100661511790e+00,8.990961282794266429e-01,1.167598254891208942e+00,1.586422949990534459e+00,5.116119329917430125e-01,9.636594284400926691e-01,2.206673891080093597e+00,2.063362556065249098e-01,6.245630974638444854e+00,6.397037616479484434e+00,5.308159474830263846e+00,6.633578401855642070e+00,8.375367753113716063e+00,4.252655681914653485e+00,1.058254161997639331e+00,3.225178511403925530e+00,1.846119409799934941e+00,1.551623099424820351e-01,7.255257598932736141e-01,7.334275888294090606e+00,5.070539428291873207e+00,5.063950486255378358e+00,4.783438880084721845e+00,7.333918048120514399e+00
1.733137672166169985e+00,7.679858183449050912e+00,1.857472270811393322e-01,1.025336000050405261e-01,4.853529596207522445e+00,4.749074573541542499e+00,8.886290206543629999e-01,3.191639645135624370e-02,6.822259958672640678e+00,4.902975712755135440e+00,5.935063073233317610e+00,4.189767688530985801e+00,8.423942981516643336e-01,4.210862023463138648e+00,3.461153736283611337e+00,1.232964575200170998e+00,4.875942778031779667e+00,6.881112965589484265e-01,1.603994203126594131e+00,3.893878325827341946e+00,1.304440208320758465e-01,1.303322053087374588e-01,8.545367191642950777e-01,6.671923034365588201e+00,3.905237131604176515e+00,1.719540579129244184e+00,2.895399415965947298e+00,5.102980911630391248e+00,3.283597498341706000e-02,1.161090667774206109e-01,6.866267190463058334e+00,1.887341657307681331e+00,1.102202068763755261e+00,1.941954773646814125e+00,7.333999941018545243e+00,8.392522137925316761e-01,4.899041409390952673e+00,3.499382199674522909e+00,7.434716594761351161e+00,1.870501846051162875e+00,1.616000208427689433e+00,7.004552853136562618e+00,5.507169398905418234e+00,5.485114693448450041e+00,1.468154122968612363e-02,1.241052702995839363e+00,7.288811977683940846e+00,3.124931652091219370e+00,8.449965476653471086e+00,1.123866826056166390e+00,1.939210787245828405e+00,3.431232735940941581e+00,6.829717092150584534e+00,4.097436613404305206e+00,6.353763731574662010e+00,4.327519625944041159e+00,4.661818793086558443e-01,8.913765908622638401e-01,6.497702617918108992e+00,4.993509711238341531e+00,2.529268147017846857e+00,7.492023553182243667e+00,1.630145418001590407e+00,6.448107289517818863e+00,6.485217975380735744e+00,8.193610425326959046e+00,1.689725600951904827e+00,5.094119523366931190e+00,5.187106357551030111e-01,6.223344970816155453e+00,7.576589648660072562e-01,5.021348665177097104e+00,6.155839497503783342e-01,1.418317707783884885e-01,1.242667952891002736e+00,5.265148106949174789e+00,8.893128928635039010e-01,4.861801817951726612e+00,1.660638654260077063e+00,3.082785784558433217e+00,4.821770929698088182e+00,9.838813718394416874e-01,1.098417143425226117e+00,6.326550186453036240e+00,2.644893569079235895e+00,3.625949575940313085e+00,1.346939594320709865e+00,1.420026752615155985e+00,3.894931255891640909e+00,6.328009955281682863e+00,7.376722963811064737e+00,6.217159837267171696e+00,3.353694335028513329e+00,9.626823881234931601e-01,7.175283060905659482e-01,1.099321530582391127e+00,1.808415811122990657e+00,4.491583166938346139e+00,7.105054828208173134e+00,6.391068073098440383e-01
4.877323282590018572e+00,6.487830792630294496e+00,1.100979870436882502e+00,5.387403190931394192e+00,6.230872407536673485e+00,5.566513783794215797e+00,6.452945531151097036e+00,2.275941148702154138e+00,4.375645082777763761e+00,7.146462298985486683e+00,7.890735966711609706e+00,6.876874051724449544e+00,4.416690544070810631e+00,6.118704518394229908e+00,4.785235470173327954e-01,1.984135977335731660e+00,6.476805964565294893e+00,7.770018727291387428e+00,1.585426786236144636e+00,7.001096122319923509e+00,1.971260405085092371e-01,7.791366744645941145e-01,4.169351934661614578e+00,7.037586117491191118e+00,6.235360132201826389e+00,7.121188915093572547e+00,3.982966366490588994e-01,2.810720469372524288e+00,1.146779510752682363e+00,6.887635890953162310e+00,6.651267128500204073e+00,4.466950841978503561e+00,5.426436027364626824e+00,6.765927718784038980e+00,1.474504795489764097e+00,8.420544305930810491e-01,4.583945613573110478e+00,1.357452475215337184e-01,4.845760495874628759e+00,5.046319147721984422e+00,1.281488276749952693e+00,5.988753463282962208e+00,6.166499703399641596e+00,5.495740309728180506e+00,3.524875417023423108e+00,3.788195625725654825e+00,5.601310345212308306e+00,2.434702289065211467e+00,1.203835552555398092e+00,7.155689080054796758e-01,4.872506029269840333e+00,3.850392859318430894e+00,7.389451879755881691e-01,3.016947363364359980e+00,6.627571516945466534e+00,3.072381025843027746e+00,6.537562799608918951e+00,3.896098751672644411e+00,1.097018337825610867e+00,3.084894218047453229e+00,4.365966769836385986e+00,1.258921386558149003e+00,4.632378222464724971e+00,5.400724756537163884e+00,6.615066175224502132e+00,7.643786147252353835e+00,6.118688341703811595e+00,2.029650487496208910e+00,4.288640219014488331e+00,6.646580851453097516e+00,8.089103950876811444e-01,5.249154490559192254e+00,2.082924958001699967e+00,1.800540256103916326e-01,2.598509205613097617e+00,1.663683825640038583e+00,1.273241350785346837e-01,5.211554920034594751e+00,2.727654037860330893e-01,6.585076013729564970e+00,1.162660134854891503e-01,4.369232290834045962e+00,3.426082870397152202e+00,4.774570181777026967e-02,6.708538714978637074e+00,5.156810604416583566e+00,7.030707417622147126e+00,5.224667227011863702e+00,5.469321548157092039e+00,5.285146635517014246e+00,1.546081401184992821e+00,6.348010768706071616e+00,8.386649998370215187e+00,5.745051356128540121e+00,6.945486090064245666e+00,5.256651722015732275e+00,5.450305591658306525e-01,3.553099677902703757e+00,7.228976947466236425e+00,8.765895217485011770e+00
3.003474544077124442e+00,6.641237502962050954e+00,5.091942807053305486e+00,6.870620336369576364e+00,1.776214951113788132e+00,1.243680443365915655e+00,4.206990136855361939e+00,9.001421819972412752e-01,8.605096483777794347e-01,1.946773027846306903e-01,2.745835405136176632e-02,5.919100579925510308e-01,9.930221210977291380e-01,4.169956886951030839e+00,1.920068208571386492e+00,5.596978458077177976e+00,1.638165972709726415e+00,8.302471390694382336e+00,7.296363166903783171e-01,5.800216962395351672e+00,1.681913084138165759e-01,4.059190965645062654e+00,4.704220826421756207e+00,8.090547093024653691e-01,6.264504776660420937e+00,5.178394725506654694e+00,2.029303771034646209e-01,5.534121116012954644e+00,4.268525953919613869e+00,4.524237977939008282e+00,1.752007780894464295e+00,1.719276662888780560e+00,2.005915883308345915e+00,4.888581662592536681e+00,2.117832753874008267e-01,5.065289595050444404e+00,5.788185720967595316e+00,8.281052274973148997e+00,1.046402223782332053e+00,8.102830278119650842e+00,2.377165413209167966e-01,1.991647242191855183e-01,4.679534692565235687e+00,6.845108910337515340e+00,4.542317808547788882e-01,1.181927768504785980e+00,9.371374061213759710e-01,1.766141906070188838e+00,4.326743576480771125e+00,1.024947234111786676e+00,1.038436720816506398e+00,1.681015062614306999e+00,6.369158072007419236e-01,5.031494190399617317e+00,6.445713181581583129e+00,1.254745006094172943e+00,2.066990853564568020e+00,4.588278329391998200e-01,3.760401656262789549e-01,6.167209172511458171e+00,6.941065967262787240e+00,6.604166176326753401e-02,6.514607338340219211e-01,1.308988094244267320e+00,4.369267709927681764e+00,1.269868367445683432e+00,2.896963012641678326e+00,8.779079180334641297e-01,1.489797941023612848e-01,6.383373244410374348e+00,5.021623166440735808e+00,5.351748411139058970e-01,5.630656168870593170e+00,1.308792797756135995e+00,5.987985731988720417e+00,7.726747191772325607e+00,7.478718613216798872e+00,4.727748618572938710e+00,1.008929310157485659e+00,4.473564774329208404e-02,4.252260384341014721e+00,3.038442913593626837e+00,1.226928253231432953e+00,1.578397065823976764e+00,6.470961319873487660e+00,1.325801304827397775e+00,2.248058424991945081e+00,5.183575016766601706e+00,1.165134837367230780e+00,1.854461267991391882e+00,8.666979842929043443e-01,6.942091339217418167e+00,5.948975295835709609e+00,7.553840114164676933e+00,1.442094667712871203e+00,7.625538454609830374e-01,3.564749046754887019e-01,1.496177570775269139e+00,4.326908094770765878e+00,2.433739942831251168e-01
4.957007854945852943e-01,1.014836904106118709e+00,1.003253711587093200e-02,2.129530479862354220e+00,4.391582027502646257e-01,6.464515351982987212e+00,5.466908570862875294e+00,4.628676632736791419e+00,3.517100033151655758e+00,1.322440051704315778e+00,7.079988305812582539e+00,4.476037164975609883e+00,4.676465737715910009e+00,2.266285255681325772e+00,3.689125096156533612e-01,3.857409007190545580e+00,6.181612827764169094e-01,6.980751041334629647e+00,8.073462436151380706e-01,2.885188690968122138e+00,5.265009751184502207e+00,6.815693199227812471e-01,5.252101157680661991e+00,5.004182264045142770e-01,4.734730414187326986e+00,4.430876510667442147e+00,1.156716832695436459e+00,2.076944021966283582e+00,5.085119735260459350e+00,9.762569129678810853e-02,1.595574781574154777e+00,4.484069096733092508e+00,4.659001614448680328e+00,4.386568910256238851e-02,3.536411159192952569e-01,6.359648186744837339e+00,8.865940359497642476e+00,7.336202112450913582e-01,6.500806139939663275e+00,1.391529349557043327e+00,5.779237215109441550e+00,7.567899116791806380e-01,4.898547272157239618e+00,1.207127548143585472e+00,6.440814634138528838e+00,5.513579083784820867e+00,6.907006841252469442e+00,3.760098198351545795e-01,4.326634127573073307e+00,1.517332568726222242e+00,1.971362983650581935e+00,4.077214323274238605e-01,3.649735147357109355e-01,1.681459033087065125e+00,1.048259277750552609e+00,7.529521368221641531e+00,6.425928429579091272e+00,9.164880062842741815e-01,6.499269007896304462e-01,5.331029743145109023e+00,3.523616194200606788e+00,9.999064303254137087e-01,1.835853342482440809e-01,5.276468765372998249e+00,9.167843238030323194e-01,1.248293985657742633e+00,6.993253363330737216e+00,4.603976298509007137e+00,6.388170333133984080e+00,3.949976409066802585e+00,4.373571329844780919e+00,1.626197912068120255e+00,2.796244738437862587e+00,2.199498389691115108e+00,1.804545781815740213e+00,1.295277487532820349e+00,4.436346026833164480e+00,5.774692856044802980e+00,6.608438842064117580e+00,4.927338310850627678e+00,6.854356809169559028e+00,5.215960295908002031e+00,1.625093457631763050e+00,6.977892491076422843e-01,1.287767430467341434e+00,6.677876432277034535e-01,1.835107966826172277e+00,7.128871763248791904e-01,5.042990568003262730e-01,1.246935339145246457e-01,3.125763662391375375e-01,1.390121575852352187e+00,2.899974177558799049e+00,4.606776991510104224e+00,4.996605507423870218e-01,4.875845441087804488e+00,3.476511804008332041e-01,1.479904309989152900e+00,1.309110895667974450e+00,7.995132038093112570e+00
3.572534390154134876e+00,3.371254110915544722e-03,2.478339079462887007e+00,6.962916019313260207e+00,1.379031092146782767e+00,7.480131132027757701e+00,4.173616425356662774e+00,4.422948096247854011e+00,6.344311715345224201e+00,7.547063496420320483e+00,1.208363065535746017e+00,6.656525356904007040e+00,7.093958286012346903e+00,6.509303009818808050e+00,5.011823126128438055e+00,6.552166448250167363e+00,6.309244416489741880e+00,6.101294404880071021e+00,3.090240611728610087e+00,7.334446709100503892e-01,4.705845437826715383e+00,1.121728169442931078e+00,1.884306813590294061e+00,4.170920362549421334e+00,2.447920024316779575e+00,1.380476687929560686e+00,5.113889552412803852e+00,1.218467364159227406e+00,1.207966638894292899e+00,1.400108011955816245e+00,1.046079763634036208e+00,4.813149554745413283e+00,3.180558261112079066e+00,4.534281223742758549e+00,5.205778023245660968e+00,3.032372004413727673e+00,6.929627866924790158e-01,4.146988119780024462e+00,1.583728943885834628e+00,1.398835598798007229e+00,3.881905771730481902e+00,5.238040824975692011e+00,1.870093918068884697e+00,1.600714766285566970e+00,8.265019928316801323e-01,6.799084631362328768e-02,1.100680922503101122e+00,7.362929495192370055e+00,4.417543902784232257e-01,1.957955179895295661e+00,6.571043080895703881e+00,1.647890847464491104e+00,1.040336605829397909e+00,3.000946146687488714e+00,5.930911700420313792e-01,1.800134170756801932e-01,6.877838107308632765e+00,1.125262213777845410e+00,3.889854224208676214e+00,4.402813508688462107e+00,2.856003860995091070e-01,5.300034889991416698e+00,7.462699834603725435e+00,5.297523484259771820e+00,5.187269147221956977e+00,6.689751024982501626e+00,5.806771731571860329e+00,6.030840141742691785e+00,9.631134853398399809e-01,1.991508763724993081e+00,2.926679877441574762e-01,3.696474918823315914e-01,7.344818758810447434e-01,8.157582354905947852e+00,5.890342121591833013e+00,6.885117786453469613e+00,1.696731403045595776e+00,4.450329616244462549e+00,4.502889471091820361e+00,7.632273019816619986e-01,1.149503993672674973e+00,6.689113831862619763e-01,6.881718466752852592e+00,3.882783746816797610e+00,2.191019238245381029e+00,2.613084700909160674e+00,6.964857812260936143e+00,1.554893219146676220e+00,5.482357604446184141e+00,8.052317725101046264e+00,7.674839797212042569e+00,4.069195812290235637e+00,3.833365142168752016e-01,8.716142868416315581e-01,1.841014379060633699e+00,6.927684785140388435e+00,1.064272205452713616e+00,1.779140163428483135e-02,8.059320562030924506e+00,2.037986458968251702e-01
6.742955679941581515e+00,6.960312364272644992e+00,7.375805159499721597e+00,3.441099020498830985e+00,1.982427353539027992e+00,7.092798007555780160e+00,1.585257035666934211e+00,6.352357447971159310e+00,5.935458542549367777e+00,2.474469254510898608e+00,4.498702121195029768e+00,5.446136693237059845e+00,5.940220383607584864e+00,2.330430253240574956e+00,7.690249558694315368e+00,1.169956613832746628e+00,6.054223081872112999e+00,4.179368302648427402e-01,7.131671274806534733e+00,5.394068866512004234e+00,5.667634545980651417e+00,3.717723220323465583e+00,1.202883578842059542e+00,3.563275724443689896e+00,2.012336770421109478e+00,3.982310965021733651e+00,3.579008811499651443e+00,6.141482655080843678e+00,6.229726882327287107e+00,2.497664378328378731e+00,2.264215779022227260e-02,6.888067008693981919e+00,1.033258675025603868e+00,6.118560925145534846e+00,7.042736417224259249e+00,4.057066676009988271e+00,7.529026485503698130e-01,1.627870928613378343e+00,1.254908842152216986e+00,2.939983671048270075e+00,1.381139624990155301e+00,6.205599624770417932e+00,6.114617834956156628e+00,2.182251718389958128e+00,6.011221433153240312e+00,5.676474949201104181e+00,1.498871337952324856e+00,8.251793078318648611e+00,5.252387793620884038e-01,5.136233784289582438e+00,7.404153921510900460e+00,4.095219043616239674e+00,1.598399874568969370e+00,6.072319582006143968e+00,4.026395966806182614e+00,1.407461907334824902e-01,6.798303086047759791e+00,7.087094240896725239e-01,4.703516050657894354e+00,3.800679021368065236e-01,3.086268609954527786e+00,7.949919124916212665e-01,6.650951306999049351e+00,8.174262052897705022e-01,4.168490831947917030e+00,2.755353832455837981e-01,1.192653048720530018e+00,7.079718406616851700e-01,5.948291611569774595e+00,7.383969152940181857e+00,4.935813183249804226e-02,5.697915699812613255e+00,6.544473164387311748e+00,1.062897648966160125e-01,4.213697948933954329e-01,4.676037645022634415e+00,6.006926351878552062e-01,1.142190668440935752e+00,3.317652763115152226e+00,4.398957504087532833e+00,6.417574779692213127e+00,5.077193544771009925e+00,7.037130031037452937e+00,4.594693109286266619e+00,1.133881198560252379e+00,3.631085155773170481e-01,6.863586291076251733e+00,5.948300626529256618e+00,5.189330111695150016e+00,1.404504037992536425e+00,5.426765761195692761e+00,1.532475230136468802e+00,7.304893867043730227e-01,5.831887076222088684e-01,1.651909367373080029e-01,4.332296329671216917e+00,2.250462362044141518e+00,7.332532145942043833e+00,4.848074616254333113e-01,5.839497086795416791e+00
1.739553061879412610e+00,2.382119624297013960e+00,4.086229977165375393e-01,5.672669537663296291e-01,9.334588185884700184e-01,7.354376508325103146e+00,4.341332225993101979e+00,2.406458603839568555e-01,6.770433622028670051e+00,5.237755758769935266e-01,2.838874730610603692e+00,5.739671112234457695e+00,6.757531070236962201e+00,9.846058393009460286e-01,7.005290785291995448e-03,3.370422214929075899e+00,2.039594094573323524e+00,1.378019855187370579e+00,1.281245299038344942e+00,3.067897105249146605e-01,6.382111251597122337e-01,7.342766380578935603e-02,2.911206863471473838e-01,4.152314071781756155e+00,7.963494114466934670e-01,3.166074890104030537e+00,3.088165510205980180e-01,8.535950714412393836e+00,4.771483417452626608e-01,1.288958509995525858e+00,4.933392429100403653e+00,4.369448173294522952e+00,6.676541720703259131e+00,7.490966231661600361e+00,1.073791112291375249e+00,5.803204375727813336e+00,4.133105682876729858e+00,5.873795972267376264e+00,3.492131687783286864e+00,6.613360770804410649e-01,1.073959627666028371e+00,8.922560552251209698e-01,2.387929367953567361e+00,1.233806474847404466e+00,5.338439433398006528e+00,6.479540187925294514e-01,7.886838501325748929e+00,7.608384973946813901e+00,4.767389870706281174e-01,2.079761322896832798e+00,4.447770395818197997e+00,5.609083775620605117e+00,2.407465968494065578e+00,5.423084799421515001e+00,2.182141082944786703e+00,5.138731360504946721e+00,2.094524661011692324e+00,6.583251179868341296e+00,8.564880836622760230e-01,2.110774750799268240e+00,1.841231023302890568e+00,2.501169123111803838e-01,1.680934969471756801e-01,1.539327165345912185e+00,7.660978070938053719e-01,1.213243409093847758e+00,6.319317991935621492e+00,5.793703397736253979e-01,7.211072172448363737e+00,5.077439000727924423e+00,2.276714337707677061e-01,7.381451234376134707e+00,3.874820741149755499e+00,1.865270209429190640e+00,9.172346352085392063e-02,1.965206695660328240e+00,2.600791530525171646e-01,6.488870648125530494e+00,4.776843475102078296e-01,8.001183879336107196e+00,5.727177935882891369e+00,2.357194292755931286e+00,3.680320552343582019e+00,2.030715127816897780e-01,1.721019362450193491e+00,3.346085434985545781e+00,1.098414937293412219e+00,5.413412309609773043e-01,7.459044265872274426e-01,2.584649444729130607e+00,6.292128084412942357e+00,6.945361130673136429e+00,3.857893103750489772e+00,1.374969230948079879e+00,1.728313069664152435e-01,5.967570839963940443e+00,8.407237470096736720e-01,5.754643448934514183e+00,7.060129033415639910e+00,3.558372616756220630e+00
5.414884472665054460e+00,5.108351415639024395e+00,5.165091857416477694e+00,5.781340786465088755e+00,6.421265837358308914e+00,7.716626161792990324e+00,2.987117290565222127e-02,6.462628667235962077e+00,7.664494533360761253e+00,3.732714964110229960e+00,5.586330299977820601e+00,7.307302374829692582e+00,6.885051977784436339e+00,1.264238001826286872e+00,6.360284091237888404e+00,1.806184032375047988e+00,1.853889657360030307e+00,1.507020461793170618e+00,5.746210655451013949e+00,7.444390776963297540e+00,2.430845081650727657e+00,5.082649663846940058e+00,5.828655360045388534e+00,3.342647667391623223e+00,9.096871864385475126e-01,4.144832390132904720e+00,5.803642350440195052e+00,5.166506514447686271e+00,4.320447969679578115e+00,6.573735495447624366e+00,3.147918215943473097e+00,7.751257534563942286e+00,2.893525525329768477e+00,1.254992371752271740e+00,8.237287323610473777e+00,1.687382540981155810e+00,5.065952297651241665e+00,1.830444607649926114e+00,3.537475108474650298e+00,3.916302054141573397e+00,5.826870082788581762e+00,7.243393341278348885e+00,6.933650813477688857e+00,3.731682654525696030e+00,8.282956177407889697e+00,6.404148911034869052e+00,5.194530499650271693e+00,5.508417689650786375e-01,2.009438728866530965e+00,6.630099955249127319e+00,6.889906107957636472e+00,1.404778535149400209e+00,7.039129957021059703e-01,1.688101485914157873e+00,3.068225703187771103e+00,6.141367498510891032e+00,5.471953578768193438e+00,4.652270729905183977e+00,3.807463995903621168e+00,5.617775948148862497e+00,1.289396766460821464e+00,4.941188046872996509e+00,2.968809183008218611e+00,8.780049216804535206e+00,3.854796364420520760e+00,6.041784038311697635e+00,1.606161039445712646e+00,4.617953152127881822e+00,5.869030336559259098e+00,6.304656162969538791e+00,5.297081796999730585e+00,7.906368969068122698e-02,1.344755935832436800e-01,5.826102470748172557e+00,5.343334981669984884e+00,4.343760211127198900e+00,4.476112422624978215e+00,1.439186713773350501e-01,3.490874835341046367e+00,2.873015052330367691e-01,5.328690448486470999e+00,4.612697338684975890e+00,5.215926567553898607e+00,3.103912535623301050e-01,2.138164589826274664e-02,5.241601619263377643e+00,8.245652062063557608e-01,6.477048296664525751e+00,4.724883230889890484e+00,7.378450579941244314e+00,4.206904556937365314e-01,3.262933321390261154e-01,4.913421031709619413e-02,1.297348462228945731e+00,6.890475621476506163e+00,5.856761408716993245e+00,6.396000043984434669e+00,1.261171631408481986e+00,3.008209479101197736e+00,7.478437101980192736e+00
1.617700764788401413e+00,8.255576629563616819e-01,1.206465834131464909e-01,1.099124725006692227e+00,4.627985223594204278e-01,4.227939470349812545e+00,4.456439622096205255e+00,5.178495010381462649e+00,6.599770306568705891e+00,2.136786122662163834e+00,2.490232780256095957e+00,3.946682901027304124e-01,5.911291486286973651e-02,6.570955119627730490e+00,7.786789963072188181e-01,8.869396367780074675e-01,5.820226678792332464e+00,5.073178521187577950e-01,3.485186002336409850e+00,4.914979793163348987e+00,2.002043643786111993e+00,4.880713028887452509e+00,7.151637875522769860e+00,2.759498045605926819e+00,5.540995123532738376e+00,2.512745994001102545e+00,1.109600820340415073e+00,4.311419521028684088e+00,3.310955097765607480e+00,1.301740050366193779e+00,5.935055203565571702e+00,1.106713689472751394e+00,4.165394827551915924e+00,1.748362849078819004e+00,1.191646696175580722e+00,6.426598297014981753e+00,8.028699620764913059e-01,7.666200884017345452e+00,5.039004958343213936e+00,1.157300351506512337e+00,5.284662474469499216e-01,1.393820814288909915e+00,5.411180757129004926e-01,5.075147236781772264e+00,5.457840867094462256e-01,8.985906879233960254e+00,3.049926606092556725e-01,5.405881601680632365e+00,4.061293271379918579e+00,1.075641687966830462e+00,2.245385607637961023e+00,5.883742924018713349e-01,6.059113243062916876e-01,5.328920338472611817e+00,8.311555660621078312e-01,1.870029799598258213e+00,2.383389279123892646e+00,1.375047874168862094e+00,3.417118342648357121e+00,5.154482804647436467e+00,1.257865889923363456e+00,1.183025228701191978e+00,2.021451922156428438e+00,7.874447717686474668e-01,4.251024371741724650e+00,3.119988952219176159e+00,4.839667237078415063e+00,1.998052637233926898e+00,1.865185330793134977e+00,7.185325279250531771e-03,2.199692155474100907e+00,1.273216242778168139e+00,4.825221560438519575e+00,4.659667210406936988e-01,5.038469489462557682e+00,6.913338320824773398e+00,5.204004044384355154e+00,2.624586624418325798e+00,2.040650069025073954e-02,8.175031606929053396e+00,6.716218888305443002e+00,6.460008833656623928e+00,3.936739698593830106e+00,1.611958903052942871e+00,5.262280475321913009e+00,2.445652629149801971e+00,2.071585550382627261e+00,2.619151100888196027e+00,1.565371447188858012e+00,2.899979748572977245e-01,7.886928905300391257e+00,5.595313111671601725e+00,8.144459453901813362e-01,8.008091930283143256e+00,7.067789211860428189e+00,4.437534718012197565e+00,5.808215491216585313e+00,6.050633001782644627e+00,4.072094008148909872e+00,3.610095574535487906e-01
6.115021358100535487e+00,3.815447629317640921e-01,3.759579213476891724e+00,3.085306979158234597e+00,4.004205973033860388e+00,4.764453652025784081e-01,2.200223323628522021e+00,4.132782072430346787e+00,5.044314985368087978e-01,4.306353291345333290e+00,4.368099818979464644e+00,7.030263711222304757e+00,1.036970268110738891e+00,4.240099594218673218e+00,3.423711261021138430e+00,4.867071788106892782e+00,5.858401411210893528e+00,1.186403443669617808e+00,4.023645607602651664e-01,1.429971363335150958e+00,4.167721630448749437e+00,6.807964390938168187e-01,3.522265067994075682e+00,1.294226343304210713e+00,7.105111329438197565e+00,7.115811257982352700e+00,3.124718454945248247e+00,6.157534715853172358e+00,6.611775217783886660e+00,1.910962111253309281e-01,8.458467688018721731e+00,4.846281449285500642e+00,6.034815240885611942e+00,5.121427611798439195e+00,6.990899301524942544e+00,4.313881844179521252e+00,3.436149346161537999e+00,1.453853829752492555e+00,6.474913160340126872e+00,1.312953504943090488e+00,2.891374699237243107e+00,5.802231782954834216e+00,9.365474998425487030e-01,7.649669054195095796e+00,4.275868611989966261e+00,6.321045584908723258e-01,5.665035532248303696e+00,3.084753141941068977e-01,1.179704762387005168e+00,3.552460234177338139e-01,6.756997139140388242e+00,5.640112912385914612e+00,5.497852019899712062e+00,2.335238634033077965e+00,6.996906420123680803e+00,5.899873046496307616e+00,2.428586505377658078e+00,5.337353858801554551e-01,6.780497808363824319e+00,7.458012604188581918e-01,6.584509352170544894e+00,3.491712702823097203e+00,4.741113561273879284e+00,2.318279707405473955e-01,4.311594099416875991e+00,1.631532435198128628e+00,6.578278894908779151e+00,4.315991208192688333e+00,1.071095710627292696e+00,6.369184892781034613e+00,8.997466372227465037e-01,7.618543140974102457e+00,6.177924468622634002e+00,3.059303013859001608e-01,5.396032956602116570e+00,6.812278926557311820e+00,6.297971830597279386e+00,2.918693352439931665e+00,5.306248739227104494e+00,4.798764878183488847e+00,5.494112670481693383e-01,4.086077066983071049e+00,1.050126688622360138e+00,5.079035425962029393e+00,5.429343231288895844e+00,3.082355492150604892e+00,4.773644031680708277e-01,4.171396744887729824e-01,8.537682244228326667e+00,5.003267142044636628e+00,2.287272555159119314e+00,8.784543314386044077e-01,6.320783960576093818e+00,5.558590730592028351e+00,2.934369456680490984e+00,2.434629702804604889e+00,2.338510963056488201e+00,4.647712891339518260e-01,1.322805894768940060e+00,7.080285576058483743e-01
5.140878920312551337e+00,4.342268732854825508e+00,1.560894302585932536e+00,3.271346617858404304e+00,5.558465677002250693e+00,4.962714221998111519e+00,5.291722046365880949e+00,6.131562840302007267e+00,5.919747841627704954e-01,4.364070814032343648e+00,5.504959615552714070e+00,3.067322979336443378e+00,1.265127554236008312e+00,1.895708155278536644e+00,4.535711419912549225e+00,8.022757022699970264e+00,1.254005786852123716e-01,1.198366449927646737e+00,1.170026497868485116e+00,9.396117794650317379e+00,6.704050002894751614e+00,3.154759219665312919e+00,1.097632884296120048e+00,3.510327796455872118e+00,6.544236982251309342e+00,2.228616744150022644e-01,9.434031606763223721e+00,1.980443950232182448e-01,7.388638341881570426e+00,6.315300529344523461e+00,6.250072728397563893e+00,4.191179556869905731e+00,7.447270663889619335e+00,7.480738642131562699e+00,1.804401618017341669e-01,5.925836864159880868e+00,7.279491178071605617e+00,5.434152285886184153e+00,2.353251798946327078e+00,7.119361381003249667e-01,4.653577345518034036e+00,6.841074360459231229e+00,6.270098158051000681e+00,4.346812054969660943e-01,5.387303547151098826e+00,6.586829170201280448e-02,7.858998524336632485e+00,5.484394550747898833e+00,5.032952902595642541e+00,6.078515473645235367e+00,3.861861849573309691e+00,3.721470360918484044e-01,4.884702939894728146e+00,3.458183303680138376e+00,6.871402370073908195e+00,5.266793275495039950e+00,7.042963167218898590e+00,8.250982240120908529e+00,4.258986206519452367e+00,8.108533250348141763e+00,8.073617176600709655e+00,5.564544234344364959e+00,5.299262622387591826e+00,8.340149847680216055e+00,1.119374003034754317e+00,5.894281416577394239e+00,4.385477717639645334e+00,1.679352681457836560e+00,6.921719419394545270e+00,3.305257960441121412e-02,4.509653887619715640e+00,3.807676914124813017e+00,3.418489556251801176e+00,6.967172651539601524e+00,5.737087441421366840e-01,4.476800350636287007e+00,4.209895259601354134e+00,5.790529866030365902e+00,3.106060346399489802e+00,4.134324514439134290e+00,4.360539876143447735e-01,8.064453292084793334e-01,4.087409240419237477e-02,5.713444421018095021e+00,9.332510628732314517e-01,9.314449542413462124e-01,5.033691997648849004e+00,2.037465474264654741e-02,6.563564017772636205e-01,1.129148057305747521e+00,5.521499018664458802e+00,2.446836237630862776e+00,5.567061899875957565e+00,7.189625941041475343e-01,4.470039154036378193e+00,1.461694093790267823e+00,6.184023382818150338e+00,7.211561201445827685e+00,1.597010207092973033e+00,1.756288685384244097e-03
6.967346508625735346e+00,4.832496464841625539e+00,4.601570031756699208e+00,7.119586003912299788e+00,7.555478835758026257e+00,5.901795008454209235e-01,1.355691955927842640e+00,4.933154649781777756e+00,8.316505477029454418e-01,7.594238280022336252e-01,3.783089790432364374e+00,6.694719802408444664e+00,4.325756673765574156e+00,5.045372259188058095e+00,6.503571294620846821e+00,1.469094541073754145e+00,6.286474817274246618e+00,6.360716402671287462e+00,6.338375480716775812e+00,5.249796995111199571e+00,6.773712037262134000e-01,5.631244255245454688e+00,1.767410522851120547e+00,3.437133563550878179e+00,7.808128078132965388e-01,7.605255757014678153e+00,1.521282542719688990e+00,6.438328331034827379e+00,2.376235242392422897e+00,5.049916980842450442e-03,4.287570725133790006e+00,5.013572932798468607e+00,4.382166031150156460e-01,6.968680631213146626e+00,6.516723648123960544e+00,7.207655993371355763e-01,5.489107912541304479e-01,6.530757665353878139e+00,1.014763540174416168e+00,6.047733488072719155e+00,1.248699934947155032e+00,6.454174782765409901e+00,5.033977898444299548e+00,6.467865825648702938e+00,1.695963065004764347e+00,5.041056952629241472e+00,4.334270117981277259e+00,7.753049632647468492e-02,5.736114249662862541e+00,7.322863298887088312e+00,7.171410534772602041e-01,4.997810539879711911e+00,1.248374022747005041e+00,6.719828725620750731e+00,1.857808582190302982e+00,6.330201550855456549e-01,7.002430768588967069e+00,6.656454813621912603e-01,6.766901107564522455e+00,3.725827279039755524e+00,5.229381372633559177e-01,6.002130705449412185e-01,4.286535391017083363e+00,5.218213178899498317e+00,1.784315506719076128e+00,6.780483166332175848e+00,5.735027492923673087e+00,6.593116015189590673e-01,5.657913601449142682e+00,3.410358724193770286e+00,1.304903968445867202e+00,6.603014374080938609e+00,2.637976708146493543e+00,6.875892277293957910e-01,1.887154804080570791e+00,6.043361197889540737e-01,7.444162283937085789e+00,6.019491140743205015e-02,6.313289078527144049e+00,6.988514879642001354e+00,4.919704353647185613e+00,6.187496931155205715e+00,1.434713934201461205e+00,2.218283045058352165e+00,1.057920676127156767e+01,9.476945509348237984e-01,1.479307476320782522e+00,5.285889199423328577e+00,6.235764540718260029e+00,6.661831682516885511e-01,4.093272028738166313e+00,7.833933705735753428e+00,6.149074954993935194e+00,6.956473499635493773e+00,1.897221940862525491e+00,8.199928958620303909e-01,4.067548751792146033e-01,6.134854465757173081e+00,3.628749266667076867e+00,3.146291807032958410e+00
